2026-01-31 19:48:40,305 - freqtrade.loggers - INFO - Enabling colorized output.
2026-01-31 19:48:40,306 - freqtrade.loggers - INFO - Logfile configured
2026-01-31 19:48:40,306 - freqtrade.loggers - INFO - Verbosity set to 0
2026-01-31 19:48:40,307 - freqtrade.configuration.configuration - INFO - Runmode set to dry_run.
2026-01-31 19:48:40,307 - freqtrade.configuration.configuration - INFO - Parameter --db-url detected ...
2026-01-31 19:48:40,308 - freqtrade.configuration.configuration - INFO - Dry run is enabled
2026-01-31 19:48:40,308 - freqtrade.configuration.configuration - INFO - Using DB: "sqlite:////freqtrade/user_data/tradesv3.sqlite"
2026-01-31 19:48:40,309 - freqtrade.configuration.configuration - INFO - Using max_open_trades: 3 ...
2026-01-31 19:48:40,350 - freqtrade.configuration.configuration - INFO - Using user-data directory: /freqtrade/user_data ...
2026-01-31 19:48:40,351 - freqtrade.configuration.directory_operations - INFO - Created data directory: None
2026-01-31 19:48:40,351 - freqtrade.configuration.configuration - INFO - Using data directory: /freqtrade/user_data/data/binance ...
2026-01-31 19:48:40,352 - freqtrade.exchange.check_exchange - INFO - Checking exchange...
2026-01-31 19:48:40,370 - freqtrade.exchange.check_exchange - INFO - Exchange "binance" is officially supported by the Freqtrade development team.
2026-01-31 19:48:40,371 - freqtrade.configuration.configuration - INFO - Using pairlist from configuration.
2026-01-31 19:48:40,372 - freqtrade.exchange.exchange - INFO - Instance is running with dry_run enabled
2026-01-31 19:48:40,373 - freqtrade.exchange.exchange - INFO - Using CCXT 4.5.34
2026-01-31 19:48:40,406 - freqtrade.exchange.exchange - INFO - Using Exchange "Binance"
2026-01-31 19:48:44,552 - freqtrade.resolvers.exchange_resolver - INFO - Using resolved exchange 'Binance'...
2026-01-31 19:48:44,651 - freqtrade.resolvers.iresolver - INFO - Using resolved strategy SampleStrategy from '/freqtrade/user_data/strategies/sample_strategy.py'...
2026-01-31 19:48:44,652 - freqtrade.strategy.hyper - INFO - Found no parameter file.
2026-01-31 19:48:44,653 - freqtrade.resolvers.strategy_resolver - INFO - Override strategy 'stake_currency' with value from the configuration: USDT.
2026-01-31 19:48:44,653 - freqtrade.resolvers.strategy_resolver - INFO - Override strategy 'stake_amount' with value from the configuration: unlimited.
2026-01-31 19:48:44,654 - freqtrade.resolvers.strategy_resolver - INFO - Override strategy 'unfilledtimeout' with value from the configuration: {'entry': 10, 'exit': 10, 'exit_timeout_count': 0, 'unit': 'minutes'}.
2026-01-31 19:48:44,654 - freqtrade.resolvers.strategy_resolver - INFO - Override strategy 'max_open_trades' with value from the configuration: 3.
2026-01-31 19:48:44,655 - freqtrade.resolvers.strategy_resolver - INFO - Strategy using minimal_roi: {'60': 0.01, '30': 0.02, '0': 0.04}
2026-01-31 19:48:44,655 - freqtrade.resolvers.strategy_resolver - INFO - Strategy using timeframe: 5m
2026-01-31 19:48:44,656 - freqtrade.resolvers.strategy_resolver - INFO - Strategy using stoploss: -0.1
2026-01-31 19:48:44,656 - freqtrade.resolvers.strategy_resolver - INFO - Strategy using trailing_stop: False
2026-01-31 19:48:44,656 - freqtrade.resolvers.strategy_resolver - INFO - Strategy using trailing_stop_positive_offset: 0.0
2026-01-31 19:48:44,657 - freqtrade.resolvers.strategy_resolver - INFO - Strategy using trailing_only_offset_is_reached: False
2026-01-31 19:48:44,657 - freqtrade.resolvers.strategy_resolver - INFO - Strategy using use_custom_stoploss: False
2026-01-31 19:48:44,657 - freqtrade.resolvers.strategy_resolver - INFO - Strategy using process_only_new_candles: True
2026-01-31 19:48:44,658 - freqtrade.resolvers.strategy_resolver - INFO - Strategy using order_types: {'entry': 'limit', 'exit': 'limit', 'stoploss': 'market', 'stoploss_on_exchange': False}
2026-01-31 19:48:44,658 - freqtrade.resolvers.strategy_resolver - INFO - Strategy using order_time_in_force: {'entry': 'GTC', 'exit': 'GTC'}
2026-01-31 19:48:44,658 - freqtrade.resolvers.strategy_resolver - INFO - Strategy using stake_currency: USDT
2026-01-31 19:48:44,659 - freqtrade.resolvers.strategy_resolver - INFO - Strategy using stake_amount: unlimited
2026-01-31 19:48:44,659 - freqtrade.resolvers.strategy_resolver - INFO - Strategy using startup_candle_count: 200
2026-01-31 19:48:44,659 - freqtrade.resolvers.strategy_resolver - INFO - Strategy using unfilledtimeout: {'entry': 10, 'exit': 10, 'exit_timeout_count': 0, 'unit': 'minutes'}
2026-01-31 19:48:44,660 - freqtrade.resolvers.strategy_resolver - INFO - Strategy using use_exit_signal: True
2026-01-31 19:48:44,660 - freqtrade.resolvers.strategy_resolver - INFO - Strategy using exit_profit_only: False
2026-01-31 19:48:44,660 - freqtrade.resolvers.strategy_resolver - INFO - Strategy using ignore_roi_if_entry_signal: False
2026-01-31 19:48:44,661 - freqtrade.resolvers.strategy_resolver - INFO - Strategy using exit_profit_offset: 0.0
2026-01-31 19:48:44,661 - freqtrade.resolvers.strategy_resolver - INFO - Strategy using disable_dataframe_checks: False
2026-01-31 19:48:44,661 - freqtrade.resolvers.strategy_resolver - INFO - Strategy using ignore_buying_expired_candle_after: 0
2026-01-31 19:48:44,663 - freqtrade.resolvers.strategy_resolver - INFO - Strategy using position_adjustment_enable: False
2026-01-31 19:48:44,664 - freqtrade.resolvers.strategy_resolver - INFO - Strategy using max_entry_position_adjustment: -1
2026-01-31 19:48:44,664 - freqtrade.resolvers.strategy_resolver - INFO - Strategy using max_open_trades: 3
2026-01-31 19:48:44,665 - freqtrade.configuration.config_validation - INFO - Validating configuration ...
2026-01-31 19:48:44,744 - freqtrade.wallets - INFO - Wallets synced.
2026-01-31 19:48:44,952 - freqtrade.rpc.rpc_manager - INFO - Enabling rpc.api_server
2026-01-31 19:48:45,171 - freqtrade.rpc.api_server.webserver - INFO - Starting HTTP Server at 0.0.0.0:8080
2026-01-31 19:48:45,172 - freqtrade.rpc.api_server.webserver - INFO - Starting Local Rest Server.
2026-01-31 19:48:45,231 - uvicorn.error - INFO - Started server process [1]
2026-01-31 19:48:45,232 - uvicorn.error - INFO - Waiting for application startup.
2026-01-31 19:48:45,234 - uvicorn.error - INFO - Application startup complete.
2026-01-31 19:48:45,235 - uvicorn.error - INFO - Uvicorn running on http://0.0.0.0:8080 (Press CTRL+C to quit)
2026-01-31 19:48:45,248 - freqtrade.resolvers.iresolver - INFO - Using resolved pairlist VolumePairList from '/freqtrade/freqtrade/plugins/pairlist/VolumePairList.py'...
2026-01-31 19:48:45,248 - freqtrade.freqtradebot - INFO - Starting initial pairlist refresh
2026-01-31 19:48:46,282 - VolumePairList - INFO - Pair BNB/USDT in your blacklist. Removing it from whitelist...
2026-01-31 19:48:46,318 - freqtrade.plugins.pairlistmanager - INFO - Whitelist with 20 pairs: ['BTC/USDT', 'ETH/USDT', 'USDC/USDT', 'SOL/USDT', 'XRP/USDT', 'USD1/USDT', 'DOGE/USDT', 'SENT/USDT', 'SUI/USDT', 'PAXG/USDT', 'FDUSD/USDT', 'ADA/USDT', 'ZEC/USDT', 'LINK/USDT', 'AVAX/USDT', 'TRX/USDT', 'LTC/USDT', 'PEPE/USDT', 'ASTER/USDT', 'ENA/USDT']
2026-01-31 19:48:46,319 - freqtrade.freqtradebot - INFO - Initial Pairlist refresh took 1.07s
2026-01-31 19:48:46,321 - freqtrade.strategy.hyper - INFO - No params for buy found, using default values.
2026-01-31 19:48:46,321 - freqtrade.strategy.hyper - INFO - Strategy Parameter(default): buy_rsi = 30
2026-01-31 19:48:46,322 - freqtrade.strategy.hyper - INFO - No params for exit found, using default values.
2026-01-31 19:48:46,322 - freqtrade.strategy.hyper - INFO - Strategy Parameter(default): exit_short_rsi = 30
2026-01-31 19:48:46,322 - freqtrade.strategy.hyper - INFO - No params for sell found, using default values.
2026-01-31 19:48:46,322 - freqtrade.strategy.hyper - INFO - Strategy Parameter(default): sell_rsi = 70
2026-01-31 19:48:46,323 - freqtrade.strategy.hyper - INFO - Strategy Parameter(default): short_rsi = 70
2026-01-31 19:48:46,323 - freqtrade.plugins.protectionmanager - INFO - No protection Handlers defined.
2026-01-31 19:48:46,323 - freqtrade.rpc.rpc_manager - INFO - Sending rpc message: {'type': status, 'status': 'running'}
2026-01-31 19:48:46,324 - freqtrade.worker - INFO - Changing state to: RUNNING
2026-01-31 19:48:46,345 - freqtrade.rpc.rpc_manager - INFO - Sending rpc message: {'type': warning, 'status': 'Dry run is enabled. All trades are simulated.'}
2026-01-31 19:48:46,345 - freqtrade.rpc.rpc_manager - INFO - Sending rpc message: {'type': startup, 'status': "*Exchange:* `binance`\n*Stake per trade:* `unlimited USDT`\n*Minimum ROI:* `{'60': 0.01, '30': 0.02, '0': 0.04}`\n*Stoploss:* `-0.1`\n*Position adjustment:* `Off`\n*Timeframe:* `5m`\n*Strategy:* `SampleStrategy`"}
2026-01-31 19:48:46,347 - freqtrade.rpc.rpc_manager - INFO - Sending rpc message: {'type': startup, 'status': "Searching for USDT pairs to buy and sell based on [{'VolumePairList': 'VolumePairList - top 20 volume pairs.'}]"}
2026-01-31 19:48:51,351 - freqtrade.worker - INFO - Bot heartbeat. PID=1, version='2026.1', state='RUNNING'
2026-01-31 19:49:51,374 - freqtrade.worker - INFO - Bot heartbeat. PID=1, version='2026.1', state='RUNNING'
2026-01-31 19:50:56,019 - freqtrade.worker - INFO - Bot heartbeat. PID=1, version='2026.1', state='RUNNING'
2026-01-31 19:51:56,047 - freqtrade.worker - INFO - Bot heartbeat. PID=1, version='2026.1', state='RUNNING'
2026-01-31 19:52:56,077 - freqtrade.worker - INFO - Bot heartbeat. PID=1, version='2026.1', state='RUNNING'
2026-01-31 19:53:56,113 - freqtrade.worker - INFO - Bot heartbeat. PID=1, version='2026.1', state='RUNNING'
2026-01-31 19:54:56,131 - freqtrade.worker - INFO - Bot heartbeat. PID=1, version='2026.1', state='RUNNING'
2026-01-31 19:56:01,047 - freqtrade.worker - INFO - Bot heartbeat. PID=1, version='2026.1', state='RUNNING'
2026-01-31 19:57:01,076 - freqtrade.worker - INFO - Bot heartbeat. PID=1, version='2026.1', state='RUNNING'
2026-01-31 19:58:01,102 - freqtrade.worker - INFO - Bot heartbeat. PID=1, version='2026.1', state='RUNNING'
2026-01-31 19:59:01,133 - freqtrade.worker - INFO - Bot heartbeat. PID=1, version='2026.1', state='RUNNING'
2026-01-31 20:00:06,004 - freqtrade.worker - INFO - Bot heartbeat. PID=1, version='2026.1', state='RUNNING'
2026-01-31 20:01:06,027 - freqtrade.worker - INFO - Bot heartbeat. PID=1, version='2026.1', state='RUNNING'
2026-01-31 20:02:06,058 - freqtrade.worker - INFO - Bot heartbeat. PID=1, version='2026.1', state='RUNNING'
2026-01-31 20:03:06,100 - freqtrade.worker - INFO - Bot heartbeat. PID=1, version='2026.1', state='RUNNING'
2026-01-31 20:03:39,829 - uvicorn.error - INFO - 172.18.0.1:57358 - "WebSocket /api/v1/message/ws?token=eyJhbGciOiJIUzI1NiIsInR5cCI6IkpXVCJ9.eyJpZGVudGl0eSI6eyJ1IjoiZnJlcXRyYWRlciJ9LCJleHAiOjE3Njk4OTA3MTksImlhdCI6MTc2OTg4OTgxOSwidHlwZSI6ImFjY2VzcyJ9.BTJD0RXJ1NPtv0Uz6FzwGR3a_UO_TqVYdSyG7v2hRIQ" [accepted]
2026-01-31 20:03:39,854 - freqtrade.rpc.api_server.ws.channel - INFO - Connected to channel - WebSocketChannel(3b81a870, ('172.18.0.1', 57358))
2026-01-31 20:03:39,879 - uvicorn.error - INFO - connection open
2026-01-31 20:04:06,146 - freqtrade.worker - INFO - Bot heartbeat. PID=1, version='2026.1', state='RUNNING'
2026-01-31 20:05:11,006 - freqtrade.worker - INFO - Bot heartbeat. PID=1, version='2026.1', state='RUNNING'
2026-01-31 20:06:11,031 - freqtrade.worker - INFO - Bot heartbeat. PID=1, version='2026.1', state='RUNNING'
2026-01-31 20:07:11,049 - freqtrade.worker - INFO - Bot heartbeat. PID=1, version='2026.1', state='RUNNING'
2026-01-31 20:08:11,074 - freqtrade.worker - INFO - Bot heartbeat. PID=1, version='2026.1', state='RUNNING'
2026-01-31 20:09:11,099 - freqtrade.worker - INFO - Bot heartbeat. PID=1, version='2026.1', state='RUNNING'
2026-01-31 20:10:16,009 - freqtrade.worker - INFO - Bot heartbeat. PID=1, version='2026.1', state='RUNNING'
2026-01-31 20:11:16,028 - freqtrade.worker - INFO - Bot heartbeat. PID=1, version='2026.1', state='RUNNING'
2026-01-31 20:12:16,051 - freqtrade.worker - INFO - Bot heartbeat. PID=1, version='2026.1', state='RUNNING'
2026-01-31 20:13:16,076 - freqtrade.worker - INFO - Bot heartbeat. PID=1, version='2026.1', state='RUNNING'
2026-01-31 20:14:16,103 - freqtrade.worker - INFO - Bot heartbeat. PID=1, version='2026.1', state='RUNNING'
2026-01-31 20:15:21,011 - freqtrade.worker - INFO - Bot heartbeat. PID=1, version='2026.1', state='RUNNING'
2026-01-31 20:16:21,031 - freqtrade.worker - INFO - Bot heartbeat. PID=1, version='2026.1', state='RUNNING'
2026-01-31 20:17:21,056 - freqtrade.worker - INFO - Bot heartbeat. PID=1, version='2026.1', state='RUNNING'
2026-01-31 20:18:21,099 - freqtrade.worker - INFO - Bot heartbeat. PID=1, version='2026.1', state='RUNNING'
2026-01-31 20:18:52,513 - freqtrade.plugins.pairlistmanager - INFO - Whitelist with 20 pairs: ['BTC/USDT', 'ETH/USDT', 'USDC/USDT', 'SOL/USDT', 'XRP/USDT', 'USD1/USDT', 'DOGE/USDT', 'SENT/USDT', 'SUI/USDT', 'FDUSD/USDT', 'PAXG/USDT', 'ADA/USDT', 'ZEC/USDT', 'LINK/USDT', 'AVAX/USDT', 'LTC/USDT', 'TRX/USDT', 'PEPE/USDT', 'ASTER/USDT', 'ENA/USDT']
2026-01-31 20:19:21,118 - freqtrade.worker - INFO - Bot heartbeat. PID=1, version='2026.1', state='RUNNING'
2026-01-31 20:20:26,007 - freqtrade.worker - INFO - Bot heartbeat. PID=1, version='2026.1', state='RUNNING'
2026-01-31 20:21:26,030 - freqtrade.worker - INFO - Bot heartbeat. PID=1, version='2026.1', state='RUNNING'
2026-01-31 20:22:26,058 - freqtrade.worker - INFO - Bot heartbeat. PID=1, version='2026.1', state='RUNNING'
2026-01-31 20:23:26,080 - freqtrade.worker - INFO - Bot heartbeat. PID=1, version='2026.1', state='RUNNING'
2026-01-31 20:24:26,107 - freqtrade.worker - INFO - Bot heartbeat. PID=1, version='2026.1', state='RUNNING'
2026-01-31 20:25:31,018 - freqtrade.worker - INFO - Bot heartbeat. PID=1, version='2026.1', state='RUNNING'
2026-01-31 20:26:31,040 - freqtrade.worker - INFO - Bot heartbeat. PID=1, version='2026.1', state='RUNNING'
2026-01-31 20:27:31,072 - freqtrade.worker - INFO - Bot heartbeat. PID=1, version='2026.1', state='RUNNING'
2026-01-31 20:28:31,095 - freqtrade.worker - INFO - Bot heartbeat. PID=1, version='2026.1', state='RUNNING'
2026-01-31 20:29:31,122 - freqtrade.worker - INFO - Bot heartbeat. PID=1, version='2026.1', state='RUNNING'
2026-01-31 20:30:36,009 - freqtrade.worker - INFO - Bot heartbeat. PID=1, version='2026.1', state='RUNNING'
2026-01-31 20:31:36,031 - freqtrade.worker - INFO - Bot heartbeat. PID=1, version='2026.1', state='RUNNING'
2026-01-31 20:32:36,051 - freqtrade.worker - INFO - Bot heartbeat. PID=1, version='2026.1', state='RUNNING'
2026-01-31 20:33:36,072 - freqtrade.worker - INFO - Bot heartbeat. PID=1, version='2026.1', state='RUNNING'
2026-01-31 20:34:36,091 - freqtrade.worker - INFO - Bot heartbeat. PID=1, version='2026.1', state='RUNNING'
2026-01-31 20:35:41,009 - freqtrade.worker - INFO - Bot heartbeat. PID=1, version='2026.1', state='RUNNING'
2026-01-31 20:36:41,035 - freqtrade.worker - INFO - Bot heartbeat. PID=1, version='2026.1', state='RUNNING'
2026-01-31 20:37:41,066 - freqtrade.worker - INFO - Bot heartbeat. PID=1, version='2026.1', state='RUNNING'
2026-01-31 20:38:41,094 - freqtrade.worker - INFO - Bot heartbeat. PID=1, version='2026.1', state='RUNNING'
2026-01-31 20:39:41,115 - freqtrade.worker - INFO - Bot heartbeat. PID=1, version='2026.1', state='RUNNING'
2026-01-31 20:40:46,018 - freqtrade.worker - INFO - Bot heartbeat. PID=1, version='2026.1', state='RUNNING'
2026-01-31 20:41:46,050 - freqtrade.worker - INFO - Bot heartbeat. PID=1, version='2026.1', state='RUNNING'
2026-01-31 20:42:46,088 - freqtrade.worker - INFO - Bot heartbeat. PID=1, version='2026.1', state='RUNNING'
2026-01-31 20:43:46,113 - freqtrade.worker - INFO - Bot heartbeat. PID=1, version='2026.1', state='RUNNING'
2026-01-31 20:44:46,140 - freqtrade.worker - INFO - Bot heartbeat. PID=1, version='2026.1', state='RUNNING'
2026-01-31 20:45:51,016 - freqtrade.worker - INFO - Bot heartbeat. PID=1, version='2026.1', state='RUNNING'
2026-01-31 20:46:51,037 - freqtrade.worker - INFO - Bot heartbeat. PID=1, version='2026.1', state='RUNNING'
2026-01-31 20:47:51,065 - freqtrade.worker - INFO - Bot heartbeat. PID=1, version='2026.1', state='RUNNING'
2026-01-31 20:48:51,089 - freqtrade.worker - INFO - Bot heartbeat. PID=1, version='2026.1', state='RUNNING'
2026-01-31 20:48:57,436 - VolumePairList - INFO - Pair BNB/USDT in your blacklist. Removing it from whitelist...
2026-01-31 20:49:51,120 - freqtrade.worker - INFO - Bot heartbeat. PID=1, version='2026.1', state='RUNNING'
2026-01-31 20:50:56,018 - freqtrade.worker - INFO - Bot heartbeat. PID=1, version='2026.1', state='RUNNING'
2026-01-31 20:51:56,054 - freqtrade.worker - INFO - Bot heartbeat. PID=1, version='2026.1', state='RUNNING'
2026-01-31 20:52:56,078 - freqtrade.worker - INFO - Bot heartbeat. PID=1, version='2026.1', state='RUNNING'
2026-01-31 20:53:56,103 - freqtrade.worker - INFO - Bot heartbeat. PID=1, version='2026.1', state='RUNNING'
2026-01-31 20:54:56,126 - freqtrade.worker - INFO - Bot heartbeat. PID=1, version='2026.1', state='RUNNING'
2026-01-31 20:56:01,019 - freqtrade.worker - INFO - Bot heartbeat. PID=1, version='2026.1', state='RUNNING'
2026-01-31 20:57:01,054 - freqtrade.worker - INFO - Bot heartbeat. PID=1, version='2026.1', state='RUNNING'
2026-01-31 20:58:01,082 - freqtrade.worker - INFO - Bot heartbeat. PID=1, version='2026.1', state='RUNNING'
2026-01-31 20:59:01,106 - freqtrade.worker - INFO - Bot heartbeat. PID=1, version='2026.1', state='RUNNING'
2026-01-31 21:00:06,003 - freqtrade.worker - INFO - Bot heartbeat. PID=1, version='2026.1', state='RUNNING'
2026-01-31 21:01:06,032 - freqtrade.worker - INFO - Bot heartbeat. PID=1, version='2026.1', state='RUNNING'
2026-01-31 21:02:06,062 - freqtrade.worker - INFO - Bot heartbeat. PID=1, version='2026.1', state='RUNNING'
2026-01-31 21:03:06,094 - freqtrade.worker - INFO - Bot heartbeat. PID=1, version='2026.1', state='RUNNING'
2026-01-31 21:04:06,111 - freqtrade.worker - INFO - Bot heartbeat. PID=1, version='2026.1', state='RUNNING'
2026-01-31 21:05:11,005 - freqtrade.worker - INFO - Bot heartbeat. PID=1, version='2026.1', state='RUNNING'
2026-01-31 21:06:11,033 - freqtrade.worker - INFO - Bot heartbeat. PID=1, version='2026.1', state='RUNNING'
2026-01-31 21:07:11,060 - freqtrade.worker - INFO - Bot heartbeat. PID=1, version='2026.1', state='RUNNING'
2026-01-31 21:08:11,087 - freqtrade.worker - INFO - Bot heartbeat. PID=1, version='2026.1', state='RUNNING'
2026-01-31 21:09:11,115 - freqtrade.worker - INFO - Bot heartbeat. PID=1, version='2026.1', state='RUNNING'
2026-01-31 21:10:16,003 - freqtrade.worker - INFO - Bot heartbeat. PID=1, version='2026.1', state='RUNNING'
2026-01-31 21:11:16,022 - freqtrade.worker - INFO - Bot heartbeat. PID=1, version='2026.1', state='RUNNING'
2026-01-31 21:12:16,049 - freqtrade.worker - INFO - Bot heartbeat. PID=1, version='2026.1', state='RUNNING'
2026-01-31 21:13:16,070 - freqtrade.worker - INFO - Bot heartbeat. PID=1, version='2026.1', state='RUNNING'
2026-01-31 21:14:16,092 - freqtrade.worker - INFO - Bot heartbeat. PID=1, version='2026.1', state='RUNNING'
2026-01-31 21:15:21,007 - freqtrade.worker - INFO - Bot heartbeat. PID=1, version='2026.1', state='RUNNING'
2026-01-31 21:16:21,032 - freqtrade.worker - INFO - Bot heartbeat. PID=1, version='2026.1', state='RUNNING'
2026-01-31 21:17:21,075 - freqtrade.worker - INFO - Bot heartbeat. PID=1, version='2026.1', state='RUNNING'
2026-01-31 21:18:21,097 - freqtrade.worker - INFO - Bot heartbeat. PID=1, version='2026.1', state='RUNNING'
2026-01-31 21:18:56,135 - freqtrade.plugins.pairlistmanager - INFO - Whitelist with 20 pairs: ['BTC/USDT', 'ETH/USDT', 'USDC/USDT', 'SOL/USDT', 'XRP/USDT', 'USD1/USDT', 'DOGE/USDT', 'SENT/USDT', 'SUI/USDT', 'FDUSD/USDT', 'PAXG/USDT', 'ADA/USDT', 'ZEC/USDT', 'LINK/USDT', 'AVAX/USDT', 'LTC/USDT', 'TRX/USDT', 'PEPE/USDT', 'ASTER/USDT', 'ENA/USDT']
2026-01-31 21:19:21,127 - freqtrade.worker - INFO - Bot heartbeat. PID=1, version='2026.1', state='RUNNING'
2026-01-31 21:20:26,006 - freqtrade.worker - INFO - Bot heartbeat. PID=1, version='2026.1', state='RUNNING'
2026-01-31 21:21:26,038 - freqtrade.worker - INFO - Bot heartbeat. PID=1, version='2026.1', state='RUNNING'
2026-01-31 21:22:26,069 - freqtrade.worker - INFO - Bot heartbeat. PID=1, version='2026.1', state='RUNNING'
2026-01-31 21:23:26,094 - freqtrade.worker - INFO - Bot heartbeat. PID=1, version='2026.1', state='RUNNING'
2026-01-31 21:24:26,136 - freqtrade.worker - INFO - Bot heartbeat. PID=1, version='2026.1', state='RUNNING'
2026-01-31 21:25:31,012 - freqtrade.worker - INFO - Bot heartbeat. PID=1, version='2026.1', state='RUNNING'
2026-01-31 21:26:31,048 - freqtrade.worker - INFO - Bot heartbeat. PID=1, version='2026.1', state='RUNNING'
2026-01-31 21:27:31,071 - freqtrade.worker - INFO - Bot heartbeat. PID=1, version='2026.1', state='RUNNING'
2026-01-31 21:28:31,092 - freqtrade.worker - INFO - Bot heartbeat. PID=1, version='2026.1', state='RUNNING'
2026-01-31 21:29:31,112 - freqtrade.worker - INFO - Bot heartbeat. PID=1, version='2026.1', state='RUNNING'
2026-01-31 21:30:36,010 - freqtrade.worker - INFO - Bot heartbeat. PID=1, version='2026.1', state='RUNNING'
2026-01-31 21:31:36,038 - freqtrade.worker - INFO - Bot heartbeat. PID=1, version='2026.1', state='RUNNING'
2026-01-31 21:32:36,064 - freqtrade.worker - INFO - Bot heartbeat. PID=1, version='2026.1', state='RUNNING'
2026-01-31 21:33:36,093 - freqtrade.worker - INFO - Bot heartbeat. PID=1, version='2026.1', state='RUNNING'
2026-01-31 21:34:36,121 - freqtrade.worker - INFO - Bot heartbeat. PID=1, version='2026.1', state='RUNNING'
2026-01-31 21:35:41,014 - freqtrade.worker - INFO - Bot heartbeat. PID=1, version='2026.1', state='RUNNING'
2026-01-31 21:36:41,053 - freqtrade.worker - INFO - Bot heartbeat. PID=1, version='2026.1', state='RUNNING'
2026-01-31 21:37:41,082 - freqtrade.worker - INFO - Bot heartbeat. PID=1, version='2026.1', state='RUNNING'
2026-01-31 21:38:41,128 - freqtrade.worker - INFO - Bot heartbeat. PID=1, version='2026.1', state='RUNNING'
2026-01-31 21:39:41,168 - freqtrade.worker - INFO - Bot heartbeat. PID=1, version='2026.1', state='RUNNING'
2026-01-31 21:40:46,016 - freqtrade.worker - INFO - Bot heartbeat. PID=1, version='2026.1', state='RUNNING'
2026-01-31 21:41:46,051 - freqtrade.worker - INFO - Bot heartbeat. PID=1, version='2026.1', state='RUNNING'
2026-01-31 21:42:46,090 - freqtrade.worker - INFO - Bot heartbeat. PID=1, version='2026.1', state='RUNNING'
2026-01-31 21:43:46,130 - freqtrade.worker - INFO - Bot heartbeat. PID=1, version='2026.1', state='RUNNING'
2026-01-31 21:44:46,169 - freqtrade.worker - INFO - Bot heartbeat. PID=1, version='2026.1', state='RUNNING'
2026-01-31 21:45:51,021 - freqtrade.worker - INFO - Bot heartbeat. PID=1, version='2026.1', state='RUNNING'
2026-01-31 21:46:51,054 - freqtrade.worker - INFO - Bot heartbeat. PID=1, version='2026.1', state='RUNNING'
2026-01-31 21:47:51,084 - freqtrade.worker - INFO - Bot heartbeat. PID=1, version='2026.1', state='RUNNING'
2026-01-31 21:48:51,106 - freqtrade.worker - INFO - Bot heartbeat. PID=1, version='2026.1', state='RUNNING'
2026-01-31 21:49:07,000 - VolumePairList - INFO - Pair BNB/USDT in your blacklist. Removing it from whitelist...
2026-01-31 21:49:51,143 - freqtrade.worker - INFO - Bot heartbeat. PID=1, version='2026.1', state='RUNNING'
2026-01-31 21:50:56,022 - freqtrade.worker - INFO - Bot heartbeat. PID=1, version='2026.1', state='RUNNING'
2026-01-31 21:51:56,067 - freqtrade.worker - INFO - Bot heartbeat. PID=1, version='2026.1', state='RUNNING'
2026-01-31 21:52:56,097 - freqtrade.worker - INFO - Bot heartbeat. PID=1, version='2026.1', state='RUNNING'
2026-01-31 21:53:56,141 - freqtrade.worker - INFO - Bot heartbeat. PID=1, version='2026.1', state='RUNNING'
2026-01-31 21:54:56,186 - freqtrade.worker - INFO - Bot heartbeat. PID=1, version='2026.1', state='RUNNING'
2026-01-31 21:56:01,021 - freqtrade.worker - INFO - Bot heartbeat. PID=1, version='2026.1', state='RUNNING'
2026-01-31 21:57:01,050 - freqtrade.worker - INFO - Bot heartbeat. PID=1, version='2026.1', state='RUNNING'
2026-01-31 21:58:01,081 - freqtrade.worker - INFO - Bot heartbeat. PID=1, version='2026.1', state='RUNNING'
2026-01-31 21:59:01,115 - freqtrade.worker - INFO - Bot heartbeat. PID=1, version='2026.1', state='RUNNING'
2026-01-31 22:00:06,006 - freqtrade.worker - INFO - Bot heartbeat. PID=1, version='2026.1', state='RUNNING'
2026-01-31 22:01:06,053 - freqtrade.worker - INFO - Bot heartbeat. PID=1, version='2026.1', state='RUNNING'
2026-01-31 22:02:06,083 - freqtrade.worker - INFO - Bot heartbeat. PID=1, version='2026.1', state='RUNNING'
2026-01-31 22:03:06,104 - freqtrade.worker - INFO - Bot heartbeat. PID=1, version='2026.1', state='RUNNING'
2026-01-31 22:04:06,138 - freqtrade.worker - INFO - Bot heartbeat. PID=1, version='2026.1', state='RUNNING'
2026-01-31 22:05:11,003 - freqtrade.worker - INFO - Bot heartbeat. PID=1, version='2026.1', state='RUNNING'
2026-01-31 22:06:11,030 - freqtrade.worker - INFO - Bot heartbeat. PID=1, version='2026.1', state='RUNNING'
2026-01-31 22:07:11,055 - freqtrade.worker - INFO - Bot heartbeat. PID=1, version='2026.1', state='RUNNING'
2026-01-31 22:08:11,085 - freqtrade.worker - INFO - Bot heartbeat. PID=1, version='2026.1', state='RUNNING'
2026-01-31 22:09:11,114 - freqtrade.worker - INFO - Bot heartbeat. PID=1, version='2026.1', state='RUNNING'
2026-01-31 22:10:16,008 - freqtrade.worker - INFO - Bot heartbeat. PID=1, version='2026.1', state='RUNNING'
2026-01-31 22:11:16,039 - freqtrade.worker - INFO - Bot heartbeat. PID=1, version='2026.1', state='RUNNING'
2026-01-31 22:12:16,070 - freqtrade.worker - INFO - Bot heartbeat. PID=1, version='2026.1', state='RUNNING'
2026-01-31 22:13:16,104 - freqtrade.worker - INFO - Bot heartbeat. PID=1, version='2026.1', state='RUNNING'
2026-01-31 22:14:16,154 - freqtrade.worker - INFO - Bot heartbeat. PID=1, version='2026.1', state='RUNNING'
2026-01-31 22:15:21,008 - freqtrade.worker - INFO - Bot heartbeat. PID=1, version='2026.1', state='RUNNING'
2026-01-31 22:16:21,039 - freqtrade.worker - INFO - Bot heartbeat. PID=1, version='2026.1', state='RUNNING'
2026-01-31 22:17:21,069 - freqtrade.worker - INFO - Bot heartbeat. PID=1, version='2026.1', state='RUNNING'
2026-01-31 22:18:21,099 - freqtrade.worker - INFO - Bot heartbeat. PID=1, version='2026.1', state='RUNNING'
2026-01-31 22:18:56,179 - freqtrade.plugins.pairlistmanager - INFO - Whitelist with 20 pairs: ['BTC/USDT', 'ETH/USDT', 'USDC/USDT', 'SOL/USDT', 'XRP/USDT', 'USD1/USDT', 'DOGE/USDT', 'SENT/USDT', 'SUI/USDT', 'FDUSD/USDT', 'PAXG/USDT', 'ADA/USDT', 'ZEC/USDT', 'LINK/USDT', 'AVAX/USDT', 'LTC/USDT', 'TRX/USDT', 'PEPE/USDT', 'ASTER/USDT', 'ENA/USDT']
2026-01-31 22:19:21,138 - freqtrade.worker - INFO - Bot heartbeat. PID=1, version='2026.1', state='RUNNING'
2026-01-31 22:20:26,010 - freqtrade.worker - INFO - Bot heartbeat. PID=1, version='2026.1', state='RUNNING'
2026-01-31 22:21:26,045 - freqtrade.worker - INFO - Bot heartbeat. PID=1, version='2026.1', state='RUNNING'
2026-01-31 22:22:26,080 - freqtrade.worker - INFO - Bot heartbeat. PID=1, version='2026.1', state='RUNNING'
2026-01-31 22:23:26,110 - freqtrade.worker - INFO - Bot heartbeat. PID=1, version='2026.1', state='RUNNING'
2026-01-31 22:24:26,147 - freqtrade.worker - INFO - Bot heartbeat. PID=1, version='2026.1', state='RUNNING'
2026-01-31 22:25:31,007 - freqtrade.worker - INFO - Bot heartbeat. PID=1, version='2026.1', state='RUNNING'
2026-01-31 22:26:31,031 - freqtrade.worker - INFO - Bot heartbeat. PID=1, version='2026.1', state='RUNNING'
2026-01-31 22:27:31,058 - freqtrade.worker - INFO - Bot heartbeat. PID=1, version='2026.1', state='RUNNING'
2026-01-31 22:28:31,091 - freqtrade.worker - INFO - Bot heartbeat. PID=1, version='2026.1', state='RUNNING'
2026-01-31 22:29:31,129 - freqtrade.worker - INFO - Bot heartbeat. PID=1, version='2026.1', state='RUNNING'
2026-01-31 22:30:36,022 - freqtrade.worker - INFO - Bot heartbeat. PID=1, version='2026.1', state='RUNNING'
2026-01-31 22:31:36,052 - freqtrade.worker - INFO - Bot heartbeat. PID=1, version='2026.1', state='RUNNING'
2026-01-31 22:32:36,077 - freqtrade.worker - INFO - Bot heartbeat. PID=1, version='2026.1', state='RUNNING'
2026-01-31 22:33:36,123 - freqtrade.worker - INFO - Bot heartbeat. PID=1, version='2026.1', state='RUNNING'
2026-01-31 22:34:36,173 - freqtrade.worker - INFO - Bot heartbeat. PID=1, version='2026.1', state='RUNNING'
2026-01-31 22:35:41,028 - freqtrade.worker - INFO - Bot heartbeat. PID=1, version='2026.1', state='RUNNING'
2026-01-31 22:36:41,057 - freqtrade.worker - INFO - Bot heartbeat. PID=1, version='2026.1', state='RUNNING'
2026-01-31 22:37:41,084 - freqtrade.worker - INFO - Bot heartbeat. PID=1, version='2026.1', state='RUNNING'
2026-01-31 22:38:41,126 - freqtrade.worker - INFO - Bot heartbeat. PID=1, version='2026.1', state='RUNNING'
2026-01-31 22:39:41,170 - freqtrade.worker - INFO - Bot heartbeat. PID=1, version='2026.1', state='RUNNING'
2026-01-31 22:40:46,023 - freqtrade.worker - INFO - Bot heartbeat. PID=1, version='2026.1', state='RUNNING'
2026-01-31 22:41:46,052 - freqtrade.worker - INFO - Bot heartbeat. PID=1, version='2026.1', state='RUNNING'
2026-01-31 22:42:46,077 - freqtrade.worker - INFO - Bot heartbeat. PID=1, version='2026.1', state='RUNNING'
2026-01-31 22:43:46,109 - freqtrade.worker - INFO - Bot heartbeat. PID=1, version='2026.1', state='RUNNING'
2026-01-31 22:44:46,145 - freqtrade.worker - INFO - Bot heartbeat. PID=1, version='2026.1', state='RUNNING'
2026-01-31 22:45:51,016 - freqtrade.worker - INFO - Bot heartbeat. PID=1, version='2026.1', state='RUNNING'
2026-01-31 22:46:51,049 - freqtrade.worker - INFO - Bot heartbeat. PID=1, version='2026.1', state='RUNNING'
2026-01-31 22:47:51,074 - freqtrade.worker - INFO - Bot heartbeat. PID=1, version='2026.1', state='RUNNING'
2026-01-31 22:48:51,105 - freqtrade.worker - INFO - Bot heartbeat. PID=1, version='2026.1', state='RUNNING'
2026-01-31 22:49:16,918 - VolumePairList - INFO - Pair BNB/USDT in your blacklist. Removing it from whitelist...
2026-01-31 22:49:51,150 - freqtrade.worker - INFO - Bot heartbeat. PID=1, version='2026.1', state='RUNNING'
2026-01-31 22:50:56,025 - freqtrade.worker - INFO - Bot heartbeat. PID=1, version='2026.1', state='RUNNING'
2026-01-31 22:51:56,060 - freqtrade.worker - INFO - Bot heartbeat. PID=1, version='2026.1', state='RUNNING'
2026-01-31 22:52:56,100 - freqtrade.worker - INFO - Bot heartbeat. PID=1, version='2026.1', state='RUNNING'
2026-01-31 22:53:56,145 - freqtrade.worker - INFO - Bot heartbeat. PID=1, version='2026.1', state='RUNNING'
2026-01-31 22:54:56,169 - freqtrade.worker - INFO - Bot heartbeat. PID=1, version='2026.1', state='RUNNING'
2026-01-31 22:56:01,020 - freqtrade.worker - INFO - Bot heartbeat. PID=1, version='2026.1', state='RUNNING'
2026-01-31 22:57:01,047 - freqtrade.worker - INFO - Bot heartbeat. PID=1, version='2026.1', state='RUNNING'
2026-01-31 22:58:01,072 - freqtrade.worker - INFO - Bot heartbeat. PID=1, version='2026.1', state='RUNNING'
2026-01-31 22:59:01,107 - freqtrade.worker - INFO - Bot heartbeat. PID=1, version='2026.1', state='RUNNING'
2026-01-31 23:00:01,363 - freqtrade.wallets - INFO - Wallets synced.
2026-01-31 23:00:01,625 - freqtrade.freqtradebot - INFO - Long signal found: about create a new trade for PAXG/USDT with stake_amount: 330.0 and price: 4825.85 ...
2026-01-31 23:00:01,781 - freqtrade.freqtradebot - INFO - Order dry_run_buy_PAXG/USDT_1769900401.6441 was created for PAXG/USDT and status is open.
2026-01-31 23:00:01,888 - freqtrade.wallets - INFO - Wallets synced.
2026-01-31 23:00:01,890 - freqtrade.rpc.rpc_manager - INFO - Sending rpc message: {'trade_id': 1, 'type': entry, 'buy_tag': '', 'enter_tag': '', 'exchange': 'Binance', 'pair': 'PAXG/USDT', 'leverage': 1.0, 'direction': 'Long', 'limit': 4825.85, 'order_rate': 4825.85, 'open_rate': 4825.85, 'order_type': 'limit', 'stake_amount': 330.0, 'stake_currency': 'USDT', 'base_currency': 'PAXG', 'quote_currency': 'USDT', 'fiat_currency': 'USD', 'amount': 0.0683, 'open_date': datetime.datetime(2026, 1, 31, 23, 0, 1, 782700, tzinfo=datetime.timezone.utc), 'current_rate': 4825.85, 'sub_trade': False}
2026-01-31 23:00:06,003 - freqtrade.worker - INFO - Bot heartbeat. PID=1, version='2026.1', state='RUNNING'
2026-01-31 23:00:06,200 - freqtrade.freqtradebot - INFO - Found open order for Trade(id=1, pair=PAXG/USDT, amount=0, is_short=False, leverage=1, open_rate=4825.85, open_since=2026-01-31 23:00:01)
2026-01-31 23:00:11,212 - freqtrade.freqtradebot - INFO - Found open order for Trade(id=1, pair=PAXG/USDT, amount=0, is_short=False, leverage=1, open_rate=4825.85, open_since=2026-01-31 23:00:01)
2026-01-31 23:00:16,337 - freqtrade.freqtradebot - INFO - Found open order for Trade(id=1, pair=PAXG/USDT, amount=0, is_short=False, leverage=1, open_rate=4825.85, open_since=2026-01-31 23:00:01)
2026-01-31 23:00:21,203 - freqtrade.freqtradebot - INFO - Found open order for Trade(id=1, pair=PAXG/USDT, amount=0, is_short=False, leverage=1, open_rate=4825.85, open_since=2026-01-31 23:00:01)
2026-01-31 23:00:26,232 - freqtrade.freqtradebot - INFO - Found open order for Trade(id=1, pair=PAXG/USDT, amount=0, is_short=False, leverage=1, open_rate=4825.85, open_since=2026-01-31 23:00:01)
2026-01-31 23:00:31,196 - freqtrade.freqtradebot - INFO - Found open order for Trade(id=1, pair=PAXG/USDT, amount=0, is_short=False, leverage=1, open_rate=4825.85, open_since=2026-01-31 23:00:01)
2026-01-31 23:00:36,715 - freqtrade.freqtradebot - INFO - Found open order for Trade(id=1, pair=PAXG/USDT, amount=0, is_short=False, leverage=1, open_rate=4825.85, open_since=2026-01-31 23:00:01)
2026-01-31 23:00:41,230 - freqtrade.freqtradebot - INFO - Found open order for Trade(id=1, pair=PAXG/USDT, amount=0, is_short=False, leverage=1, open_rate=4825.85, open_since=2026-01-31 23:00:01)
2026-01-31 23:00:46,264 - freqtrade.freqtradebot - INFO - Found open order for Trade(id=1, pair=PAXG/USDT, amount=0, is_short=False, leverage=1, open_rate=4825.85, open_since=2026-01-31 23:00:01)
2026-01-31 23:00:51,514 - freqtrade.freqtradebot - INFO - Found open order for Trade(id=1, pair=PAXG/USDT, amount=0, is_short=False, leverage=1, open_rate=4825.85, open_since=2026-01-31 23:00:01)
2026-01-31 23:00:56,506 - freqtrade.freqtradebot - INFO - Found open order for Trade(id=1, pair=PAXG/USDT, amount=0, is_short=False, leverage=1, open_rate=4825.85, open_since=2026-01-31 23:00:01)
2026-01-31 23:01:01,261 - freqtrade.freqtradebot - INFO - Found open order for Trade(id=1, pair=PAXG/USDT, amount=0, is_short=False, leverage=1, open_rate=4825.85, open_since=2026-01-31 23:00:01)
2026-01-31 23:01:01,272 - freqtrade.freqtradebot - INFO - Fee for Trade Trade(id=1, pair=PAXG/USDT, amount=0, is_short=False, leverage=1, open_rate=4825.85, open_since=2026-01-31 23:00:01) [buy]: 0.32960556 USDT - rate: 0.001
2026-01-31 23:01:01,272 - freqtrade.persistence.trade_model - INFO - Updating trade (id=1) ...
2026-01-31 23:01:01,273 - freqtrade.persistence.trade_model - INFO - LIMIT_BUY has been fulfilled for Trade(id=1, pair=PAXG/USDT, amount=0.0683, is_short=False, leverage=1, open_rate=4825.85, open_since=2026-01-31 23:00:01).
2026-01-31 23:01:01,282 - freqtrade.wallets - INFO - Wallets synced.
2026-01-31 23:01:01,287 - freqtrade.rpc.rpc_manager - INFO - Sending rpc message: {'trade_id': 1, 'type': entry_fill, 'buy_tag': '', 'enter_tag': '', 'exchange': 'Binance', 'pair': 'PAXG/USDT', 'leverage': 1.0, 'direction': 'Long', 'limit': 4825.85, 'order_rate': 4825.85, 'open_rate': 4825.85, 'order_type': 'limit', 'stake_amount': 329.605555, 'stake_currency': 'USDT', 'base_currency': 'PAXG', 'quote_currency': 'USDT', 'fiat_currency': 'USD', 'amount': 0.0683, 'open_date': datetime.datetime(2026, 1, 31, 23, 0, 1, 782700, tzinfo=datetime.timezone.utc), 'current_rate': 4825.85, 'sub_trade': False}
2026-01-31 23:01:06,034 - freqtrade.worker - INFO - Bot heartbeat. PID=1, version='2026.1', state='RUNNING'
2026-01-31 23:02:06,071 - freqtrade.worker - INFO - Bot heartbeat. PID=1, version='2026.1', state='RUNNING'
2026-01-31 23:03:06,107 - freqtrade.worker - INFO - Bot heartbeat. PID=1, version='2026.1', state='RUNNING'
2026-01-31 23:04:06,136 - freqtrade.worker - INFO - Bot heartbeat. PID=1, version='2026.1', state='RUNNING'
2026-01-31 23:05:11,004 - freqtrade.worker - INFO - Bot heartbeat. PID=1, version='2026.1', state='RUNNING'
2026-01-31 23:06:11,030 - freqtrade.worker - INFO - Bot heartbeat. PID=1, version='2026.1', state='RUNNING'
2026-01-31 23:07:11,053 - freqtrade.worker - INFO - Bot heartbeat. PID=1, version='2026.1', state='RUNNING'
2026-01-31 23:08:11,086 - freqtrade.worker - INFO - Bot heartbeat. PID=1, version='2026.1', state='RUNNING'
2026-01-31 23:09:11,129 - freqtrade.worker - INFO - Bot heartbeat. PID=1, version='2026.1', state='RUNNING'
2026-01-31 23:10:16,007 - freqtrade.worker - INFO - Bot heartbeat. PID=1, version='2026.1', state='RUNNING'
2026-01-31 23:11:16,042 - freqtrade.worker - INFO - Bot heartbeat. PID=1, version='2026.1', state='RUNNING'
2026-01-31 23:12:16,067 - freqtrade.worker - INFO - Bot heartbeat. PID=1, version='2026.1', state='RUNNING'
2026-01-31 23:13:16,098 - freqtrade.worker - INFO - Bot heartbeat. PID=1, version='2026.1', state='RUNNING'
2026-01-31 23:14:16,123 - freqtrade.worker - INFO - Bot heartbeat. PID=1, version='2026.1', state='RUNNING'
2026-01-31 23:15:21,011 - freqtrade.worker - INFO - Bot heartbeat. PID=1, version='2026.1', state='RUNNING'
2026-01-31 23:16:21,038 - freqtrade.worker - INFO - Bot heartbeat. PID=1, version='2026.1', state='RUNNING'
2026-01-31 23:17:21,077 - freqtrade.worker - INFO - Bot heartbeat. PID=1, version='2026.1', state='RUNNING'
2026-01-31 23:18:21,121 - freqtrade.worker - INFO - Bot heartbeat. PID=1, version='2026.1', state='RUNNING'
2026-01-31 23:18:56,203 - freqtrade.plugins.pairlistmanager - INFO - Whitelist with 20 pairs: ['BTC/USDT', 'ETH/USDT', 'USDC/USDT', 'SOL/USDT', 'XRP/USDT', 'USD1/USDT', 'DOGE/USDT', 'SENT/USDT', 'SUI/USDT', 'FDUSD/USDT', 'PAXG/USDT', 'ADA/USDT', 'ZEC/USDT', 'LINK/USDT', 'AVAX/USDT', 'LTC/USDT', 'TRX/USDT', 'PEPE/USDT', 'ASTER/USDT', 'ENA/USDT']
2026-01-31 23:19:21,171 - freqtrade.worker - INFO - Bot heartbeat. PID=1, version='2026.1', state='RUNNING'
2026-01-31 23:19:25,175 - freqtrade.plugins.pairlistmanager - INFO - Whitelist with 20 pairs: ['BTC/USDT', 'ETH/USDT', 'USDC/USDT', 'SOL/USDT', 'XRP/USDT', 'USD1/USDT', 'DOGE/USDT', 'SENT/USDT', 'SUI/USDT', 'FDUSD/USDT', 'ADA/USDT', 'PAXG/USDT', 'ZEC/USDT', 'LINK/USDT', 'AVAX/USDT', 'LTC/USDT', 'TRX/USDT', 'PEPE/USDT', 'ASTER/USDT', 'ENA/USDT']
2026-01-31 23:20:26,016 - freqtrade.worker - INFO - Bot heartbeat. PID=1, version='2026.1', state='RUNNING'
2026-01-31 23:21:26,038 - freqtrade.worker - INFO - Bot heartbeat. PID=1, version='2026.1', state='RUNNING'
2026-01-31 23:22:26,062 - freqtrade.worker - INFO - Bot heartbeat. PID=1, version='2026.1', state='RUNNING'
2026-01-31 23:23:26,098 - freqtrade.worker - INFO - Bot heartbeat. PID=1, version='2026.1', state='RUNNING'
2026-01-31 23:24:26,129 - freqtrade.worker - INFO - Bot heartbeat. PID=1, version='2026.1', state='RUNNING'
2026-01-31 23:25:31,010 - freqtrade.worker - INFO - Bot heartbeat. PID=1, version='2026.1', state='RUNNING'
2026-01-31 23:26:31,035 - freqtrade.worker - INFO - Bot heartbeat. PID=1, version='2026.1', state='RUNNING'
2026-01-31 23:27:31,063 - freqtrade.worker - INFO - Bot heartbeat. PID=1, version='2026.1', state='RUNNING'
2026-01-31 23:28:31,099 - freqtrade.worker - INFO - Bot heartbeat. PID=1, version='2026.1', state='RUNNING'
2026-01-31 23:29:31,118 - freqtrade.worker - INFO - Bot heartbeat. PID=1, version='2026.1', state='RUNNING'
2026-01-31 23:30:36,013 - freqtrade.worker - INFO - Bot heartbeat. PID=1, version='2026.1', state='RUNNING'
2026-01-31 23:31:36,043 - freqtrade.worker - INFO - Bot heartbeat. PID=1, version='2026.1', state='RUNNING'
2026-01-31 23:32:36,092 - freqtrade.worker - INFO - Bot heartbeat. PID=1, version='2026.1', state='RUNNING'
2026-01-31 23:33:36,114 - freqtrade.worker - INFO - Bot heartbeat. PID=1, version='2026.1', state='RUNNING'
2026-01-31 23:34:36,140 - freqtrade.worker - INFO - Bot heartbeat. PID=1, version='2026.1', state='RUNNING'
2026-01-31 23:35:41,014 - freqtrade.worker - INFO - Bot heartbeat. PID=1, version='2026.1', state='RUNNING'
2026-01-31 23:36:41,056 - freqtrade.worker - INFO - Bot heartbeat. PID=1, version='2026.1', state='RUNNING'
2026-01-31 23:37:41,089 - freqtrade.worker - INFO - Bot heartbeat. PID=1, version='2026.1', state='RUNNING'
2026-01-31 23:38:41,115 - freqtrade.worker - INFO - Bot heartbeat. PID=1, version='2026.1', state='RUNNING'
2026-01-31 23:39:41,147 - freqtrade.worker - INFO - Bot heartbeat. PID=1, version='2026.1', state='RUNNING'
2026-01-31 23:40:46,014 - freqtrade.worker - INFO - Bot heartbeat. PID=1, version='2026.1', state='RUNNING'
2026-01-31 23:41:46,045 - freqtrade.worker - INFO - Bot heartbeat. PID=1, version='2026.1', state='RUNNING'
2026-01-31 23:42:46,082 - freqtrade.worker - INFO - Bot heartbeat. PID=1, version='2026.1', state='RUNNING'
2026-01-31 23:43:46,107 - freqtrade.worker - INFO - Bot heartbeat. PID=1, version='2026.1', state='RUNNING'
2026-01-31 23:44:46,141 - freqtrade.worker - INFO - Bot heartbeat. PID=1, version='2026.1', state='RUNNING'
2026-01-31 23:45:51,012 - freqtrade.worker - INFO - Bot heartbeat. PID=1, version='2026.1', state='RUNNING'
2026-01-31 23:46:51,054 - freqtrade.worker - INFO - Bot heartbeat. PID=1, version='2026.1', state='RUNNING'
2026-01-31 23:47:51,093 - freqtrade.worker - INFO - Bot heartbeat. PID=1, version='2026.1', state='RUNNING'
2026-01-31 23:48:51,124 - freqtrade.worker - INFO - Bot heartbeat. PID=1, version='2026.1', state='RUNNING'
2026-01-31 23:49:26,861 - VolumePairList - INFO - Pair BNB/USDT in your blacklist. Removing it from whitelist...
2026-01-31 23:49:51,152 - freqtrade.worker - INFO - Bot heartbeat. PID=1, version='2026.1', state='RUNNING'
2026-01-31 23:50:56,015 - freqtrade.worker - INFO - Bot heartbeat. PID=1, version='2026.1', state='RUNNING'
2026-01-31 23:51:56,054 - freqtrade.worker - INFO - Bot heartbeat. PID=1, version='2026.1', state='RUNNING'
2026-01-31 23:52:56,090 - freqtrade.worker - INFO - Bot heartbeat. PID=1, version='2026.1', state='RUNNING'
2026-01-31 23:53:56,114 - freqtrade.worker - INFO - Bot heartbeat. PID=1, version='2026.1', state='RUNNING'
2026-01-31 23:54:56,146 - freqtrade.worker - INFO - Bot heartbeat. PID=1, version='2026.1', state='RUNNING'
2026-01-31 23:56:01,014 - freqtrade.worker - INFO - Bot heartbeat. PID=1, version='2026.1', state='RUNNING'
2026-01-31 23:57:01,049 - freqtrade.worker - INFO - Bot heartbeat. PID=1, version='2026.1', state='RUNNING'
2026-01-31 23:58:01,083 - freqtrade.worker - INFO - Bot heartbeat. PID=1, version='2026.1', state='RUNNING'
2026-01-31 23:59:01,127 - freqtrade.worker - INFO - Bot heartbeat. PID=1, version='2026.1', state='RUNNING'
2026-02-01 00:00:06,002 - freqtrade.worker - INFO - Bot heartbeat. PID=1, version='2026.1', state='RUNNING'
2026-02-01 00:01:06,029 - freqtrade.worker - INFO - Bot heartbeat. PID=1, version='2026.1', state='RUNNING'
2026-02-01 00:02:01,325 - freqtrade.exchange.exchange_ws - INFO - Resetting WS connections.
2026-02-01 00:02:01,338 - freqtrade.exchange.exchange_ws - INFO - ASTER/USDT, 5m, spot - Task finished - cancelled
2026-02-01 00:02:01,342 - freqtrade.exchange.exchange_ws - INFO - ENA/USDT, 5m, spot - Task finished - cancelled
2026-02-01 00:02:01,343 - freqtrade.exchange.exchange_ws - INFO - PEPE/USDT, 5m, spot - Task finished - cancelled
2026-02-01 00:02:01,344 - freqtrade.exchange.exchange_ws - INFO - FDUSD/USDT, 5m, spot - Task finished - cancelled
2026-02-01 00:02:01,344 - freqtrade.exchange.exchange_ws - INFO - AVAX/USDT, 5m, spot - Task finished - cancelled
2026-02-01 00:02:01,345 - freqtrade.exchange.exchange_ws - INFO - ADA/USDT, 5m, spot - Task finished - cancelled
2026-02-01 00:02:01,345 - freqtrade.exchange.exchange_ws - INFO - DOGE/USDT, 5m, spot - Task finished - cancelled
2026-02-01 00:02:01,346 - freqtrade.exchange.exchange_ws - INFO - TRX/USDT, 5m, spot - Task finished - cancelled
2026-02-01 00:02:01,347 - freqtrade.exchange.exchange_ws - INFO - SENT/USDT, 5m, spot - Task finished - cancelled
2026-02-01 00:02:01,347 - freqtrade.exchange.exchange_ws - INFO - BTC/USDT, 5m, spot - Task finished - cancelled
2026-02-01 00:02:01,348 - freqtrade.exchange.exchange_ws - INFO - ETH/USDT, 5m, spot - Task finished - cancelled
2026-02-01 00:02:01,348 - freqtrade.exchange.exchange_ws - INFO - LTC/USDT, 5m, spot - Task finished - cancelled
2026-02-01 00:02:01,349 - freqtrade.exchange.exchange_ws - INFO - SUI/USDT, 5m, spot - Task finished - cancelled
2026-02-01 00:02:01,349 - freqtrade.exchange.exchange_ws - INFO - XRP/USDT, 5m, spot - Task finished - cancelled
2026-02-01 00:02:01,350 - freqtrade.exchange.exchange_ws - INFO - USDC/USDT, 5m, spot - Task finished - cancelled
2026-02-01 00:02:01,350 - freqtrade.exchange.exchange_ws - INFO - LINK/USDT, 5m, spot - Task finished - cancelled
2026-02-01 00:02:01,350 - freqtrade.exchange.exchange_ws - INFO - ZEC/USDT, 5m, spot - Task finished - cancelled
2026-02-01 00:02:01,351 - freqtrade.exchange.exchange_ws - INFO - SOL/USDT, 5m, spot - Task finished - cancelled
2026-02-01 00:02:01,351 - freqtrade.exchange.exchange_ws - INFO - PAXG/USDT, 5m, spot - Task finished - cancelled
2026-02-01 00:02:01,352 - freqtrade.exchange.exchange_ws - INFO - USD1/USDT, 5m, spot - Task finished - cancelled
2026-02-01 00:02:01,807 - freqtrade.exchange.exchange_ws - ERROR - Exception in _unwatch_ohlcv
Traceback (most recent call last):
  File "/freqtrade/freqtrade/exchange/exchange_ws.py", line 144, in _unwatch_ohlcv
    await self._ccxt_object.un_watch_ohlcv_for_symbols([[pair, timeframe]])
  File "/home/ftuser/.local/lib/python3.13/site-packages/ccxt/pro/binance.py", line 1494, in un_watch_ohlcv_for_symbols
    return await self.watch_multiple(url, messageHashes, self.extend(request, params), messageHashes, subscribe)
           ^^^^^^^^^^^^^^^^^^^^^^^^^^^^^^^^^^^^^^^^^^^^^^^^^^^^^^^^^^^^^^^^^^^^^^^^^^^^^^^^^^^^^^^^^^^^^^^^^^^^^
ccxt.base.errors.NetworkError: Connector is closed.
2026-02-01 00:02:01,873 - freqtrade.exchange.exchange_ws - ERROR - Exception in _unwatch_ohlcv
Traceback (most recent call last):
  File "/freqtrade/freqtrade/exchange/exchange_ws.py", line 144, in _unwatch_ohlcv
    await self._ccxt_object.un_watch_ohlcv_for_symbols([[pair, timeframe]])
  File "/home/ftuser/.local/lib/python3.13/site-packages/ccxt/pro/binance.py", line 1494, in un_watch_ohlcv_for_symbols
    return await self.watch_multiple(url, messageHashes, self.extend(request, params), messageHashes, subscribe)
           ^^^^^^^^^^^^^^^^^^^^^^^^^^^^^^^^^^^^^^^^^^^^^^^^^^^^^^^^^^^^^^^^^^^^^^^^^^^^^^^^^^^^^^^^^^^^^^^^^^^^^
ccxt.base.errors.NetworkError: Connector is closed.
2026-02-01 00:02:01,874 - freqtrade.exchange.exchange_ws - ERROR - Exception in _unwatch_ohlcv
Traceback (most recent call last):
  File "/freqtrade/freqtrade/exchange/exchange_ws.py", line 144, in _unwatch_ohlcv
    await self._ccxt_object.un_watch_ohlcv_for_symbols([[pair, timeframe]])
  File "/home/ftuser/.local/lib/python3.13/site-packages/ccxt/pro/binance.py", line 1494, in un_watch_ohlcv_for_symbols
    return await self.watch_multiple(url, messageHashes, self.extend(request, params), messageHashes, subscribe)
           ^^^^^^^^^^^^^^^^^^^^^^^^^^^^^^^^^^^^^^^^^^^^^^^^^^^^^^^^^^^^^^^^^^^^^^^^^^^^^^^^^^^^^^^^^^^^^^^^^^^^^
ccxt.base.errors.NetworkError: Connector is closed.
2026-02-01 00:02:01,875 - freqtrade.exchange.exchange_ws - ERROR - Exception in _unwatch_ohlcv
Traceback (most recent call last):
  File "/freqtrade/freqtrade/exchange/exchange_ws.py", line 144, in _unwatch_ohlcv
    await self._ccxt_object.un_watch_ohlcv_for_symbols([[pair, timeframe]])
  File "/home/ftuser/.local/lib/python3.13/site-packages/ccxt/pro/binance.py", line 1494, in un_watch_ohlcv_for_symbols
    return await self.watch_multiple(url, messageHashes, self.extend(request, params), messageHashes, subscribe)
           ^^^^^^^^^^^^^^^^^^^^^^^^^^^^^^^^^^^^^^^^^^^^^^^^^^^^^^^^^^^^^^^^^^^^^^^^^^^^^^^^^^^^^^^^^^^^^^^^^^^^^
ccxt.base.errors.NetworkError: Connector is closed.
2026-02-01 00:02:01,876 - freqtrade.exchange.exchange_ws - ERROR - Exception in _unwatch_ohlcv
Traceback (most recent call last):
  File "/freqtrade/freqtrade/exchange/exchange_ws.py", line 144, in _unwatch_ohlcv
    await self._ccxt_object.un_watch_ohlcv_for_symbols([[pair, timeframe]])
  File "/home/ftuser/.local/lib/python3.13/site-packages/ccxt/pro/binance.py", line 1494, in un_watch_ohlcv_for_symbols
    return await self.watch_multiple(url, messageHashes, self.extend(request, params), messageHashes, subscribe)
           ^^^^^^^^^^^^^^^^^^^^^^^^^^^^^^^^^^^^^^^^^^^^^^^^^^^^^^^^^^^^^^^^^^^^^^^^^^^^^^^^^^^^^^^^^^^^^^^^^^^^^
ccxt.base.errors.NetworkError: Connector is closed.
2026-02-01 00:02:01,876 - freqtrade.exchange.exchange_ws - ERROR - Exception in _unwatch_ohlcv
Traceback (most recent call last):
  File "/freqtrade/freqtrade/exchange/exchange_ws.py", line 144, in _unwatch_ohlcv
    await self._ccxt_object.un_watch_ohlcv_for_symbols([[pair, timeframe]])
  File "/home/ftuser/.local/lib/python3.13/site-packages/ccxt/pro/binance.py", line 1494, in un_watch_ohlcv_for_symbols
    return await self.watch_multiple(url, messageHashes, self.extend(request, params), messageHashes, subscribe)
           ^^^^^^^^^^^^^^^^^^^^^^^^^^^^^^^^^^^^^^^^^^^^^^^^^^^^^^^^^^^^^^^^^^^^^^^^^^^^^^^^^^^^^^^^^^^^^^^^^^^^^
ccxt.base.errors.NetworkError: Connector is closed.
2026-02-01 00:02:01,877 - freqtrade.exchange.exchange_ws - ERROR - Exception in _unwatch_ohlcv
Traceback (most recent call last):
  File "/freqtrade/freqtrade/exchange/exchange_ws.py", line 144, in _unwatch_ohlcv
    await self._ccxt_object.un_watch_ohlcv_for_symbols([[pair, timeframe]])
  File "/home/ftuser/.local/lib/python3.13/site-packages/ccxt/pro/binance.py", line 1494, in un_watch_ohlcv_for_symbols
    return await self.watch_multiple(url, messageHashes, self.extend(request, params), messageHashes, subscribe)
           ^^^^^^^^^^^^^^^^^^^^^^^^^^^^^^^^^^^^^^^^^^^^^^^^^^^^^^^^^^^^^^^^^^^^^^^^^^^^^^^^^^^^^^^^^^^^^^^^^^^^^
ccxt.base.errors.NetworkError: Connector is closed.
2026-02-01 00:02:01,878 - freqtrade.exchange.exchange_ws - ERROR - Exception in _unwatch_ohlcv
Traceback (most recent call last):
  File "/freqtrade/freqtrade/exchange/exchange_ws.py", line 144, in _unwatch_ohlcv
    await self._ccxt_object.un_watch_ohlcv_for_symbols([[pair, timeframe]])
  File "/home/ftuser/.local/lib/python3.13/site-packages/ccxt/pro/binance.py", line 1494, in un_watch_ohlcv_for_symbols
    return await self.watch_multiple(url, messageHashes, self.extend(request, params), messageHashes, subscribe)
           ^^^^^^^^^^^^^^^^^^^^^^^^^^^^^^^^^^^^^^^^^^^^^^^^^^^^^^^^^^^^^^^^^^^^^^^^^^^^^^^^^^^^^^^^^^^^^^^^^^^^^
ccxt.base.errors.NetworkError: Connector is closed.
2026-02-01 00:02:01,879 - freqtrade.exchange.exchange_ws - ERROR - Exception in _unwatch_ohlcv
Traceback (most recent call last):
  File "/freqtrade/freqtrade/exchange/exchange_ws.py", line 144, in _unwatch_ohlcv
    await self._ccxt_object.un_watch_ohlcv_for_symbols([[pair, timeframe]])
  File "/home/ftuser/.local/lib/python3.13/site-packages/ccxt/pro/binance.py", line 1494, in un_watch_ohlcv_for_symbols
    return await self.watch_multiple(url, messageHashes, self.extend(request, params), messageHashes, subscribe)
           ^^^^^^^^^^^^^^^^^^^^^^^^^^^^^^^^^^^^^^^^^^^^^^^^^^^^^^^^^^^^^^^^^^^^^^^^^^^^^^^^^^^^^^^^^^^^^^^^^^^^^
ccxt.base.errors.NetworkError: Connector is closed.
2026-02-01 00:02:01,879 - freqtrade.exchange.exchange_ws - ERROR - Exception in _unwatch_ohlcv
Traceback (most recent call last):
  File "/freqtrade/freqtrade/exchange/exchange_ws.py", line 144, in _unwatch_ohlcv
    await self._ccxt_object.un_watch_ohlcv_for_symbols([[pair, timeframe]])
  File "/home/ftuser/.local/lib/python3.13/site-packages/ccxt/pro/binance.py", line 1494, in un_watch_ohlcv_for_symbols
    return await self.watch_multiple(url, messageHashes, self.extend(request, params), messageHashes, subscribe)
           ^^^^^^^^^^^^^^^^^^^^^^^^^^^^^^^^^^^^^^^^^^^^^^^^^^^^^^^^^^^^^^^^^^^^^^^^^^^^^^^^^^^^^^^^^^^^^^^^^^^^^
ccxt.base.errors.NetworkError: Connector is closed.
2026-02-01 00:02:01,880 - freqtrade.exchange.exchange_ws - ERROR - Exception in _unwatch_ohlcv
Traceback (most recent call last):
  File "/freqtrade/freqtrade/exchange/exchange_ws.py", line 144, in _unwatch_ohlcv
    await self._ccxt_object.un_watch_ohlcv_for_symbols([[pair, timeframe]])
  File "/home/ftuser/.local/lib/python3.13/site-packages/ccxt/pro/binance.py", line 1494, in un_watch_ohlcv_for_symbols
    return await self.watch_multiple(url, messageHashes, self.extend(request, params), messageHashes, subscribe)
           ^^^^^^^^^^^^^^^^^^^^^^^^^^^^^^^^^^^^^^^^^^^^^^^^^^^^^^^^^^^^^^^^^^^^^^^^^^^^^^^^^^^^^^^^^^^^^^^^^^^^^
ccxt.base.errors.NetworkError: Connector is closed.
2026-02-01 00:02:01,881 - freqtrade.exchange.exchange_ws - ERROR - Exception in _unwatch_ohlcv
Traceback (most recent call last):
  File "/freqtrade/freqtrade/exchange/exchange_ws.py", line 144, in _unwatch_ohlcv
    await self._ccxt_object.un_watch_ohlcv_for_symbols([[pair, timeframe]])
  File "/home/ftuser/.local/lib/python3.13/site-packages/ccxt/pro/binance.py", line 1494, in un_watch_ohlcv_for_symbols
    return await self.watch_multiple(url, messageHashes, self.extend(request, params), messageHashes, subscribe)
           ^^^^^^^^^^^^^^^^^^^^^^^^^^^^^^^^^^^^^^^^^^^^^^^^^^^^^^^^^^^^^^^^^^^^^^^^^^^^^^^^^^^^^^^^^^^^^^^^^^^^^
ccxt.base.errors.NetworkError: Connector is closed.
2026-02-01 00:02:01,881 - freqtrade.exchange.exchange_ws - ERROR - Exception in _unwatch_ohlcv
Traceback (most recent call last):
  File "/freqtrade/freqtrade/exchange/exchange_ws.py", line 144, in _unwatch_ohlcv
    await self._ccxt_object.un_watch_ohlcv_for_symbols([[pair, timeframe]])
  File "/home/ftuser/.local/lib/python3.13/site-packages/ccxt/pro/binance.py", line 1494, in un_watch_ohlcv_for_symbols
    return await self.watch_multiple(url, messageHashes, self.extend(request, params), messageHashes, subscribe)
           ^^^^^^^^^^^^^^^^^^^^^^^^^^^^^^^^^^^^^^^^^^^^^^^^^^^^^^^^^^^^^^^^^^^^^^^^^^^^^^^^^^^^^^^^^^^^^^^^^^^^^
ccxt.base.errors.NetworkError: Connector is closed.
2026-02-01 00:02:01,882 - freqtrade.exchange.exchange_ws - ERROR - Exception in _unwatch_ohlcv
Traceback (most recent call last):
  File "/freqtrade/freqtrade/exchange/exchange_ws.py", line 144, in _unwatch_ohlcv
    await self._ccxt_object.un_watch_ohlcv_for_symbols([[pair, timeframe]])
  File "/home/ftuser/.local/lib/python3.13/site-packages/ccxt/pro/binance.py", line 1494, in un_watch_ohlcv_for_symbols
    return await self.watch_multiple(url, messageHashes, self.extend(request, params), messageHashes, subscribe)
           ^^^^^^^^^^^^^^^^^^^^^^^^^^^^^^^^^^^^^^^^^^^^^^^^^^^^^^^^^^^^^^^^^^^^^^^^^^^^^^^^^^^^^^^^^^^^^^^^^^^^^
ccxt.base.errors.NetworkError: Connector is closed.
2026-02-01 00:02:01,882 - freqtrade.exchange.exchange_ws - ERROR - Exception in _unwatch_ohlcv
Traceback (most recent call last):
  File "/freqtrade/freqtrade/exchange/exchange_ws.py", line 144, in _unwatch_ohlcv
    await self._ccxt_object.un_watch_ohlcv_for_symbols([[pair, timeframe]])
  File "/home/ftuser/.local/lib/python3.13/site-packages/ccxt/pro/binance.py", line 1494, in un_watch_ohlcv_for_symbols
    return await self.watch_multiple(url, messageHashes, self.extend(request, params), messageHashes, subscribe)
           ^^^^^^^^^^^^^^^^^^^^^^^^^^^^^^^^^^^^^^^^^^^^^^^^^^^^^^^^^^^^^^^^^^^^^^^^^^^^^^^^^^^^^^^^^^^^^^^^^^^^^
ccxt.base.errors.NetworkError: Connector is closed.
2026-02-01 00:02:01,883 - freqtrade.exchange.exchange_ws - ERROR - Exception in _unwatch_ohlcv
Traceback (most recent call last):
  File "/freqtrade/freqtrade/exchange/exchange_ws.py", line 144, in _unwatch_ohlcv
    await self._ccxt_object.un_watch_ohlcv_for_symbols([[pair, timeframe]])
  File "/home/ftuser/.local/lib/python3.13/site-packages/ccxt/pro/binance.py", line 1494, in un_watch_ohlcv_for_symbols
    return await self.watch_multiple(url, messageHashes, self.extend(request, params), messageHashes, subscribe)
           ^^^^^^^^^^^^^^^^^^^^^^^^^^^^^^^^^^^^^^^^^^^^^^^^^^^^^^^^^^^^^^^^^^^^^^^^^^^^^^^^^^^^^^^^^^^^^^^^^^^^^
ccxt.base.errors.NetworkError: Connector is closed.
2026-02-01 00:02:01,884 - freqtrade.exchange.exchange_ws - ERROR - Exception in _unwatch_ohlcv
Traceback (most recent call last):
  File "/freqtrade/freqtrade/exchange/exchange_ws.py", line 144, in _unwatch_ohlcv
    await self._ccxt_object.un_watch_ohlcv_for_symbols([[pair, timeframe]])
  File "/home/ftuser/.local/lib/python3.13/site-packages/ccxt/pro/binance.py", line 1494, in un_watch_ohlcv_for_symbols
    return await self.watch_multiple(url, messageHashes, self.extend(request, params), messageHashes, subscribe)
           ^^^^^^^^^^^^^^^^^^^^^^^^^^^^^^^^^^^^^^^^^^^^^^^^^^^^^^^^^^^^^^^^^^^^^^^^^^^^^^^^^^^^^^^^^^^^^^^^^^^^^
ccxt.base.errors.NetworkError: Connector is closed.
2026-02-01 00:02:01,884 - freqtrade.exchange.exchange_ws - ERROR - Exception in _unwatch_ohlcv
Traceback (most recent call last):
  File "/freqtrade/freqtrade/exchange/exchange_ws.py", line 144, in _unwatch_ohlcv
    await self._ccxt_object.un_watch_ohlcv_for_symbols([[pair, timeframe]])
  File "/home/ftuser/.local/lib/python3.13/site-packages/ccxt/pro/binance.py", line 1494, in un_watch_ohlcv_for_symbols
    return await self.watch_multiple(url, messageHashes, self.extend(request, params), messageHashes, subscribe)
           ^^^^^^^^^^^^^^^^^^^^^^^^^^^^^^^^^^^^^^^^^^^^^^^^^^^^^^^^^^^^^^^^^^^^^^^^^^^^^^^^^^^^^^^^^^^^^^^^^^^^^
ccxt.base.errors.NetworkError: Connector is closed.
2026-02-01 00:02:01,885 - freqtrade.exchange.exchange_ws - ERROR - Exception in _unwatch_ohlcv
Traceback (most recent call last):
  File "/freqtrade/freqtrade/exchange/exchange_ws.py", line 144, in _unwatch_ohlcv
    await self._ccxt_object.un_watch_ohlcv_for_symbols([[pair, timeframe]])
  File "/home/ftuser/.local/lib/python3.13/site-packages/ccxt/pro/binance.py", line 1494, in un_watch_ohlcv_for_symbols
    return await self.watch_multiple(url, messageHashes, self.extend(request, params), messageHashes, subscribe)
           ^^^^^^^^^^^^^^^^^^^^^^^^^^^^^^^^^^^^^^^^^^^^^^^^^^^^^^^^^^^^^^^^^^^^^^^^^^^^^^^^^^^^^^^^^^^^^^^^^^^^^
ccxt.base.errors.NetworkError: Connector is closed.
2026-02-01 00:02:01,886 - freqtrade.exchange.exchange_ws - ERROR - Exception in _unwatch_ohlcv
Traceback (most recent call last):
  File "/freqtrade/freqtrade/exchange/exchange_ws.py", line 144, in _unwatch_ohlcv
    await self._ccxt_object.un_watch_ohlcv_for_symbols([[pair, timeframe]])
  File "/home/ftuser/.local/lib/python3.13/site-packages/ccxt/pro/binance.py", line 1494, in un_watch_ohlcv_for_symbols
    return await self.watch_multiple(url, messageHashes, self.extend(request, params), messageHashes, subscribe)
           ^^^^^^^^^^^^^^^^^^^^^^^^^^^^^^^^^^^^^^^^^^^^^^^^^^^^^^^^^^^^^^^^^^^^^^^^^^^^^^^^^^^^^^^^^^^^^^^^^^^^^
ccxt.base.errors.NetworkError: Connector is closed.
2026-02-01 00:02:06,069 - freqtrade.worker - INFO - Bot heartbeat. PID=1, version='2026.1', state='RUNNING'
2026-02-01 00:03:06,090 - freqtrade.worker - INFO - Bot heartbeat. PID=1, version='2026.1', state='RUNNING'
2026-02-01 00:04:06,127 - freqtrade.worker - INFO - Bot heartbeat. PID=1, version='2026.1', state='RUNNING'
2026-02-01 00:05:01,061 - freqtrade.exchange.exchange - INFO - Couldn't reuse watch for ENA/USDT, 5m, falling back to REST api. False, 1769904300000, 0, 2026-02-01T00:05:00, 1970-01-01T00:00:00 
2026-02-01 00:05:01,087 - freqtrade.exchange.exchange - INFO - Couldn't reuse watch for BTC/USDT, 5m, falling back to REST api. False, 1769904300000, 0, 2026-02-01T00:05:00, 1970-01-01T00:00:00 
2026-02-01 00:05:01,090 - freqtrade.exchange.exchange - INFO - Couldn't reuse watch for PAXG/USDT, 5m, falling back to REST api. False, 1769904300000, 0, 2026-02-01T00:05:00, 1970-01-01T00:00:00 
2026-02-01 00:05:01,091 - freqtrade.exchange.exchange - INFO - Couldn't reuse watch for ASTER/USDT, 5m, falling back to REST api. False, 1769904300000, 0, 2026-02-01T00:05:00, 1970-01-01T00:00:00 
2026-02-01 00:05:01,092 - freqtrade.exchange.exchange - INFO - Couldn't reuse watch for FDUSD/USDT, 5m, falling back to REST api. False, 1769904300000, 0, 2026-02-01T00:05:00, 1970-01-01T00:00:00 
2026-02-01 00:05:01,093 - freqtrade.exchange.exchange - INFO - Couldn't reuse watch for ADA/USDT, 5m, falling back to REST api. False, 1769904300000, 0, 2026-02-01T00:05:00, 1970-01-01T00:00:00 
2026-02-01 00:05:01,094 - freqtrade.exchange.exchange - INFO - Couldn't reuse watch for ZEC/USDT, 5m, falling back to REST api. False, 1769904300000, 0, 2026-02-01T00:05:00, 1970-01-01T00:00:00 
2026-02-01 00:05:01,094 - freqtrade.exchange.exchange - INFO - Couldn't reuse watch for LINK/USDT, 5m, falling back to REST api. False, 1769904300000, 0, 2026-02-01T00:05:00, 1970-01-01T00:00:00 
2026-02-01 00:05:01,095 - freqtrade.exchange.exchange - INFO - Couldn't reuse watch for ETH/USDT, 5m, falling back to REST api. False, 1769904300000, 0, 2026-02-01T00:05:00, 1970-01-01T00:00:00 
2026-02-01 00:05:01,095 - freqtrade.exchange.exchange - INFO - Couldn't reuse watch for TRX/USDT, 5m, falling back to REST api. False, 1769904300000, 0, 2026-02-01T00:05:00, 1970-01-01T00:00:00 
2026-02-01 00:05:01,096 - freqtrade.exchange.exchange - INFO - Couldn't reuse watch for SUI/USDT, 5m, falling back to REST api. False, 1769904300000, 0, 2026-02-01T00:05:00, 1970-01-01T00:00:00 
2026-02-01 00:05:01,097 - freqtrade.exchange.exchange - INFO - Couldn't reuse watch for XRP/USDT, 5m, falling back to REST api. False, 1769904300000, 0, 2026-02-01T00:05:00, 1970-01-01T00:00:00 
2026-02-01 00:05:01,097 - freqtrade.exchange.exchange - INFO - Couldn't reuse watch for USD1/USDT, 5m, falling back to REST api. False, 1769904300000, 0, 2026-02-01T00:05:00, 1970-01-01T00:00:00 
2026-02-01 00:05:01,098 - freqtrade.exchange.exchange - INFO - Couldn't reuse watch for AVAX/USDT, 5m, falling back to REST api. False, 1769904300000, 0, 2026-02-01T00:05:00, 1970-01-01T00:00:00 
2026-02-01 00:05:01,099 - freqtrade.exchange.exchange - INFO - Couldn't reuse watch for DOGE/USDT, 5m, falling back to REST api. False, 1769904300000, 0, 2026-02-01T00:05:00, 1970-01-01T00:00:00 
2026-02-01 00:05:01,100 - freqtrade.exchange.exchange - INFO - Couldn't reuse watch for PEPE/USDT, 5m, falling back to REST api. False, 1769904300000, 0, 2026-02-01T00:05:00, 1970-01-01T00:00:00 
2026-02-01 00:05:01,101 - freqtrade.exchange.exchange - INFO - Couldn't reuse watch for USDC/USDT, 5m, falling back to REST api. False, 1769904300000, 0, 2026-02-01T00:05:00, 1970-01-01T00:00:00 
2026-02-01 00:05:01,102 - freqtrade.exchange.exchange - INFO - Couldn't reuse watch for LTC/USDT, 5m, falling back to REST api. False, 1769904300000, 0, 2026-02-01T00:05:00, 1970-01-01T00:00:00 
2026-02-01 00:05:01,103 - freqtrade.exchange.exchange - INFO - Couldn't reuse watch for SENT/USDT, 5m, falling back to REST api. False, 1769904300000, 0, 2026-02-01T00:05:00, 1970-01-01T00:00:00 
2026-02-01 00:05:01,104 - freqtrade.exchange.exchange - INFO - Couldn't reuse watch for SOL/USDT, 5m, falling back to REST api. False, 1769904300000, 0, 2026-02-01T00:05:00, 1970-01-01T00:00:00 
2026-02-01 00:05:11,004 - freqtrade.worker - INFO - Bot heartbeat. PID=1, version='2026.1', state='RUNNING'
2026-02-01 00:06:11,038 - freqtrade.worker - INFO - Bot heartbeat. PID=1, version='2026.1', state='RUNNING'
2026-02-01 00:07:11,070 - freqtrade.worker - INFO - Bot heartbeat. PID=1, version='2026.1', state='RUNNING'
2026-02-01 00:08:11,110 - freqtrade.worker - INFO - Bot heartbeat. PID=1, version='2026.1', state='RUNNING'
2026-02-01 00:09:11,149 - freqtrade.worker - INFO - Bot heartbeat. PID=1, version='2026.1', state='RUNNING'
2026-02-01 00:10:16,014 - freqtrade.worker - INFO - Bot heartbeat. PID=1, version='2026.1', state='RUNNING'
2026-02-01 00:11:16,052 - freqtrade.worker - INFO - Bot heartbeat. PID=1, version='2026.1', state='RUNNING'
2026-02-01 00:12:16,075 - freqtrade.worker - INFO - Bot heartbeat. PID=1, version='2026.1', state='RUNNING'
2026-02-01 00:13:16,113 - freqtrade.worker - INFO - Bot heartbeat. PID=1, version='2026.1', state='RUNNING'
2026-02-01 00:14:16,151 - freqtrade.worker - INFO - Bot heartbeat. PID=1, version='2026.1', state='RUNNING'
2026-02-01 00:15:01,489 - freqtrade.wallets - INFO - Wallets synced.
2026-02-01 00:15:01,667 - freqtrade.freqtradebot - INFO - Long signal found: about create a new trade for USDC/USDT with stake_amount: 330.0 and price: 1.0007 ...
2026-02-01 00:15:01,805 - freqtrade.freqtradebot - INFO - Order dry_run_buy_USDC/USDT_1769904901.671529 was created for USDC/USDT and status is open.
2026-02-01 00:15:01,843 - freqtrade.wallets - INFO - Wallets synced.
2026-02-01 00:15:01,845 - freqtrade.rpc.rpc_manager - INFO - Sending rpc message: {'trade_id': 2, 'type': entry, 'buy_tag': '', 'enter_tag': '', 'exchange': 'Binance', 'pair': 'USDC/USDT', 'leverage': 1.0, 'direction': 'Long', 'limit': 1.0007, 'order_rate': 1.0007, 'open_rate': 1.0007, 'order_type': 'limit', 'stake_amount': 330.0, 'stake_currency': 'USDT', 'base_currency': 'USDC', 'quote_currency': 'USDT', 'fiat_currency': 'USD', 'amount': 329.0, 'open_date': datetime.datetime(2026, 2, 1, 0, 15, 1, 808651, tzinfo=datetime.timezone.utc), 'current_rate': 1.0007, 'sub_trade': False}
2026-02-01 00:15:06,178 - freqtrade.freqtradebot - INFO - Found open order for Trade(id=2, pair=USDC/USDT, amount=0, is_short=False, leverage=1, open_rate=1.0007, open_since=2026-02-01 00:15:01)
2026-02-01 00:15:11,221 - freqtrade.freqtradebot - INFO - Found open order for Trade(id=2, pair=USDC/USDT, amount=0, is_short=False, leverage=1, open_rate=1.0007, open_since=2026-02-01 00:15:01)
2026-02-01 00:15:16,197 - freqtrade.freqtradebot - INFO - Found open order for Trade(id=2, pair=USDC/USDT, amount=0, is_short=False, leverage=1, open_rate=1.0007, open_since=2026-02-01 00:15:01)
2026-02-01 00:15:21,009 - freqtrade.worker - INFO - Bot heartbeat. PID=1, version='2026.1', state='RUNNING'
2026-02-01 00:15:21,219 - freqtrade.freqtradebot - INFO - Found open order for Trade(id=2, pair=USDC/USDT, amount=0, is_short=False, leverage=1, open_rate=1.0007, open_since=2026-02-01 00:15:01)
2026-02-01 00:15:26,213 - freqtrade.freqtradebot - INFO - Found open order for Trade(id=2, pair=USDC/USDT, amount=0, is_short=False, leverage=1, open_rate=1.0007, open_since=2026-02-01 00:15:01)
2026-02-01 00:15:31,454 - freqtrade.freqtradebot - INFO - Found open order for Trade(id=2, pair=USDC/USDT, amount=0, is_short=False, leverage=1, open_rate=1.0007, open_since=2026-02-01 00:15:01)
2026-02-01 00:15:36,266 - freqtrade.freqtradebot - INFO - Found open order for Trade(id=2, pair=USDC/USDT, amount=0, is_short=False, leverage=1, open_rate=1.0007, open_since=2026-02-01 00:15:01)
2026-02-01 00:15:41,220 - freqtrade.freqtradebot - INFO - Found open order for Trade(id=2, pair=USDC/USDT, amount=0, is_short=False, leverage=1, open_rate=1.0007, open_since=2026-02-01 00:15:01)
2026-02-01 00:15:46,236 - freqtrade.freqtradebot - INFO - Found open order for Trade(id=2, pair=USDC/USDT, amount=0, is_short=False, leverage=1, open_rate=1.0007, open_since=2026-02-01 00:15:01)
2026-02-01 00:15:51,451 - freqtrade.freqtradebot - INFO - Found open order for Trade(id=2, pair=USDC/USDT, amount=0, is_short=False, leverage=1, open_rate=1.0007, open_since=2026-02-01 00:15:01)
2026-02-01 00:15:56,321 - freqtrade.freqtradebot - INFO - Found open order for Trade(id=2, pair=USDC/USDT, amount=0, is_short=False, leverage=1, open_rate=1.0007, open_since=2026-02-01 00:15:01)
2026-02-01 00:16:01,269 - freqtrade.freqtradebot - INFO - Found open order for Trade(id=2, pair=USDC/USDT, amount=0, is_short=False, leverage=1, open_rate=1.0007, open_since=2026-02-01 00:15:01)
2026-02-01 00:16:06,253 - freqtrade.freqtradebot - INFO - Found open order for Trade(id=2, pair=USDC/USDT, amount=0, is_short=False, leverage=1, open_rate=1.0007, open_since=2026-02-01 00:15:01)
2026-02-01 00:16:11,279 - freqtrade.freqtradebot - INFO - Found open order for Trade(id=2, pair=USDC/USDT, amount=0, is_short=False, leverage=1, open_rate=1.0007, open_since=2026-02-01 00:15:01)
2026-02-01 00:16:16,249 - freqtrade.freqtradebot - INFO - Found open order for Trade(id=2, pair=USDC/USDT, amount=0, is_short=False, leverage=1, open_rate=1.0007, open_since=2026-02-01 00:15:01)
2026-02-01 00:16:21,065 - freqtrade.worker - INFO - Bot heartbeat. PID=1, version='2026.1', state='RUNNING'
2026-02-01 00:16:21,361 - freqtrade.freqtradebot - INFO - Found open order for Trade(id=2, pair=USDC/USDT, amount=0, is_short=False, leverage=1, open_rate=1.0007, open_since=2026-02-01 00:15:01)
2026-02-01 00:16:26,263 - freqtrade.freqtradebot - INFO - Found open order for Trade(id=2, pair=USDC/USDT, amount=0, is_short=False, leverage=1, open_rate=1.0007, open_since=2026-02-01 00:15:01)
2026-02-01 00:16:31,252 - freqtrade.freqtradebot - INFO - Found open order for Trade(id=2, pair=USDC/USDT, amount=0, is_short=False, leverage=1, open_rate=1.0007, open_since=2026-02-01 00:15:01)
2026-02-01 00:16:36,292 - freqtrade.freqtradebot - INFO - Found open order for Trade(id=2, pair=USDC/USDT, amount=0, is_short=False, leverage=1, open_rate=1.0007, open_since=2026-02-01 00:15:01)
2026-02-01 00:16:41,282 - freqtrade.freqtradebot - INFO - Found open order for Trade(id=2, pair=USDC/USDT, amount=0, is_short=False, leverage=1, open_rate=1.0007, open_since=2026-02-01 00:15:01)
2026-02-01 00:16:46,293 - freqtrade.freqtradebot - INFO - Found open order for Trade(id=2, pair=USDC/USDT, amount=0, is_short=False, leverage=1, open_rate=1.0007, open_since=2026-02-01 00:15:01)
2026-02-01 00:16:51,261 - freqtrade.freqtradebot - INFO - Found open order for Trade(id=2, pair=USDC/USDT, amount=0, is_short=False, leverage=1, open_rate=1.0007, open_since=2026-02-01 00:15:01)
2026-02-01 00:16:56,261 - freqtrade.freqtradebot - INFO - Found open order for Trade(id=2, pair=USDC/USDT, amount=0, is_short=False, leverage=1, open_rate=1.0007, open_since=2026-02-01 00:15:01)
2026-02-01 00:17:01,567 - freqtrade.freqtradebot - INFO - Found open order for Trade(id=2, pair=USDC/USDT, amount=0, is_short=False, leverage=1, open_rate=1.0007, open_since=2026-02-01 00:15:01)
2026-02-01 00:17:06,327 - freqtrade.freqtradebot - INFO - Found open order for Trade(id=2, pair=USDC/USDT, amount=0, is_short=False, leverage=1, open_rate=1.0007, open_since=2026-02-01 00:15:01)
2026-02-01 00:17:11,270 - freqtrade.freqtradebot - INFO - Found open order for Trade(id=2, pair=USDC/USDT, amount=0, is_short=False, leverage=1, open_rate=1.0007, open_since=2026-02-01 00:15:01)
2026-02-01 00:17:16,272 - freqtrade.freqtradebot - INFO - Found open order for Trade(id=2, pair=USDC/USDT, amount=0, is_short=False, leverage=1, open_rate=1.0007, open_since=2026-02-01 00:15:01)
2026-02-01 00:17:21,100 - freqtrade.worker - INFO - Bot heartbeat. PID=1, version='2026.1', state='RUNNING'
2026-02-01 00:17:21,314 - freqtrade.freqtradebot - INFO - Found open order for Trade(id=2, pair=USDC/USDT, amount=0, is_short=False, leverage=1, open_rate=1.0007, open_since=2026-02-01 00:15:01)
2026-02-01 00:17:26,498 - freqtrade.freqtradebot - INFO - Found open order for Trade(id=2, pair=USDC/USDT, amount=0, is_short=False, leverage=1, open_rate=1.0007, open_since=2026-02-01 00:15:01)
2026-02-01 00:17:31,312 - freqtrade.freqtradebot - INFO - Found open order for Trade(id=2, pair=USDC/USDT, amount=0, is_short=False, leverage=1, open_rate=1.0007, open_since=2026-02-01 00:15:01)
2026-02-01 00:17:36,296 - freqtrade.freqtradebot - INFO - Found open order for Trade(id=2, pair=USDC/USDT, amount=0, is_short=False, leverage=1, open_rate=1.0007, open_since=2026-02-01 00:15:01)
2026-02-01 00:17:41,322 - freqtrade.freqtradebot - INFO - Found open order for Trade(id=2, pair=USDC/USDT, amount=0, is_short=False, leverage=1, open_rate=1.0007, open_since=2026-02-01 00:15:01)
2026-02-01 00:17:46,316 - freqtrade.freqtradebot - INFO - Found open order for Trade(id=2, pair=USDC/USDT, amount=0, is_short=False, leverage=1, open_rate=1.0007, open_since=2026-02-01 00:15:01)
2026-02-01 00:17:51,345 - freqtrade.freqtradebot - INFO - Found open order for Trade(id=2, pair=USDC/USDT, amount=0, is_short=False, leverage=1, open_rate=1.0007, open_since=2026-02-01 00:15:01)
2026-02-01 00:17:56,313 - freqtrade.freqtradebot - INFO - Found open order for Trade(id=2, pair=USDC/USDT, amount=0, is_short=False, leverage=1, open_rate=1.0007, open_since=2026-02-01 00:15:01)
2026-02-01 00:18:01,343 - freqtrade.freqtradebot - INFO - Found open order for Trade(id=2, pair=USDC/USDT, amount=0, is_short=False, leverage=1, open_rate=1.0007, open_since=2026-02-01 00:15:01)
2026-02-01 00:18:06,342 - freqtrade.freqtradebot - INFO - Found open order for Trade(id=2, pair=USDC/USDT, amount=0, is_short=False, leverage=1, open_rate=1.0007, open_since=2026-02-01 00:15:01)
2026-02-01 00:18:11,299 - freqtrade.freqtradebot - INFO - Found open order for Trade(id=2, pair=USDC/USDT, amount=0, is_short=False, leverage=1, open_rate=1.0007, open_since=2026-02-01 00:15:01)
2026-02-01 00:18:16,332 - freqtrade.freqtradebot - INFO - Found open order for Trade(id=2, pair=USDC/USDT, amount=0, is_short=False, leverage=1, open_rate=1.0007, open_since=2026-02-01 00:15:01)
2026-02-01 00:18:21,126 - freqtrade.worker - INFO - Bot heartbeat. PID=1, version='2026.1', state='RUNNING'
2026-02-01 00:18:21,354 - freqtrade.freqtradebot - INFO - Found open order for Trade(id=2, pair=USDC/USDT, amount=0, is_short=False, leverage=1, open_rate=1.0007, open_since=2026-02-01 00:15:01)
2026-02-01 00:18:26,312 - freqtrade.freqtradebot - INFO - Found open order for Trade(id=2, pair=USDC/USDT, amount=0, is_short=False, leverage=1, open_rate=1.0007, open_since=2026-02-01 00:15:01)
2026-02-01 00:18:31,391 - freqtrade.freqtradebot - INFO - Found open order for Trade(id=2, pair=USDC/USDT, amount=0, is_short=False, leverage=1, open_rate=1.0007, open_since=2026-02-01 00:15:01)
2026-02-01 00:18:36,366 - freqtrade.freqtradebot - INFO - Found open order for Trade(id=2, pair=USDC/USDT, amount=0, is_short=False, leverage=1, open_rate=1.0007, open_since=2026-02-01 00:15:01)
2026-02-01 00:18:41,362 - freqtrade.freqtradebot - INFO - Found open order for Trade(id=2, pair=USDC/USDT, amount=0, is_short=False, leverage=1, open_rate=1.0007, open_since=2026-02-01 00:15:01)
2026-02-01 00:18:46,372 - freqtrade.freqtradebot - INFO - Found open order for Trade(id=2, pair=USDC/USDT, amount=0, is_short=False, leverage=1, open_rate=1.0007, open_since=2026-02-01 00:15:01)
2026-02-01 00:18:51,428 - freqtrade.freqtradebot - INFO - Found open order for Trade(id=2, pair=USDC/USDT, amount=0, is_short=False, leverage=1, open_rate=1.0007, open_since=2026-02-01 00:15:01)
2026-02-01 00:18:56,354 - freqtrade.freqtradebot - INFO - Found open order for Trade(id=2, pair=USDC/USDT, amount=0, is_short=False, leverage=1, open_rate=1.0007, open_since=2026-02-01 00:15:01)
2026-02-01 00:19:01,338 - freqtrade.freqtradebot - INFO - Found open order for Trade(id=2, pair=USDC/USDT, amount=0, is_short=False, leverage=1, open_rate=1.0007, open_since=2026-02-01 00:15:01)
2026-02-01 00:19:06,401 - freqtrade.freqtradebot - INFO - Found open order for Trade(id=2, pair=USDC/USDT, amount=0, is_short=False, leverage=1, open_rate=1.0007, open_since=2026-02-01 00:15:01)
2026-02-01 00:19:11,396 - freqtrade.freqtradebot - INFO - Found open order for Trade(id=2, pair=USDC/USDT, amount=0, is_short=False, leverage=1, open_rate=1.0007, open_since=2026-02-01 00:15:01)
2026-02-01 00:19:16,341 - freqtrade.freqtradebot - INFO - Found open order for Trade(id=2, pair=USDC/USDT, amount=0, is_short=False, leverage=1, open_rate=1.0007, open_since=2026-02-01 00:15:01)
2026-02-01 00:19:21,150 - freqtrade.worker - INFO - Bot heartbeat. PID=1, version='2026.1', state='RUNNING'
2026-02-01 00:19:21,622 - freqtrade.freqtradebot - INFO - Found open order for Trade(id=2, pair=USDC/USDT, amount=0, is_short=False, leverage=1, open_rate=1.0007, open_since=2026-02-01 00:15:01)
2026-02-01 00:19:26,178 - freqtrade.plugins.pairlistmanager - INFO - Whitelist with 20 pairs: ['BTC/USDT', 'ETH/USDT', 'USDC/USDT', 'SOL/USDT', 'XRP/USDT', 'USD1/USDT', 'DOGE/USDT', 'SENT/USDT', 'SUI/USDT', 'FDUSD/USDT', 'ADA/USDT', 'PAXG/USDT', 'ZEC/USDT', 'LINK/USDT', 'AVAX/USDT', 'LTC/USDT', 'TRX/USDT', 'PEPE/USDT', 'ASTER/USDT', 'ENA/USDT']
2026-02-01 00:19:26,344 - freqtrade.freqtradebot - INFO - Found open order for Trade(id=2, pair=USDC/USDT, amount=0, is_short=False, leverage=1, open_rate=1.0007, open_since=2026-02-01 00:15:01)
2026-02-01 00:19:32,850 - freqtrade.freqtradebot - INFO - Found open order for Trade(id=2, pair=USDC/USDT, amount=0, is_short=False, leverage=1, open_rate=1.0007, open_since=2026-02-01 00:15:01)
2026-02-01 00:19:36,418 - freqtrade.freqtradebot - INFO - Found open order for Trade(id=2, pair=USDC/USDT, amount=0, is_short=False, leverage=1, open_rate=1.0007, open_since=2026-02-01 00:15:01)
2026-02-01 00:19:41,353 - freqtrade.freqtradebot - INFO - Found open order for Trade(id=2, pair=USDC/USDT, amount=0, is_short=False, leverage=1, open_rate=1.0007, open_since=2026-02-01 00:15:01)
2026-02-01 00:19:46,371 - freqtrade.freqtradebot - INFO - Found open order for Trade(id=2, pair=USDC/USDT, amount=0, is_short=False, leverage=1, open_rate=1.0007, open_since=2026-02-01 00:15:01)
2026-02-01 00:19:51,351 - freqtrade.freqtradebot - INFO - Found open order for Trade(id=2, pair=USDC/USDT, amount=0, is_short=False, leverage=1, open_rate=1.0007, open_since=2026-02-01 00:15:01)
2026-02-01 00:19:56,443 - freqtrade.freqtradebot - INFO - Found open order for Trade(id=2, pair=USDC/USDT, amount=0, is_short=False, leverage=1, open_rate=1.0007, open_since=2026-02-01 00:15:01)
2026-02-01 00:20:01,385 - freqtrade.freqtradebot - INFO - Found open order for Trade(id=2, pair=USDC/USDT, amount=0, is_short=False, leverage=1, open_rate=1.0007, open_since=2026-02-01 00:15:01)
2026-02-01 00:20:06,197 - freqtrade.freqtradebot - INFO - Found open order for Trade(id=2, pair=USDC/USDT, amount=0, is_short=False, leverage=1, open_rate=1.0007, open_since=2026-02-01 00:15:01)
2026-02-01 00:20:11,189 - freqtrade.freqtradebot - INFO - Found open order for Trade(id=2, pair=USDC/USDT, amount=0, is_short=False, leverage=1, open_rate=1.0007, open_since=2026-02-01 00:15:01)
2026-02-01 00:20:16,418 - freqtrade.freqtradebot - INFO - Found open order for Trade(id=2, pair=USDC/USDT, amount=0, is_short=False, leverage=1, open_rate=1.0007, open_since=2026-02-01 00:15:01)
2026-02-01 00:20:21,507 - freqtrade.freqtradebot - INFO - Found open order for Trade(id=2, pair=USDC/USDT, amount=0, is_short=False, leverage=1, open_rate=1.0007, open_since=2026-02-01 00:15:01)
2026-02-01 00:20:26,017 - freqtrade.worker - INFO - Bot heartbeat. PID=1, version='2026.1', state='RUNNING'
2026-02-01 00:20:26,427 - freqtrade.freqtradebot - INFO - Found open order for Trade(id=2, pair=USDC/USDT, amount=0, is_short=False, leverage=1, open_rate=1.0007, open_since=2026-02-01 00:15:01)
2026-02-01 00:20:31,191 - freqtrade.freqtradebot - INFO - Found open order for Trade(id=2, pair=USDC/USDT, amount=0, is_short=False, leverage=1, open_rate=1.0007, open_since=2026-02-01 00:15:01)
2026-02-01 00:20:36,430 - freqtrade.freqtradebot - INFO - Found open order for Trade(id=2, pair=USDC/USDT, amount=0, is_short=False, leverage=1, open_rate=1.0007, open_since=2026-02-01 00:15:01)
2026-02-01 00:20:41,217 - freqtrade.freqtradebot - INFO - Found open order for Trade(id=2, pair=USDC/USDT, amount=0, is_short=False, leverage=1, open_rate=1.0007, open_since=2026-02-01 00:15:01)
2026-02-01 00:20:46,216 - freqtrade.freqtradebot - INFO - Found open order for Trade(id=2, pair=USDC/USDT, amount=0, is_short=False, leverage=1, open_rate=1.0007, open_since=2026-02-01 00:15:01)
2026-02-01 00:20:51,194 - freqtrade.freqtradebot - INFO - Found open order for Trade(id=2, pair=USDC/USDT, amount=0, is_short=False, leverage=1, open_rate=1.0007, open_since=2026-02-01 00:15:01)
2026-02-01 00:20:56,220 - freqtrade.freqtradebot - INFO - Found open order for Trade(id=2, pair=USDC/USDT, amount=0, is_short=False, leverage=1, open_rate=1.0007, open_since=2026-02-01 00:15:01)
2026-02-01 00:21:01,208 - freqtrade.freqtradebot - INFO - Found open order for Trade(id=2, pair=USDC/USDT, amount=0, is_short=False, leverage=1, open_rate=1.0007, open_since=2026-02-01 00:15:01)
2026-02-01 00:21:06,218 - freqtrade.freqtradebot - INFO - Found open order for Trade(id=2, pair=USDC/USDT, amount=0, is_short=False, leverage=1, open_rate=1.0007, open_since=2026-02-01 00:15:01)
2026-02-01 00:21:11,217 - freqtrade.freqtradebot - INFO - Found open order for Trade(id=2, pair=USDC/USDT, amount=0, is_short=False, leverage=1, open_rate=1.0007, open_since=2026-02-01 00:15:01)
2026-02-01 00:21:16,216 - freqtrade.freqtradebot - INFO - Found open order for Trade(id=2, pair=USDC/USDT, amount=0, is_short=False, leverage=1, open_rate=1.0007, open_since=2026-02-01 00:15:01)
2026-02-01 00:21:21,259 - freqtrade.freqtradebot - INFO - Found open order for Trade(id=2, pair=USDC/USDT, amount=0, is_short=False, leverage=1, open_rate=1.0007, open_since=2026-02-01 00:15:01)
2026-02-01 00:21:26,047 - freqtrade.worker - INFO - Bot heartbeat. PID=1, version='2026.1', state='RUNNING'
2026-02-01 00:21:26,265 - freqtrade.freqtradebot - INFO - Found open order for Trade(id=2, pair=USDC/USDT, amount=0, is_short=False, leverage=1, open_rate=1.0007, open_since=2026-02-01 00:15:01)
2026-02-01 00:21:31,237 - freqtrade.freqtradebot - INFO - Found open order for Trade(id=2, pair=USDC/USDT, amount=0, is_short=False, leverage=1, open_rate=1.0007, open_since=2026-02-01 00:15:01)
2026-02-01 00:21:36,292 - freqtrade.freqtradebot - INFO - Found open order for Trade(id=2, pair=USDC/USDT, amount=0, is_short=False, leverage=1, open_rate=1.0007, open_since=2026-02-01 00:15:01)
2026-02-01 00:21:41,208 - freqtrade.freqtradebot - INFO - Found open order for Trade(id=2, pair=USDC/USDT, amount=0, is_short=False, leverage=1, open_rate=1.0007, open_since=2026-02-01 00:15:01)
2026-02-01 00:21:46,289 - freqtrade.freqtradebot - INFO - Found open order for Trade(id=2, pair=USDC/USDT, amount=0, is_short=False, leverage=1, open_rate=1.0007, open_since=2026-02-01 00:15:01)
2026-02-01 00:21:51,276 - freqtrade.freqtradebot - INFO - Found open order for Trade(id=2, pair=USDC/USDT, amount=0, is_short=False, leverage=1, open_rate=1.0007, open_since=2026-02-01 00:15:01)
2026-02-01 00:21:56,295 - freqtrade.freqtradebot - INFO - Found open order for Trade(id=2, pair=USDC/USDT, amount=0, is_short=False, leverage=1, open_rate=1.0007, open_since=2026-02-01 00:15:01)
2026-02-01 00:22:01,226 - freqtrade.freqtradebot - INFO - Found open order for Trade(id=2, pair=USDC/USDT, amount=0, is_short=False, leverage=1, open_rate=1.0007, open_since=2026-02-01 00:15:01)
2026-02-01 00:22:06,244 - freqtrade.freqtradebot - INFO - Found open order for Trade(id=2, pair=USDC/USDT, amount=0, is_short=False, leverage=1, open_rate=1.0007, open_since=2026-02-01 00:15:01)
2026-02-01 00:22:11,611 - freqtrade.freqtradebot - INFO - Found open order for Trade(id=2, pair=USDC/USDT, amount=0, is_short=False, leverage=1, open_rate=1.0007, open_since=2026-02-01 00:15:01)
2026-02-01 00:22:16,250 - freqtrade.freqtradebot - INFO - Found open order for Trade(id=2, pair=USDC/USDT, amount=0, is_short=False, leverage=1, open_rate=1.0007, open_since=2026-02-01 00:15:01)
2026-02-01 00:22:21,499 - freqtrade.freqtradebot - INFO - Found open order for Trade(id=2, pair=USDC/USDT, amount=0, is_short=False, leverage=1, open_rate=1.0007, open_since=2026-02-01 00:15:01)
2026-02-01 00:22:26,074 - freqtrade.worker - INFO - Bot heartbeat. PID=1, version='2026.1', state='RUNNING'
2026-02-01 00:22:26,277 - freqtrade.freqtradebot - INFO - Found open order for Trade(id=2, pair=USDC/USDT, amount=0, is_short=False, leverage=1, open_rate=1.0007, open_since=2026-02-01 00:15:01)
2026-02-01 00:22:31,295 - freqtrade.freqtradebot - INFO - Found open order for Trade(id=2, pair=USDC/USDT, amount=0, is_short=False, leverage=1, open_rate=1.0007, open_since=2026-02-01 00:15:01)
2026-02-01 00:22:36,300 - freqtrade.freqtradebot - INFO - Found open order for Trade(id=2, pair=USDC/USDT, amount=0, is_short=False, leverage=1, open_rate=1.0007, open_since=2026-02-01 00:15:01)
2026-02-01 00:22:41,283 - freqtrade.freqtradebot - INFO - Found open order for Trade(id=2, pair=USDC/USDT, amount=0, is_short=False, leverage=1, open_rate=1.0007, open_since=2026-02-01 00:15:01)
2026-02-01 00:22:46,343 - freqtrade.freqtradebot - INFO - Found open order for Trade(id=2, pair=USDC/USDT, amount=0, is_short=False, leverage=1, open_rate=1.0007, open_since=2026-02-01 00:15:01)
2026-02-01 00:22:51,279 - freqtrade.freqtradebot - INFO - Found open order for Trade(id=2, pair=USDC/USDT, amount=0, is_short=False, leverage=1, open_rate=1.0007, open_since=2026-02-01 00:15:01)
2026-02-01 00:22:56,256 - freqtrade.freqtradebot - INFO - Found open order for Trade(id=2, pair=USDC/USDT, amount=0, is_short=False, leverage=1, open_rate=1.0007, open_since=2026-02-01 00:15:01)
2026-02-01 00:23:01,245 - freqtrade.freqtradebot - INFO - Found open order for Trade(id=2, pair=USDC/USDT, amount=0, is_short=False, leverage=1, open_rate=1.0007, open_since=2026-02-01 00:15:01)
2026-02-01 00:23:06,261 - freqtrade.freqtradebot - INFO - Found open order for Trade(id=2, pair=USDC/USDT, amount=0, is_short=False, leverage=1, open_rate=1.0007, open_since=2026-02-01 00:15:01)
2026-02-01 00:23:11,268 - freqtrade.freqtradebot - INFO - Found open order for Trade(id=2, pair=USDC/USDT, amount=0, is_short=False, leverage=1, open_rate=1.0007, open_since=2026-02-01 00:15:01)
2026-02-01 00:23:16,496 - freqtrade.freqtradebot - INFO - Found open order for Trade(id=2, pair=USDC/USDT, amount=0, is_short=False, leverage=1, open_rate=1.0007, open_since=2026-02-01 00:15:01)
2026-02-01 00:23:21,269 - freqtrade.freqtradebot - INFO - Found open order for Trade(id=2, pair=USDC/USDT, amount=0, is_short=False, leverage=1, open_rate=1.0007, open_since=2026-02-01 00:15:01)
2026-02-01 00:23:26,091 - freqtrade.worker - INFO - Bot heartbeat. PID=1, version='2026.1', state='RUNNING'
2026-02-01 00:23:26,284 - freqtrade.freqtradebot - INFO - Found open order for Trade(id=2, pair=USDC/USDT, amount=0, is_short=False, leverage=1, open_rate=1.0007, open_since=2026-02-01 00:15:01)
2026-02-01 00:23:31,289 - freqtrade.freqtradebot - INFO - Found open order for Trade(id=2, pair=USDC/USDT, amount=0, is_short=False, leverage=1, open_rate=1.0007, open_since=2026-02-01 00:15:01)
2026-02-01 00:23:36,269 - freqtrade.freqtradebot - INFO - Found open order for Trade(id=2, pair=USDC/USDT, amount=0, is_short=False, leverage=1, open_rate=1.0007, open_since=2026-02-01 00:15:01)
2026-02-01 00:23:41,298 - freqtrade.freqtradebot - INFO - Found open order for Trade(id=2, pair=USDC/USDT, amount=0, is_short=False, leverage=1, open_rate=1.0007, open_since=2026-02-01 00:15:01)
2026-02-01 00:23:46,286 - freqtrade.freqtradebot - INFO - Found open order for Trade(id=2, pair=USDC/USDT, amount=0, is_short=False, leverage=1, open_rate=1.0007, open_since=2026-02-01 00:15:01)
2026-02-01 00:23:51,359 - freqtrade.freqtradebot - INFO - Found open order for Trade(id=2, pair=USDC/USDT, amount=0, is_short=False, leverage=1, open_rate=1.0007, open_since=2026-02-01 00:15:01)
2026-02-01 00:23:56,529 - freqtrade.freqtradebot - INFO - Found open order for Trade(id=2, pair=USDC/USDT, amount=0, is_short=False, leverage=1, open_rate=1.0007, open_since=2026-02-01 00:15:01)
2026-02-01 00:24:01,511 - freqtrade.freqtradebot - INFO - Found open order for Trade(id=2, pair=USDC/USDT, amount=0, is_short=False, leverage=1, open_rate=1.0007, open_since=2026-02-01 00:15:01)
2026-02-01 00:24:06,348 - freqtrade.freqtradebot - INFO - Found open order for Trade(id=2, pair=USDC/USDT, amount=0, is_short=False, leverage=1, open_rate=1.0007, open_since=2026-02-01 00:15:01)
2026-02-01 00:24:11,301 - freqtrade.freqtradebot - INFO - Found open order for Trade(id=2, pair=USDC/USDT, amount=0, is_short=False, leverage=1, open_rate=1.0007, open_since=2026-02-01 00:15:01)
2026-02-01 00:24:16,374 - freqtrade.freqtradebot - INFO - Found open order for Trade(id=2, pair=USDC/USDT, amount=0, is_short=False, leverage=1, open_rate=1.0007, open_since=2026-02-01 00:15:01)
2026-02-01 00:24:21,313 - freqtrade.freqtradebot - INFO - Found open order for Trade(id=2, pair=USDC/USDT, amount=0, is_short=False, leverage=1, open_rate=1.0007, open_since=2026-02-01 00:15:01)
2026-02-01 00:24:26,116 - freqtrade.worker - INFO - Bot heartbeat. PID=1, version='2026.1', state='RUNNING'
2026-02-01 00:24:26,348 - freqtrade.freqtradebot - INFO - Found open order for Trade(id=2, pair=USDC/USDT, amount=0, is_short=False, leverage=1, open_rate=1.0007, open_since=2026-02-01 00:15:01)
2026-02-01 00:24:31,340 - freqtrade.freqtradebot - INFO - Found open order for Trade(id=2, pair=USDC/USDT, amount=0, is_short=False, leverage=1, open_rate=1.0007, open_since=2026-02-01 00:15:01)
2026-02-01 00:24:36,428 - freqtrade.freqtradebot - INFO - Found open order for Trade(id=2, pair=USDC/USDT, amount=0, is_short=False, leverage=1, open_rate=1.0007, open_since=2026-02-01 00:15:01)
2026-02-01 00:24:41,336 - freqtrade.freqtradebot - INFO - Found open order for Trade(id=2, pair=USDC/USDT, amount=0, is_short=False, leverage=1, open_rate=1.0007, open_since=2026-02-01 00:15:01)
2026-02-01 00:24:46,300 - freqtrade.freqtradebot - INFO - Found open order for Trade(id=2, pair=USDC/USDT, amount=0, is_short=False, leverage=1, open_rate=1.0007, open_since=2026-02-01 00:15:01)
2026-02-01 00:24:51,569 - freqtrade.freqtradebot - INFO - Found open order for Trade(id=2, pair=USDC/USDT, amount=0, is_short=False, leverage=1, open_rate=1.0007, open_since=2026-02-01 00:15:01)
2026-02-01 00:24:56,576 - freqtrade.freqtradebot - INFO - Found open order for Trade(id=2, pair=USDC/USDT, amount=0, is_short=False, leverage=1, open_rate=1.0007, open_since=2026-02-01 00:15:01)
2026-02-01 00:25:01,466 - freqtrade.freqtradebot - INFO - Found open order for Trade(id=2, pair=USDC/USDT, amount=0, is_short=False, leverage=1, open_rate=1.0007, open_since=2026-02-01 00:15:01)
2026-02-01 00:25:06,177 - freqtrade.freqtradebot - INFO - Found open order for Trade(id=2, pair=USDC/USDT, amount=0, is_short=False, leverage=1, open_rate=1.0007, open_since=2026-02-01 00:15:01)
2026-02-01 00:25:06,720 - freqtrade.freqtradebot - INFO - Buy order cancelled due to timeout for Trade(id=2, pair=USDC/USDT, amount=0, is_short=False, leverage=1, open_rate=1.0007, open_since=2026-02-01 00:15:01).
2026-02-01 00:25:06,722 - freqtrade.freqtradebot - INFO - Buy order fully cancelled. Removing Trade(id=2, pair=USDC/USDT, amount=0, is_short=False, leverage=1, open_rate=1.0007, open_since=2026-02-01 00:15:01) from database.
2026-02-01 00:25:06,780 - freqtrade.wallets - INFO - Wallets synced.
2026-02-01 00:25:06,781 - freqtrade.rpc.rpc_manager - INFO - Sending rpc message: {'trade_id': 2, 'type': entry_cancel, 'buy_tag': '', 'enter_tag': '', 'exchange': 'Binance', 'pair': 'USDC/USDT', 'leverage': 1.0, 'direction': 'Long', 'limit': 1.0007, 'order_rate': 1.0007, 'order_type': 'limit', 'stake_amount': 330.0, 'open_rate': 1.0007, 'stake_currency': 'USDT', 'base_currency': 'USDC', 'quote_currency': 'USDT', 'fiat_currency': 'USD', 'amount': 0.0, 'open_date': datetime.datetime(2026, 2, 1, 0, 15, 1, 808651), 'current_rate': 1.0007, 'reason': 'cancelled due to timeout, fully cancelled', 'sub_trade': False}
2026-02-01 00:25:31,016 - freqtrade.worker - INFO - Bot heartbeat. PID=1, version='2026.1', state='RUNNING'
2026-02-01 00:26:31,047 - freqtrade.worker - INFO - Bot heartbeat. PID=1, version='2026.1', state='RUNNING'
2026-02-01 00:27:31,074 - freqtrade.worker - INFO - Bot heartbeat. PID=1, version='2026.1', state='RUNNING'
2026-02-01 00:28:31,112 - freqtrade.worker - INFO - Bot heartbeat. PID=1, version='2026.1', state='RUNNING'
2026-02-01 00:29:31,138 - freqtrade.worker - INFO - Bot heartbeat. PID=1, version='2026.1', state='RUNNING'
2026-02-01 00:30:36,035 - freqtrade.worker - INFO - Bot heartbeat. PID=1, version='2026.1', state='RUNNING'
2026-02-01 00:31:36,063 - freqtrade.worker - INFO - Bot heartbeat. PID=1, version='2026.1', state='RUNNING'
2026-02-01 00:32:36,102 - freqtrade.worker - INFO - Bot heartbeat. PID=1, version='2026.1', state='RUNNING'
2026-02-01 00:33:36,133 - freqtrade.worker - INFO - Bot heartbeat. PID=1, version='2026.1', state='RUNNING'
2026-02-01 00:34:36,158 - freqtrade.worker - INFO - Bot heartbeat. PID=1, version='2026.1', state='RUNNING'
2026-02-01 00:35:41,022 - freqtrade.worker - INFO - Bot heartbeat. PID=1, version='2026.1', state='RUNNING'
2026-02-01 00:36:41,052 - freqtrade.worker - INFO - Bot heartbeat. PID=1, version='2026.1', state='RUNNING'
2026-02-01 00:37:41,095 - freqtrade.worker - INFO - Bot heartbeat. PID=1, version='2026.1', state='RUNNING'
2026-02-01 00:38:41,140 - freqtrade.worker - INFO - Bot heartbeat. PID=1, version='2026.1', state='RUNNING'
2026-02-01 00:39:41,164 - freqtrade.worker - INFO - Bot heartbeat. PID=1, version='2026.1', state='RUNNING'
2026-02-01 00:40:46,021 - freqtrade.worker - INFO - Bot heartbeat. PID=1, version='2026.1', state='RUNNING'
2026-02-01 00:41:46,052 - freqtrade.worker - INFO - Bot heartbeat. PID=1, version='2026.1', state='RUNNING'
2026-02-01 00:42:46,087 - freqtrade.worker - INFO - Bot heartbeat. PID=1, version='2026.1', state='RUNNING'
2026-02-01 00:43:46,129 - freqtrade.worker - INFO - Bot heartbeat. PID=1, version='2026.1', state='RUNNING'
2026-02-01 00:44:46,156 - freqtrade.worker - INFO - Bot heartbeat. PID=1, version='2026.1', state='RUNNING'
2026-02-01 00:45:51,025 - freqtrade.worker - INFO - Bot heartbeat. PID=1, version='2026.1', state='RUNNING'
2026-02-01 00:46:51,063 - freqtrade.worker - INFO - Bot heartbeat. PID=1, version='2026.1', state='RUNNING'
2026-02-01 00:47:51,099 - freqtrade.worker - INFO - Bot heartbeat. PID=1, version='2026.1', state='RUNNING'
2026-02-01 00:48:51,135 - freqtrade.worker - INFO - Bot heartbeat. PID=1, version='2026.1', state='RUNNING'
2026-02-01 00:49:35,036 - VolumePairList - INFO - Pair BNB/USDT in your blacklist. Removing it from whitelist...
2026-02-01 00:49:54,166 - freqtrade.worker - INFO - Bot heartbeat. PID=1, version='2026.1', state='RUNNING'
2026-02-01 00:50:56,038 - freqtrade.worker - INFO - Bot heartbeat. PID=1, version='2026.1', state='RUNNING'
2026-02-01 00:51:56,072 - freqtrade.worker - INFO - Bot heartbeat. PID=1, version='2026.1', state='RUNNING'
2026-02-01 00:52:56,113 - freqtrade.worker - INFO - Bot heartbeat. PID=1, version='2026.1', state='RUNNING'
2026-02-01 00:53:56,137 - freqtrade.worker - INFO - Bot heartbeat. PID=1, version='2026.1', state='RUNNING'
2026-02-01 00:54:56,170 - freqtrade.worker - INFO - Bot heartbeat. PID=1, version='2026.1', state='RUNNING'
2026-02-01 00:56:01,037 - freqtrade.worker - INFO - Bot heartbeat. PID=1, version='2026.1', state='RUNNING'
2026-02-01 00:57:01,083 - freqtrade.worker - INFO - Bot heartbeat. PID=1, version='2026.1', state='RUNNING'
2026-02-01 00:58:01,117 - freqtrade.worker - INFO - Bot heartbeat. PID=1, version='2026.1', state='RUNNING'
2026-02-01 00:59:01,145 - freqtrade.worker - INFO - Bot heartbeat. PID=1, version='2026.1', state='RUNNING'
2026-02-01 01:00:06,008 - freqtrade.worker - INFO - Bot heartbeat. PID=1, version='2026.1', state='RUNNING'
2026-02-01 01:01:06,045 - freqtrade.worker - INFO - Bot heartbeat. PID=1, version='2026.1', state='RUNNING'
2026-02-01 01:02:06,083 - freqtrade.worker - INFO - Bot heartbeat. PID=1, version='2026.1', state='RUNNING'
2026-02-01 01:03:06,125 - freqtrade.worker - INFO - Bot heartbeat. PID=1, version='2026.1', state='RUNNING'
2026-02-01 01:04:06,150 - freqtrade.worker - INFO - Bot heartbeat. PID=1, version='2026.1', state='RUNNING'
2026-02-01 01:05:11,005 - freqtrade.worker - INFO - Bot heartbeat. PID=1, version='2026.1', state='RUNNING'
2026-02-01 01:06:11,041 - freqtrade.worker - INFO - Bot heartbeat. PID=1, version='2026.1', state='RUNNING'
2026-02-01 01:07:11,080 - freqtrade.worker - INFO - Bot heartbeat. PID=1, version='2026.1', state='RUNNING'
2026-02-01 01:08:11,117 - freqtrade.worker - INFO - Bot heartbeat. PID=1, version='2026.1', state='RUNNING'
2026-02-01 01:09:11,154 - freqtrade.worker - INFO - Bot heartbeat. PID=1, version='2026.1', state='RUNNING'
2026-02-01 01:10:16,010 - freqtrade.worker - INFO - Bot heartbeat. PID=1, version='2026.1', state='RUNNING'
2026-02-01 01:11:16,033 - freqtrade.worker - INFO - Bot heartbeat. PID=1, version='2026.1', state='RUNNING'
2026-02-01 01:12:16,065 - freqtrade.worker - INFO - Bot heartbeat. PID=1, version='2026.1', state='RUNNING'
2026-02-01 01:13:16,099 - freqtrade.worker - INFO - Bot heartbeat. PID=1, version='2026.1', state='RUNNING'
2026-02-01 01:14:16,131 - freqtrade.worker - INFO - Bot heartbeat. PID=1, version='2026.1', state='RUNNING'
2026-02-01 01:15:21,019 - freqtrade.worker - INFO - Bot heartbeat. PID=1, version='2026.1', state='RUNNING'
2026-02-01 01:16:21,060 - freqtrade.worker - INFO - Bot heartbeat. PID=1, version='2026.1', state='RUNNING'
2026-02-01 01:17:21,091 - freqtrade.worker - INFO - Bot heartbeat. PID=1, version='2026.1', state='RUNNING'
2026-02-01 01:18:21,116 - freqtrade.worker - INFO - Bot heartbeat. PID=1, version='2026.1', state='RUNNING'
2026-02-01 01:19:21,149 - freqtrade.worker - INFO - Bot heartbeat. PID=1, version='2026.1', state='RUNNING'
2026-02-01 01:19:26,201 - freqtrade.plugins.pairlistmanager - INFO - Whitelist with 20 pairs: ['BTC/USDT', 'ETH/USDT', 'USDC/USDT', 'SOL/USDT', 'XRP/USDT', 'USD1/USDT', 'DOGE/USDT', 'SENT/USDT', 'SUI/USDT', 'FDUSD/USDT', 'ADA/USDT', 'PAXG/USDT', 'ZEC/USDT', 'LINK/USDT', 'AVAX/USDT', 'LTC/USDT', 'TRX/USDT', 'PEPE/USDT', 'ASTER/USDT', 'ENA/USDT']
2026-02-01 01:20:26,009 - freqtrade.worker - INFO - Bot heartbeat. PID=1, version='2026.1', state='RUNNING'
2026-02-01 01:21:26,035 - freqtrade.worker - INFO - Bot heartbeat. PID=1, version='2026.1', state='RUNNING'
2026-02-01 01:22:26,064 - freqtrade.worker - INFO - Bot heartbeat. PID=1, version='2026.1', state='RUNNING'
2026-02-01 01:23:26,097 - freqtrade.worker - INFO - Bot heartbeat. PID=1, version='2026.1', state='RUNNING'
2026-02-01 01:24:26,133 - freqtrade.worker - INFO - Bot heartbeat. PID=1, version='2026.1', state='RUNNING'
2026-02-01 01:25:31,010 - freqtrade.worker - INFO - Bot heartbeat. PID=1, version='2026.1', state='RUNNING'
2026-02-01 01:26:31,043 - freqtrade.worker - INFO - Bot heartbeat. PID=1, version='2026.1', state='RUNNING'
2026-02-01 01:27:31,088 - freqtrade.worker - INFO - Bot heartbeat. PID=1, version='2026.1', state='RUNNING'
2026-02-01 01:28:31,116 - freqtrade.worker - INFO - Bot heartbeat. PID=1, version='2026.1', state='RUNNING'
2026-02-01 01:29:31,148 - freqtrade.worker - INFO - Bot heartbeat. PID=1, version='2026.1', state='RUNNING'
2026-02-01 01:30:36,010 - freqtrade.worker - INFO - Bot heartbeat. PID=1, version='2026.1', state='RUNNING'
2026-02-01 01:31:36,056 - freqtrade.worker - INFO - Bot heartbeat. PID=1, version='2026.1', state='RUNNING'
2026-02-01 01:32:36,078 - freqtrade.worker - INFO - Bot heartbeat. PID=1, version='2026.1', state='RUNNING'
2026-02-01 01:33:36,102 - freqtrade.worker - INFO - Bot heartbeat. PID=1, version='2026.1', state='RUNNING'
2026-02-01 01:34:36,142 - freqtrade.worker - INFO - Bot heartbeat. PID=1, version='2026.1', state='RUNNING'
2026-02-01 01:35:01,979 - freqtrade.wallets - INFO - Wallets synced.
2026-02-01 01:35:02,208 - freqtrade.freqtradebot - INFO - Long signal found: about create a new trade for SENT/USDT with stake_amount: 330.0 and price: 0.03736 ...
2026-02-01 01:35:02,350 - freqtrade.freqtradebot - INFO - Order dry_run_buy_SENT/USDT_1769909702.212825 was created for SENT/USDT and status is open.
2026-02-01 01:35:02,383 - freqtrade.wallets - INFO - Wallets synced.
2026-02-01 01:35:02,384 - freqtrade.rpc.rpc_manager - INFO - Sending rpc message: {'trade_id': 2, 'type': entry, 'buy_tag': '', 'enter_tag': '', 'exchange': 'Binance', 'pair': 'SENT/USDT', 'leverage': 1.0, 'direction': 'Long', 'limit': 0.03736, 'order_rate': 0.03736, 'open_rate': 0.03736, 'order_type': 'limit', 'stake_amount': 330.0, 'stake_currency': 'USDT', 'base_currency': 'SENT', 'quote_currency': 'USDT', 'fiat_currency': 'USD', 'amount': 8832.0, 'open_date': datetime.datetime(2026, 2, 1, 1, 35, 2, 354322, tzinfo=datetime.timezone.utc), 'current_rate': 0.03736, 'sub_trade': False}
2026-02-01 01:35:06,207 - freqtrade.freqtradebot - INFO - Found open order for Trade(id=2, pair=SENT/USDT, amount=0, is_short=False, leverage=1, open_rate=0.03736, open_since=2026-02-01 01:35:02)
2026-02-01 01:35:06,232 - freqtrade.freqtradebot - INFO - Fee for Trade Trade(id=2, pair=SENT/USDT, amount=0, is_short=False, leverage=1, open_rate=0.03736, open_since=2026-02-01 01:35:02) [buy]: 0.32996352 USDT - rate: 0.001
2026-02-01 01:35:06,234 - freqtrade.persistence.trade_model - INFO - Updating trade (id=2) ...
2026-02-01 01:35:06,234 - freqtrade.persistence.trade_model - INFO - LIMIT_BUY has been fulfilled for Trade(id=2, pair=SENT/USDT, amount=8832, is_short=False, leverage=1, open_rate=0.03736, open_since=2026-02-01 01:35:02).
2026-02-01 01:35:06,243 - freqtrade.wallets - INFO - Wallets synced.
2026-02-01 01:35:06,245 - freqtrade.rpc.rpc_manager - INFO - Sending rpc message: {'trade_id': 2, 'type': entry_fill, 'buy_tag': '', 'enter_tag': '', 'exchange': 'Binance', 'pair': 'SENT/USDT', 'leverage': 1.0, 'direction': 'Long', 'limit': 0.03736, 'order_rate': 0.03736, 'open_rate': 0.03736, 'order_type': 'limit', 'stake_amount': 329.96352, 'stake_currency': 'USDT', 'base_currency': 'SENT', 'quote_currency': 'USDT', 'fiat_currency': 'USD', 'amount': 8832.0, 'open_date': datetime.datetime(2026, 2, 1, 1, 35, 2, 354322, tzinfo=datetime.timezone.utc), 'current_rate': 0.03736, 'sub_trade': False}
2026-02-01 01:35:41,013 - freqtrade.worker - INFO - Bot heartbeat. PID=1, version='2026.1', state='RUNNING'
2026-02-01 01:36:41,060 - freqtrade.worker - INFO - Bot heartbeat. PID=1, version='2026.1', state='RUNNING'
2026-02-01 01:37:41,090 - freqtrade.worker - INFO - Bot heartbeat. PID=1, version='2026.1', state='RUNNING'
2026-02-01 01:38:41,119 - freqtrade.worker - INFO - Bot heartbeat. PID=1, version='2026.1', state='RUNNING'
2026-02-01 01:39:41,150 - freqtrade.worker - INFO - Bot heartbeat. PID=1, version='2026.1', state='RUNNING'
2026-02-01 01:40:46,013 - freqtrade.worker - INFO - Bot heartbeat. PID=1, version='2026.1', state='RUNNING'
2026-02-01 01:41:46,055 - freqtrade.worker - INFO - Bot heartbeat. PID=1, version='2026.1', state='RUNNING'
2026-02-01 01:42:46,088 - freqtrade.worker - INFO - Bot heartbeat. PID=1, version='2026.1', state='RUNNING'
2026-02-01 01:43:46,114 - freqtrade.worker - INFO - Bot heartbeat. PID=1, version='2026.1', state='RUNNING'
2026-02-01 01:44:46,145 - freqtrade.worker - INFO - Bot heartbeat. PID=1, version='2026.1', state='RUNNING'
2026-02-01 01:45:51,018 - freqtrade.worker - INFO - Bot heartbeat. PID=1, version='2026.1', state='RUNNING'
2026-02-01 01:46:51,055 - freqtrade.worker - INFO - Bot heartbeat. PID=1, version='2026.1', state='RUNNING'
2026-02-01 01:47:51,085 - freqtrade.worker - INFO - Bot heartbeat. PID=1, version='2026.1', state='RUNNING'
2026-02-01 01:48:51,113 - freqtrade.worker - INFO - Bot heartbeat. PID=1, version='2026.1', state='RUNNING'
2026-02-01 01:49:42,371 - VolumePairList - INFO - Pair BNB/USDT in your blacklist. Removing it from whitelist...
2026-02-01 01:49:51,143 - freqtrade.worker - INFO - Bot heartbeat. PID=1, version='2026.1', state='RUNNING'
2026-02-01 01:50:56,026 - freqtrade.worker - INFO - Bot heartbeat. PID=1, version='2026.1', state='RUNNING'
2026-02-01 01:51:56,067 - freqtrade.worker - INFO - Bot heartbeat. PID=1, version='2026.1', state='RUNNING'
2026-02-01 01:52:56,097 - freqtrade.worker - INFO - Bot heartbeat. PID=1, version='2026.1', state='RUNNING'
2026-02-01 01:53:56,120 - freqtrade.worker - INFO - Bot heartbeat. PID=1, version='2026.1', state='RUNNING'
2026-02-01 01:54:56,143 - freqtrade.worker - INFO - Bot heartbeat. PID=1, version='2026.1', state='RUNNING'
2026-02-01 01:56:01,028 - freqtrade.worker - INFO - Bot heartbeat. PID=1, version='2026.1', state='RUNNING'
2026-02-01 01:57:01,051 - freqtrade.worker - INFO - Bot heartbeat. PID=1, version='2026.1', state='RUNNING'
2026-02-01 01:58:01,079 - freqtrade.worker - INFO - Bot heartbeat. PID=1, version='2026.1', state='RUNNING'
2026-02-01 01:59:01,143 - freqtrade.worker - INFO - Bot heartbeat. PID=1, version='2026.1', state='RUNNING'
2026-02-01 02:00:06,005 - freqtrade.worker - INFO - Bot heartbeat. PID=1, version='2026.1', state='RUNNING'
2026-02-01 02:01:06,047 - freqtrade.worker - INFO - Bot heartbeat. PID=1, version='2026.1', state='RUNNING'
2026-02-01 02:02:06,080 - freqtrade.worker - INFO - Bot heartbeat. PID=1, version='2026.1', state='RUNNING'
2026-02-01 02:03:06,111 - freqtrade.worker - INFO - Bot heartbeat. PID=1, version='2026.1', state='RUNNING'
2026-02-01 02:04:06,144 - freqtrade.worker - INFO - Bot heartbeat. PID=1, version='2026.1', state='RUNNING'
2026-02-01 02:05:11,008 - freqtrade.worker - INFO - Bot heartbeat. PID=1, version='2026.1', state='RUNNING'
2026-02-01 02:06:11,045 - freqtrade.worker - INFO - Bot heartbeat. PID=1, version='2026.1', state='RUNNING'
2026-02-01 02:07:11,083 - freqtrade.worker - INFO - Bot heartbeat. PID=1, version='2026.1', state='RUNNING'
2026-02-01 02:08:11,108 - freqtrade.worker - INFO - Bot heartbeat. PID=1, version='2026.1', state='RUNNING'
2026-02-01 02:08:51,473 - freqtrade.freqtradebot - INFO - Exit for SENT/USDT detected. Reason: roi
2026-02-01 02:08:51,485 - freqtrade.wallets - INFO - Wallets synced.
2026-02-01 02:08:51,624 - freqtrade.rpc.rpc_manager - INFO - Sending rpc message: {'type': exit, 'trade_id': 2, 'exchange': 'Binance', 'pair': 'SENT/USDT', 'leverage': 1.0, 'direction': 'Long', 'gain': 'profit', 'limit': 0.03827, 'order_rate': 0.03827, 'order_type': 'limit', 'amount': 8832.0, 'open_rate': 0.03736, 'close_rate': 0.03827, 'current_rate': 0.03827, 'profit_amount': 7.36915584, 'profit_ratio': 0.02231093, 'buy_tag': '', 'enter_tag': '', 'exit_reason': 'roi', 'open_date': datetime.datetime(2026, 2, 1, 1, 35, 2, 354322, tzinfo=datetime.timezone.utc), 'close_date': datetime.datetime(2026, 2, 1, 2, 8, 51, 624799, tzinfo=datetime.timezone.utc), 'stake_amount': 329.96352, 'stake_currency': 'USDT', 'base_currency': 'SENT', 'quote_currency': 'USDT', 'fiat_currency': 'USD', 'sub_trade': False, 'cumulative_profit': 0.0, 'final_profit_ratio': None, 'is_final_exit': False}
2026-02-01 02:08:51,646 - freqtrade.wallets - INFO - Wallets synced.
2026-02-01 02:08:56,310 - freqtrade.freqtradebot - INFO - Found open order for Trade(id=2, pair=SENT/USDT, amount=8832, is_short=False, leverage=1, open_rate=0.03736, open_since=2026-02-01 01:35:02)
2026-02-01 02:09:01,303 - freqtrade.freqtradebot - INFO - Found open order for Trade(id=2, pair=SENT/USDT, amount=8832, is_short=False, leverage=1, open_rate=0.03736, open_since=2026-02-01 01:35:02)
2026-02-01 02:09:06,346 - freqtrade.freqtradebot - INFO - Found open order for Trade(id=2, pair=SENT/USDT, amount=8832, is_short=False, leverage=1, open_rate=0.03736, open_since=2026-02-01 01:35:02)
2026-02-01 02:09:11,125 - freqtrade.worker - INFO - Bot heartbeat. PID=1, version='2026.1', state='RUNNING'
2026-02-01 02:09:11,280 - freqtrade.freqtradebot - INFO - Found open order for Trade(id=2, pair=SENT/USDT, amount=8832, is_short=False, leverage=1, open_rate=0.03736, open_since=2026-02-01 01:35:02)
2026-02-01 02:09:16,363 - freqtrade.freqtradebot - INFO - Found open order for Trade(id=2, pair=SENT/USDT, amount=8832, is_short=False, leverage=1, open_rate=0.03736, open_since=2026-02-01 01:35:02)
2026-02-01 02:09:21,294 - freqtrade.freqtradebot - INFO - Found open order for Trade(id=2, pair=SENT/USDT, amount=8832, is_short=False, leverage=1, open_rate=0.03736, open_since=2026-02-01 01:35:02)
2026-02-01 02:09:21,299 - freqtrade.freqtradebot - INFO - Fee for Trade Trade(id=2, pair=SENT/USDT, amount=8832, is_short=False, leverage=1, open_rate=0.03736, open_since=2026-02-01 01:35:02) [sell]: 0.33800064 USDT - rate: 0.001
2026-02-01 02:09:21,300 - freqtrade.persistence.trade_model - INFO - Updating trade (id=2) ...
2026-02-01 02:09:21,300 - freqtrade.persistence.trade_model - INFO - LIMIT_SELL has been fulfilled for Trade(id=2, pair=SENT/USDT, amount=8832, is_short=False, leverage=1, open_rate=0.03736, open_since=2026-02-01 01:35:02).
2026-02-01 02:09:21,301 - freqtrade.persistence.trade_model - INFO - Marking Trade(id=2, pair=SENT/USDT, amount=8832, is_short=False, leverage=1, open_rate=0.03736, open_since=closed) as closed as the trade is fulfilled and found no open orders for it.
2026-02-01 02:09:21,307 - freqtrade.wallets - INFO - Wallets synced.
2026-02-01 02:09:21,308 - freqtrade.rpc.rpc_manager - INFO - Sending rpc message: {'type': exit_fill, 'trade_id': 2, 'exchange': 'Binance', 'pair': 'SENT/USDT', 'leverage': 1.0, 'direction': 'Long', 'gain': 'profit', 'limit': 0.03827, 'order_rate': 0.03827, 'order_type': 'limit', 'amount': 8832.0, 'open_rate': 0.03736, 'close_rate': 0.03827, 'current_rate': None, 'profit_amount': 7.36915584, 'profit_ratio': 0.02231093, 'buy_tag': '', 'enter_tag': '', 'exit_reason': 'roi', 'open_date': datetime.datetime(2026, 2, 1, 1, 35, 2, 354322, tzinfo=datetime.timezone.utc), 'close_date': datetime.datetime(2026, 2, 1, 2, 9, 21, 294000, tzinfo=datetime.timezone.utc), 'stake_amount': 329.96352, 'stake_currency': 'USDT', 'base_currency': 'SENT', 'quote_currency': 'USDT', 'fiat_currency': 'USD', 'sub_trade': False, 'cumulative_profit': 7.36915584, 'final_profit_ratio': 0.02231093317817087, 'is_final_exit': True}
2026-02-01 02:09:21,476 - freqtrade.freqtradebot - INFO - Pair SENT/USDT long is locked until 2026-02-01 02:10:00 due to Auto lock.
2026-02-01 02:10:16,004 - freqtrade.worker - INFO - Bot heartbeat. PID=1, version='2026.1', state='RUNNING'
2026-02-01 02:11:16,038 - freqtrade.worker - INFO - Bot heartbeat. PID=1, version='2026.1', state='RUNNING'
2026-02-01 02:12:16,067 - freqtrade.worker - INFO - Bot heartbeat. PID=1, version='2026.1', state='RUNNING'
2026-02-01 02:13:16,106 - freqtrade.worker - INFO - Bot heartbeat. PID=1, version='2026.1', state='RUNNING'
2026-02-01 02:14:16,136 - freqtrade.worker - INFO - Bot heartbeat. PID=1, version='2026.1', state='RUNNING'
2026-02-01 02:15:21,018 - freqtrade.worker - INFO - Bot heartbeat. PID=1, version='2026.1', state='RUNNING'
2026-02-01 02:16:21,049 - freqtrade.worker - INFO - Bot heartbeat. PID=1, version='2026.1', state='RUNNING'
2026-02-01 02:17:21,076 - freqtrade.worker - INFO - Bot heartbeat. PID=1, version='2026.1', state='RUNNING'
2026-02-01 02:18:21,097 - freqtrade.worker - INFO - Bot heartbeat. PID=1, version='2026.1', state='RUNNING'
2026-02-01 02:19:21,129 - freqtrade.worker - INFO - Bot heartbeat. PID=1, version='2026.1', state='RUNNING'
2026-02-01 02:19:31,168 - freqtrade.plugins.pairlistmanager - INFO - Whitelist with 20 pairs: ['BTC/USDT', 'ETH/USDT', 'USDC/USDT', 'SOL/USDT', 'XRP/USDT', 'USD1/USDT', 'DOGE/USDT', 'SENT/USDT', 'SUI/USDT', 'FDUSD/USDT', 'ADA/USDT', 'PAXG/USDT', 'ZEC/USDT', 'LINK/USDT', 'AVAX/USDT', 'LTC/USDT', 'TRX/USDT', 'PEPE/USDT', 'ASTER/USDT', 'ENA/USDT']
2026-02-01 02:20:26,017 - freqtrade.worker - INFO - Bot heartbeat. PID=1, version='2026.1', state='RUNNING'
2026-02-01 02:21:26,045 - freqtrade.worker - INFO - Bot heartbeat. PID=1, version='2026.1', state='RUNNING'
2026-02-01 02:22:26,067 - freqtrade.worker - INFO - Bot heartbeat. PID=1, version='2026.1', state='RUNNING'
2026-02-01 02:23:26,100 - freqtrade.worker - INFO - Bot heartbeat. PID=1, version='2026.1', state='RUNNING'
2026-02-01 02:24:26,132 - freqtrade.worker - INFO - Bot heartbeat. PID=1, version='2026.1', state='RUNNING'
2026-02-01 02:25:31,013 - freqtrade.worker - INFO - Bot heartbeat. PID=1, version='2026.1', state='RUNNING'
2026-02-01 02:26:31,059 - freqtrade.worker - INFO - Bot heartbeat. PID=1, version='2026.1', state='RUNNING'
2026-02-01 02:27:31,091 - freqtrade.worker - INFO - Bot heartbeat. PID=1, version='2026.1', state='RUNNING'
2026-02-01 02:28:31,113 - freqtrade.worker - INFO - Bot heartbeat. PID=1, version='2026.1', state='RUNNING'
2026-02-01 02:29:31,139 - freqtrade.worker - INFO - Bot heartbeat. PID=1, version='2026.1', state='RUNNING'
2026-02-01 02:30:36,017 - freqtrade.worker - INFO - Bot heartbeat. PID=1, version='2026.1', state='RUNNING'
2026-02-01 02:31:36,056 - freqtrade.worker - INFO - Bot heartbeat. PID=1, version='2026.1', state='RUNNING'
2026-02-01 02:32:36,087 - freqtrade.worker - INFO - Bot heartbeat. PID=1, version='2026.1', state='RUNNING'
2026-02-01 02:33:36,113 - freqtrade.worker - INFO - Bot heartbeat. PID=1, version='2026.1', state='RUNNING'
2026-02-01 02:34:36,153 - freqtrade.worker - INFO - Bot heartbeat. PID=1, version='2026.1', state='RUNNING'
2026-02-01 02:35:41,014 - freqtrade.worker - INFO - Bot heartbeat. PID=1, version='2026.1', state='RUNNING'
2026-02-01 02:36:41,050 - freqtrade.worker - INFO - Bot heartbeat. PID=1, version='2026.1', state='RUNNING'
2026-02-01 02:37:41,078 - freqtrade.worker - INFO - Bot heartbeat. PID=1, version='2026.1', state='RUNNING'
2026-02-01 02:38:41,106 - freqtrade.worker - INFO - Bot heartbeat. PID=1, version='2026.1', state='RUNNING'
2026-02-01 02:39:41,132 - freqtrade.worker - INFO - Bot heartbeat. PID=1, version='2026.1', state='RUNNING'
2026-02-01 02:40:46,044 - freqtrade.worker - INFO - Bot heartbeat. PID=1, version='2026.1', state='RUNNING'
2026-02-01 02:41:46,075 - freqtrade.worker - INFO - Bot heartbeat. PID=1, version='2026.1', state='RUNNING'
2026-02-01 02:42:46,107 - freqtrade.worker - INFO - Bot heartbeat. PID=1, version='2026.1', state='RUNNING'
2026-02-01 02:43:46,132 - freqtrade.worker - INFO - Bot heartbeat. PID=1, version='2026.1', state='RUNNING'
2026-02-01 02:44:46,165 - freqtrade.worker - INFO - Bot heartbeat. PID=1, version='2026.1', state='RUNNING'
2026-02-01 02:45:51,023 - freqtrade.worker - INFO - Bot heartbeat. PID=1, version='2026.1', state='RUNNING'
2026-02-01 02:46:51,061 - freqtrade.worker - INFO - Bot heartbeat. PID=1, version='2026.1', state='RUNNING'
2026-02-01 02:47:51,086 - freqtrade.worker - INFO - Bot heartbeat. PID=1, version='2026.1', state='RUNNING'
2026-02-01 02:48:51,111 - freqtrade.worker - INFO - Bot heartbeat. PID=1, version='2026.1', state='RUNNING'
2026-02-01 02:49:51,141 - freqtrade.worker - INFO - Bot heartbeat. PID=1, version='2026.1', state='RUNNING'
2026-02-01 02:49:51,836 - VolumePairList - INFO - Pair BNB/USDT in your blacklist. Removing it from whitelist...
2026-02-01 02:50:56,016 - freqtrade.worker - INFO - Bot heartbeat. PID=1, version='2026.1', state='RUNNING'
2026-02-01 02:51:56,045 - freqtrade.worker - INFO - Bot heartbeat. PID=1, version='2026.1', state='RUNNING'
2026-02-01 02:52:56,071 - freqtrade.worker - INFO - Bot heartbeat. PID=1, version='2026.1', state='RUNNING'
2026-02-01 02:53:56,136 - freqtrade.worker - INFO - Bot heartbeat. PID=1, version='2026.1', state='RUNNING'
2026-02-01 02:54:56,165 - freqtrade.worker - INFO - Bot heartbeat. PID=1, version='2026.1', state='RUNNING'
2026-02-01 02:56:01,037 - freqtrade.worker - INFO - Bot heartbeat. PID=1, version='2026.1', state='RUNNING'
2026-02-01 02:57:01,059 - freqtrade.worker - INFO - Bot heartbeat. PID=1, version='2026.1', state='RUNNING'
2026-02-01 02:58:01,089 - freqtrade.worker - INFO - Bot heartbeat. PID=1, version='2026.1', state='RUNNING'
2026-02-01 02:59:01,114 - freqtrade.worker - INFO - Bot heartbeat. PID=1, version='2026.1', state='RUNNING'
2026-02-01 03:00:06,008 - freqtrade.worker - INFO - Bot heartbeat. PID=1, version='2026.1', state='RUNNING'
2026-02-01 03:01:06,040 - freqtrade.worker - INFO - Bot heartbeat. PID=1, version='2026.1', state='RUNNING'
2026-02-01 03:02:06,067 - freqtrade.worker - INFO - Bot heartbeat. PID=1, version='2026.1', state='RUNNING'
2026-02-01 03:03:06,096 - freqtrade.worker - INFO - Bot heartbeat. PID=1, version='2026.1', state='RUNNING'
2026-02-01 03:04:06,117 - freqtrade.worker - INFO - Bot heartbeat. PID=1, version='2026.1', state='RUNNING'
2026-02-01 03:05:11,006 - freqtrade.worker - INFO - Bot heartbeat. PID=1, version='2026.1', state='RUNNING'
2026-02-01 03:06:11,031 - freqtrade.worker - INFO - Bot heartbeat. PID=1, version='2026.1', state='RUNNING'
2026-02-01 03:07:11,068 - freqtrade.worker - INFO - Bot heartbeat. PID=1, version='2026.1', state='RUNNING'
2026-02-01 03:08:11,094 - freqtrade.worker - INFO - Bot heartbeat. PID=1, version='2026.1', state='RUNNING'
2026-02-01 03:09:11,120 - freqtrade.worker - INFO - Bot heartbeat. PID=1, version='2026.1', state='RUNNING'
2026-02-01 03:10:16,005 - freqtrade.worker - INFO - Bot heartbeat. PID=1, version='2026.1', state='RUNNING'
2026-02-01 03:11:16,037 - freqtrade.worker - INFO - Bot heartbeat. PID=1, version='2026.1', state='RUNNING'
2026-02-01 03:12:16,061 - freqtrade.worker - INFO - Bot heartbeat. PID=1, version='2026.1', state='RUNNING'
2026-02-01 03:13:16,091 - freqtrade.worker - INFO - Bot heartbeat. PID=1, version='2026.1', state='RUNNING'
2026-02-01 03:14:16,125 - freqtrade.worker - INFO - Bot heartbeat. PID=1, version='2026.1', state='RUNNING'
2026-02-01 03:15:21,007 - freqtrade.worker - INFO - Bot heartbeat. PID=1, version='2026.1', state='RUNNING'
2026-02-01 03:16:21,047 - freqtrade.worker - INFO - Bot heartbeat. PID=1, version='2026.1', state='RUNNING'
2026-02-01 03:17:21,087 - freqtrade.worker - INFO - Bot heartbeat. PID=1, version='2026.1', state='RUNNING'
2026-02-01 03:18:21,122 - freqtrade.worker - INFO - Bot heartbeat. PID=1, version='2026.1', state='RUNNING'
2026-02-01 03:19:21,157 - freqtrade.worker - INFO - Bot heartbeat. PID=1, version='2026.1', state='RUNNING'
2026-02-01 03:19:31,206 - freqtrade.plugins.pairlistmanager - INFO - Whitelist with 20 pairs: ['BTC/USDT', 'ETH/USDT', 'USDC/USDT', 'SOL/USDT', 'XRP/USDT', 'USD1/USDT', 'DOGE/USDT', 'SENT/USDT', 'SUI/USDT', 'FDUSD/USDT', 'ADA/USDT', 'PAXG/USDT', 'ZEC/USDT', 'LINK/USDT', 'AVAX/USDT', 'LTC/USDT', 'TRX/USDT', 'PEPE/USDT', 'ASTER/USDT', 'ENA/USDT']
2026-02-01 03:20:26,009 - freqtrade.worker - INFO - Bot heartbeat. PID=1, version='2026.1', state='RUNNING'
2026-02-01 03:21:26,047 - freqtrade.worker - INFO - Bot heartbeat. PID=1, version='2026.1', state='RUNNING'
2026-02-01 03:22:26,079 - freqtrade.worker - INFO - Bot heartbeat. PID=1, version='2026.1', state='RUNNING'
2026-02-01 03:23:26,108 - freqtrade.worker - INFO - Bot heartbeat. PID=1, version='2026.1', state='RUNNING'
2026-02-01 03:24:26,150 - freqtrade.worker - INFO - Bot heartbeat. PID=1, version='2026.1', state='RUNNING'
2026-02-01 03:25:31,009 - freqtrade.worker - INFO - Bot heartbeat. PID=1, version='2026.1', state='RUNNING'
2026-02-01 03:26:31,044 - freqtrade.worker - INFO - Bot heartbeat. PID=1, version='2026.1', state='RUNNING'
2026-02-01 03:27:31,077 - freqtrade.worker - INFO - Bot heartbeat. PID=1, version='2026.1', state='RUNNING'
2026-02-01 03:28:31,103 - freqtrade.worker - INFO - Bot heartbeat. PID=1, version='2026.1', state='RUNNING'
2026-02-01 03:29:31,126 - freqtrade.worker - INFO - Bot heartbeat. PID=1, version='2026.1', state='RUNNING'
2026-02-01 03:30:36,013 - freqtrade.worker - INFO - Bot heartbeat. PID=1, version='2026.1', state='RUNNING'
2026-02-01 03:30:51,119 - freqtrade.exchange.common - WARNING - fetch_l2_order_book() returned exception: "Could not get order book due to RequestTimeout. Message: binance GET https://api.binance.com/api/v3/depth?symbol=PAXGUSDT&limit=5". Retrying still for 4 times.
2026-02-01 03:30:59,165 - freqtrade.exchange.common - WARNING - fetch_l2_order_book() returned exception: "Could not get order book due to NetworkError. Message: binance GET https://api.binance.com/api/v3/depth?symbol=PAXGUSDT&limit=5". Retrying still for 3 times.
2026-02-01 03:31:07,185 - freqtrade.exchange.common - WARNING - fetch_l2_order_book() returned exception: "Could not get order book due to NetworkError. Message: binance GET https://api.binance.com/api/v3/depth?symbol=PAXGUSDT&limit=5". Retrying still for 2 times.
2026-02-01 03:31:15,202 - freqtrade.exchange.common - WARNING - fetch_l2_order_book() returned exception: "Could not get order book due to NetworkError. Message: binance GET https://api.binance.com/api/v3/depth?symbol=PAXGUSDT&limit=5". Retrying still for 1 times.
2026-02-01 03:31:39,240 - freqtrade.worker - INFO - Bot heartbeat. PID=1, version='2026.1', state='RUNNING'
2026-02-01 03:32:04,336 - freqtrade.exchange.common - WARNING - fetch_l2_order_book() returned exception: "Could not get order book due to RequestTimeout. Message: binance GET https://api.binance.com/api/v3/depth?symbol=PAXGUSDT&limit=5". Retrying still for 4 times.
2026-02-01 03:32:40,877 - freqtrade.exchange.common - WARNING - fetch_l2_order_book() returned exception: "Could not get order book due to RequestTimeout. Message: binance GET https://api.binance.com/api/v3/depth?symbol=PAXGUSDT&limit=5". Retrying still for 4 times.
2026-02-01 03:32:55,288 - freqtrade.worker - INFO - Bot heartbeat. PID=1, version='2026.1', state='RUNNING'
2026-02-01 03:33:25,382 - freqtrade.exchange.common - WARNING - fetch_l2_order_book() returned exception: "Could not get order book due to RequestTimeout. Message: binance GET https://api.binance.com/api/v3/depth?symbol=PAXGUSDT&limit=5". Retrying still for 4 times.
2026-02-01 03:33:33,415 - freqtrade.exchange.common - WARNING - fetch_l2_order_book() returned exception: "Could not get order book due to NetworkError. Message: binance GET https://api.binance.com/api/v3/depth?symbol=PAXGUSDT&limit=5". Retrying still for 3 times.
2026-02-01 03:33:41,437 - freqtrade.exchange.common - WARNING - fetch_l2_order_book() returned exception: "Could not get order book due to NetworkError. Message: binance GET https://api.binance.com/api/v3/depth?symbol=PAXGUSDT&limit=5". Retrying still for 2 times.
2026-02-01 03:33:49,478 - freqtrade.exchange.common - WARNING - fetch_l2_order_book() returned exception: "Could not get order book due to NetworkError. Message: binance GET https://api.binance.com/api/v3/depth?symbol=PAXGUSDT&limit=5". Retrying still for 1 times.
2026-02-01 03:33:57,504 - freqtrade.exchange.common - WARNING - fetch_l2_order_book() returned exception: "Could not get order book due to NetworkError. Message: binance GET https://api.binance.com/api/v3/depth?symbol=PAXGUSDT&limit=5". Giving up.
2026-02-01 03:33:57,516 - freqtrade.freqtradebot - WARNING - Unable to exit trade PAXG/USDT: Could not get order book due to NetworkError. Message: binance GET https://api.binance.com/api/v3/depth?symbol=PAXGUSDT&limit=5
2026-02-01 03:33:57,600 - freqtrade.worker - INFO - Bot heartbeat. PID=1, version='2026.1', state='RUNNING'
2026-02-01 03:34:05,644 - freqtrade.exchange.common - WARNING - fetch_l2_order_book() returned exception: "Could not get order book due to NetworkError. Message: binance GET https://api.binance.com/api/v3/depth?symbol=PAXGUSDT&limit=5". Retrying still for 4 times.
2026-02-01 03:34:13,676 - freqtrade.exchange.common - WARNING - fetch_l2_order_book() returned exception: "Could not get order book due to NetworkError. Message: binance GET https://api.binance.com/api/v3/depth?symbol=PAXGUSDT&limit=5". Retrying still for 3 times.
2026-02-01 03:34:21,702 - freqtrade.exchange.common - WARNING - fetch_l2_order_book() returned exception: "Could not get order book due to NetworkError. Message: binance GET https://api.binance.com/api/v3/depth?symbol=PAXGUSDT&limit=5". Retrying still for 2 times.
2026-02-01 03:34:49,760 - freqtrade.exchange.common - WARNING - fetch_l2_order_book() returned exception: "Could not get order book due to RequestTimeout. Message: binance GET https://api.binance.com/api/v3/depth?symbol=PAXGUSDT&limit=5". Retrying still for 1 times.
2026-02-01 03:34:57,794 - freqtrade.exchange.common - WARNING - fetch_l2_order_book() returned exception: "Could not get order book due to NetworkError. Message: binance GET https://api.binance.com/api/v3/depth?symbol=PAXGUSDT&limit=5". Giving up.
2026-02-01 03:34:57,800 - freqtrade.freqtradebot - WARNING - Unable to exit trade PAXG/USDT: Could not get order book due to NetworkError. Message: binance GET https://api.binance.com/api/v3/depth?symbol=PAXGUSDT&limit=5
2026-02-01 03:34:57,861 - freqtrade.worker - INFO - Bot heartbeat. PID=1, version='2026.1', state='RUNNING'
2026-02-01 03:35:13,538 - freqtrade.exchange.common - WARNING - fetch_l2_order_book() returned exception: "Could not get order book due to RequestTimeout. Message: binance GET https://api.binance.com/api/v3/depth?symbol=PAXGUSDT&limit=5". Retrying still for 4 times.
2026-02-01 03:35:24,574 - freqtrade.exchange.common - WARNING - fetch_l2_order_book() returned exception: "Could not get order book due to RequestTimeout. Message: binance GET https://api.binance.com/api/v3/depth?symbol=PAXGUSDT&limit=5". Retrying still for 3 times.
2026-02-01 03:35:53,130 - freqtrade.exchange.exchange_ws - INFO - Removing ('BTC/USDT', '5m', <CandleType.SPOT: 'spot'>) from websocket watchlist.
2026-02-01 03:35:53,136 - freqtrade.exchange.exchange_ws - INFO - Removing ('FDUSD/USDT', '5m', <CandleType.SPOT: 'spot'>) from websocket watchlist.
2026-02-01 03:35:53,137 - freqtrade.exchange.exchange_ws - INFO - Removing ('ASTER/USDT', '5m', <CandleType.SPOT: 'spot'>) from websocket watchlist.
2026-02-01 03:35:53,140 - freqtrade.exchange.exchange_ws - INFO - Removing ('PAXG/USDT', '5m', <CandleType.SPOT: 'spot'>) from websocket watchlist.
2026-02-01 03:35:53,141 - freqtrade.exchange.exchange_ws - INFO - Removing ('ADA/USDT', '5m', <CandleType.SPOT: 'spot'>) from websocket watchlist.
2026-02-01 03:35:53,142 - freqtrade.exchange.exchange_ws - INFO - Removing ('ZEC/USDT', '5m', <CandleType.SPOT: 'spot'>) from websocket watchlist.
2026-02-01 03:35:53,142 - freqtrade.exchange.exchange_ws - INFO - Removing ('LINK/USDT', '5m', <CandleType.SPOT: 'spot'>) from websocket watchlist.
2026-02-01 03:35:53,143 - freqtrade.exchange.exchange_ws - INFO - Removing ('ETH/USDT', '5m', <CandleType.SPOT: 'spot'>) from websocket watchlist.
2026-02-01 03:35:53,143 - freqtrade.exchange.exchange_ws - INFO - Removing ('TRX/USDT', '5m', <CandleType.SPOT: 'spot'>) from websocket watchlist.
2026-02-01 03:35:53,143 - freqtrade.exchange.exchange_ws - INFO - Removing ('SUI/USDT', '5m', <CandleType.SPOT: 'spot'>) from websocket watchlist.
2026-02-01 03:35:53,144 - freqtrade.exchange.exchange_ws - INFO - Removing ('XRP/USDT', '5m', <CandleType.SPOT: 'spot'>) from websocket watchlist.
2026-02-01 03:35:53,144 - freqtrade.exchange.exchange_ws - INFO - Removing ('USD1/USDT', '5m', <CandleType.SPOT: 'spot'>) from websocket watchlist.
2026-02-01 03:35:53,145 - freqtrade.exchange.exchange_ws - INFO - Removing ('AVAX/USDT', '5m', <CandleType.SPOT: 'spot'>) from websocket watchlist.
2026-02-01 03:35:53,145 - freqtrade.exchange.exchange_ws - INFO - Removing ('DOGE/USDT', '5m', <CandleType.SPOT: 'spot'>) from websocket watchlist.
2026-02-01 03:35:53,146 - freqtrade.exchange.exchange_ws - INFO - Removing ('PEPE/USDT', '5m', <CandleType.SPOT: 'spot'>) from websocket watchlist.
2026-02-01 03:35:53,146 - freqtrade.exchange.exchange_ws - INFO - Removing ('USDC/USDT', '5m', <CandleType.SPOT: 'spot'>) from websocket watchlist.
2026-02-01 03:35:53,146 - freqtrade.exchange.exchange_ws - INFO - Removing ('LTC/USDT', '5m', <CandleType.SPOT: 'spot'>) from websocket watchlist.
2026-02-01 03:35:53,146 - freqtrade.exchange.exchange_ws - INFO - Removing ('SENT/USDT', '5m', <CandleType.SPOT: 'spot'>) from websocket watchlist.
2026-02-01 03:35:53,147 - freqtrade.exchange.exchange_ws - INFO - Removing ('SOL/USDT', '5m', <CandleType.SPOT: 'spot'>) from websocket watchlist.
2026-02-01 03:35:53,148 - freqtrade.exchange.exchange_ws - INFO - Removal done: new watch list (1)
2026-02-01 03:35:53,149 - freqtrade.exchange.exchange - INFO - Couldn't reuse watch for BTC/USDT, 5m, falling back to REST api. False, 1769916900000, 0, 2026-02-01T03:35:00, 1970-01-01T00:00:00 
2026-02-01 03:35:53,150 - freqtrade.exchange.exchange - INFO - Couldn't reuse watch for PAXG/USDT, 5m, falling back to REST api. False, 1769916900000, 0, 2026-02-01T03:35:00, 1970-01-01T00:00:00 
2026-02-01 03:35:53,151 - freqtrade.exchange.exchange - INFO - Couldn't reuse watch for ASTER/USDT, 5m, falling back to REST api. False, 1769916900000, 0, 2026-02-01T03:35:00, 1970-01-01T00:00:00 
2026-02-01 03:35:53,151 - freqtrade.exchange.exchange - INFO - Couldn't reuse watch for FDUSD/USDT, 5m, falling back to REST api. False, 1769916900000, 0, 2026-02-01T03:35:00, 1970-01-01T00:00:00 
2026-02-01 03:35:53,151 - freqtrade.exchange.exchange - INFO - Couldn't reuse watch for ADA/USDT, 5m, falling back to REST api. False, 1769916900000, 0, 2026-02-01T03:35:00, 1970-01-01T00:00:00 
2026-02-01 03:35:53,152 - freqtrade.exchange.exchange - INFO - Couldn't reuse watch for ZEC/USDT, 5m, falling back to REST api. False, 1769916900000, 0, 2026-02-01T03:35:00, 1970-01-01T00:00:00 
2026-02-01 03:35:53,152 - freqtrade.exchange.exchange - INFO - Couldn't reuse watch for LINK/USDT, 5m, falling back to REST api. False, 1769916900000, 0, 2026-02-01T03:35:00, 1970-01-01T00:00:00 
2026-02-01 03:35:53,153 - freqtrade.exchange.exchange - INFO - Couldn't reuse watch for ETH/USDT, 5m, falling back to REST api. False, 1769916900000, 0, 2026-02-01T03:35:00, 1970-01-01T00:00:00 
2026-02-01 03:35:53,154 - freqtrade.exchange.exchange - INFO - Couldn't reuse watch for TRX/USDT, 5m, falling back to REST api. False, 1769916900000, 0, 2026-02-01T03:35:00, 1970-01-01T00:00:00 
2026-02-01 03:35:53,154 - freqtrade.exchange.exchange - INFO - Couldn't reuse watch for SUI/USDT, 5m, falling back to REST api. False, 1769916900000, 0, 2026-02-01T03:35:00, 1970-01-01T00:00:00 
2026-02-01 03:35:53,155 - freqtrade.exchange.exchange - INFO - Couldn't reuse watch for XRP/USDT, 5m, falling back to REST api. False, 1769916900000, 0, 2026-02-01T03:35:00, 1970-01-01T00:00:00 
2026-02-01 03:35:53,155 - freqtrade.exchange.exchange - INFO - Couldn't reuse watch for USD1/USDT, 5m, falling back to REST api. False, 1769916900000, 0, 2026-02-01T03:35:00, 1970-01-01T00:00:00 
2026-02-01 03:35:53,156 - freqtrade.exchange.exchange - INFO - Couldn't reuse watch for AVAX/USDT, 5m, falling back to REST api. False, 1769916900000, 0, 2026-02-01T03:35:00, 1970-01-01T00:00:00 
2026-02-01 03:35:53,157 - freqtrade.exchange.exchange - INFO - Couldn't reuse watch for DOGE/USDT, 5m, falling back to REST api. False, 1769916900000, 0, 2026-02-01T03:35:00, 1970-01-01T00:00:00 
2026-02-01 03:35:53,157 - freqtrade.exchange.exchange - INFO - Couldn't reuse watch for PEPE/USDT, 5m, falling back to REST api. False, 1769916900000, 0, 2026-02-01T03:35:00, 1970-01-01T00:00:00 
2026-02-01 03:35:53,158 - freqtrade.exchange.exchange - INFO - Couldn't reuse watch for USDC/USDT, 5m, falling back to REST api. False, 1769916900000, 0, 2026-02-01T03:35:00, 1970-01-01T00:00:00 
2026-02-01 03:35:53,158 - freqtrade.exchange.exchange - INFO - Couldn't reuse watch for LTC/USDT, 5m, falling back to REST api. False, 1769916900000, 0, 2026-02-01T03:35:00, 1970-01-01T00:00:00 
2026-02-01 03:35:53,159 - freqtrade.exchange.exchange - INFO - Couldn't reuse watch for SENT/USDT, 5m, falling back to REST api. False, 1769916900000, 0, 2026-02-01T03:35:00, 1970-01-01T00:00:00 
2026-02-01 03:35:53,160 - freqtrade.exchange.exchange - INFO - Couldn't reuse watch for SOL/USDT, 5m, falling back to REST api. False, 1769916900000, 0, 2026-02-01T03:35:00, 1970-01-01T00:00:00 
2026-02-01 03:35:54,634 - freqtrade.exchange.common - WARNING - _async_get_candle_history() returned exception: "Could not fetch historical candle (OHLCV) data for AVAX/USDT, 5m, spot due to ExchangeNotAvailable. Message: binance GET https://api.binance.com/api/v3/klines?interval=5m&limit=1000&symbol=AVAXUSDT". Retrying still for 4 times.
2026-02-01 03:35:54,637 - freqtrade.exchange.common - WARNING - _async_get_candle_history() returned exception: "Could not fetch historical candle (OHLCV) data for SUI/USDT, 5m, spot due to ExchangeNotAvailable. Message: binance GET https://api.binance.com/api/v3/klines?interval=5m&limit=1000&symbol=SUIUSDT". Retrying still for 4 times.
2026-02-01 03:35:54,639 - freqtrade.exchange.common - WARNING - _async_get_candle_history() returned exception: "Could not fetch historical candle (OHLCV) data for ZEC/USDT, 5m, spot due to ExchangeNotAvailable. Message: binance GET https://api.binance.com/api/v3/klines?interval=5m&limit=1000&symbol=ZECUSDT". Retrying still for 4 times.
2026-02-01 03:35:54,640 - freqtrade.exchange.common - WARNING - _async_get_candle_history() returned exception: "Could not fetch historical candle (OHLCV) data for SENT/USDT, 5m, spot due to ExchangeNotAvailable. Message: binance GET https://api.binance.com/api/v3/klines?interval=5m&limit=1000&symbol=SENTUSDT". Retrying still for 4 times.
2026-02-01 03:35:54,641 - freqtrade.exchange.common - WARNING - _async_get_candle_history() returned exception: "Could not fetch historical candle (OHLCV) data for TRX/USDT, 5m, spot due to ExchangeNotAvailable. Message: binance GET https://api.binance.com/api/v3/klines?interval=5m&limit=1000&symbol=TRXUSDT". Retrying still for 4 times.
2026-02-01 03:35:54,643 - freqtrade.exchange.common - WARNING - _async_get_candle_history() returned exception: "Could not fetch historical candle (OHLCV) data for DOGE/USDT, 5m, spot due to ExchangeNotAvailable. Message: binance GET https://api.binance.com/api/v3/klines?interval=5m&limit=1000&symbol=DOGEUSDT". Retrying still for 4 times.
2026-02-01 03:35:54,644 - freqtrade.exchange.common - WARNING - _async_get_candle_history() returned exception: "Could not fetch historical candle (OHLCV) data for ETH/USDT, 5m, spot due to ExchangeNotAvailable. Message: binance GET https://api.binance.com/api/v3/klines?interval=5m&limit=1000&symbol=ETHUSDT". Retrying still for 4 times.
2026-02-01 03:35:54,645 - freqtrade.exchange.common - WARNING - _async_get_candle_history() returned exception: "Could not fetch historical candle (OHLCV) data for PEPE/USDT, 5m, spot due to ExchangeNotAvailable. Message: binance GET https://api.binance.com/api/v3/klines?interval=5m&limit=1000&symbol=PEPEUSDT". Retrying still for 4 times.
2026-02-01 03:35:54,646 - freqtrade.exchange.common - WARNING - _async_get_candle_history() returned exception: "Could not fetch historical candle (OHLCV) data for LINK/USDT, 5m, spot due to ExchangeNotAvailable. Message: binance GET https://api.binance.com/api/v3/klines?interval=5m&limit=1000&symbol=LINKUSDT". Retrying still for 4 times.
2026-02-01 03:35:54,646 - freqtrade.exchange.common - WARNING - _async_get_candle_history() returned exception: "Could not fetch historical candle (OHLCV) data for USDC/USDT, 5m, spot due to ExchangeNotAvailable. Message: binance GET https://api.binance.com/api/v3/klines?interval=5m&limit=1000&symbol=USDCUSDT". Retrying still for 4 times.
2026-02-01 03:35:54,647 - freqtrade.exchange.common - WARNING - _async_get_candle_history() returned exception: "Could not fetch historical candle (OHLCV) data for LTC/USDT, 5m, spot due to ExchangeNotAvailable. Message: binance GET https://api.binance.com/api/v3/klines?interval=5m&limit=1000&symbol=LTCUSDT". Retrying still for 4 times.
2026-02-01 03:35:54,648 - freqtrade.exchange.common - WARNING - _async_get_candle_history() returned exception: "Could not fetch historical candle (OHLCV) data for XRP/USDT, 5m, spot due to ExchangeNotAvailable. Message: binance GET https://api.binance.com/api/v3/klines?interval=5m&limit=1000&symbol=XRPUSDT". Retrying still for 4 times.
2026-02-01 03:35:54,649 - freqtrade.exchange.common - WARNING - _async_get_candle_history() returned exception: "Could not fetch historical candle (OHLCV) data for USD1/USDT, 5m, spot due to ExchangeNotAvailable. Message: binance GET https://api.binance.com/api/v3/klines?interval=5m&limit=1000&symbol=USD1USDT". Retrying still for 4 times.
2026-02-01 03:35:54,650 - freqtrade.exchange.common - WARNING - _async_get_candle_history() returned exception: "Could not fetch historical candle (OHLCV) data for ASTER/USDT, 5m, spot due to ExchangeNotAvailable. Message: binance GET https://api.binance.com/api/v3/klines?interval=5m&limit=1000&symbol=ASTERUSDT". Retrying still for 4 times.
2026-02-01 03:35:54,651 - freqtrade.exchange.common - WARNING - _async_get_candle_history() returned exception: "Could not fetch historical candle (OHLCV) data for FDUSD/USDT, 5m, spot due to ExchangeNotAvailable. Message: binance GET https://api.binance.com/api/v3/klines?interval=5m&limit=1000&symbol=FDUSDUSDT". Retrying still for 4 times.
2026-02-01 03:35:54,652 - freqtrade.exchange.common - WARNING - _async_get_candle_history() returned exception: "Could not fetch historical candle (OHLCV) data for SOL/USDT, 5m, spot due to ExchangeNotAvailable. Message: binance GET https://api.binance.com/api/v3/klines?interval=5m&limit=1000&symbol=SOLUSDT". Retrying still for 4 times.
2026-02-01 03:35:54,653 - freqtrade.exchange.common - WARNING - _async_get_candle_history() returned exception: "Could not fetch historical candle (OHLCV) data for PAXG/USDT, 5m, spot due to ExchangeNotAvailable. Message: binance GET https://api.binance.com/api/v3/klines?interval=5m&limit=1000&symbol=PAXGUSDT". Retrying still for 4 times.
2026-02-01 03:35:54,654 - freqtrade.exchange.common - WARNING - _async_get_candle_history() returned exception: "Could not fetch historical candle (OHLCV) data for ADA/USDT, 5m, spot due to ExchangeNotAvailable. Message: binance GET https://api.binance.com/api/v3/klines?interval=5m&limit=1000&symbol=ADAUSDT". Retrying still for 4 times.
2026-02-01 03:35:54,654 - freqtrade.exchange.common - WARNING - _async_get_candle_history() returned exception: "Could not fetch historical candle (OHLCV) data for BTC/USDT, 5m, spot due to ExchangeNotAvailable. Message: binance GET https://api.binance.com/api/v3/klines?interval=5m&limit=1000&symbol=BTCUSDT". Retrying still for 4 times.
2026-02-01 03:35:56,025 - freqtrade.exchange.common - WARNING - _async_get_candle_history() returned exception: "Could not fetch historical candle (OHLCV) data for USDC/USDT, 5m, spot due to ExchangeNotAvailable. Message: binance GET https://api.binance.com/api/v3/klines?interval=5m&limit=1000&symbol=USDCUSDT". Retrying still for 3 times.
2026-02-01 03:35:56,026 - freqtrade.exchange.common - WARNING - _async_get_candle_history() returned exception: "Could not fetch historical candle (OHLCV) data for DOGE/USDT, 5m, spot due to ExchangeNotAvailable. Message: binance GET https://api.binance.com/api/v3/klines?interval=5m&limit=1000&symbol=DOGEUSDT". Retrying still for 3 times.
2026-02-01 03:35:56,027 - freqtrade.exchange.common - WARNING - _async_get_candle_history() returned exception: "Could not fetch historical candle (OHLCV) data for LINK/USDT, 5m, spot due to ExchangeNotAvailable. Message: binance GET https://api.binance.com/api/v3/klines?interval=5m&limit=1000&symbol=LINKUSDT". Retrying still for 3 times.
2026-02-01 03:35:56,028 - freqtrade.exchange.common - WARNING - _async_get_candle_history() returned exception: "Could not fetch historical candle (OHLCV) data for ZEC/USDT, 5m, spot due to ExchangeNotAvailable. Message: binance GET https://api.binance.com/api/v3/klines?interval=5m&limit=1000&symbol=ZECUSDT". Retrying still for 3 times.
2026-02-01 03:35:56,029 - freqtrade.exchange.common - WARNING - _async_get_candle_history() returned exception: "Could not fetch historical candle (OHLCV) data for LTC/USDT, 5m, spot due to ExchangeNotAvailable. Message: binance GET https://api.binance.com/api/v3/klines?interval=5m&limit=1000&symbol=LTCUSDT". Retrying still for 3 times.
2026-02-01 03:35:56,030 - freqtrade.exchange.common - WARNING - _async_get_candle_history() returned exception: "Could not fetch historical candle (OHLCV) data for ADA/USDT, 5m, spot due to ExchangeNotAvailable. Message: binance GET https://api.binance.com/api/v3/klines?interval=5m&limit=1000&symbol=ADAUSDT". Retrying still for 3 times.
2026-02-01 03:35:56,031 - freqtrade.exchange.common - WARNING - _async_get_candle_history() returned exception: "Could not fetch historical candle (OHLCV) data for ETH/USDT, 5m, spot due to ExchangeNotAvailable. Message: binance GET https://api.binance.com/api/v3/klines?interval=5m&limit=1000&symbol=ETHUSDT". Retrying still for 3 times.
2026-02-01 03:35:56,032 - freqtrade.exchange.common - WARNING - _async_get_candle_history() returned exception: "Could not fetch historical candle (OHLCV) data for XRP/USDT, 5m, spot due to ExchangeNotAvailable. Message: binance GET https://api.binance.com/api/v3/klines?interval=5m&limit=1000&symbol=XRPUSDT". Retrying still for 3 times.
2026-02-01 03:35:56,033 - freqtrade.exchange.common - WARNING - _async_get_candle_history() returned exception: "Could not fetch historical candle (OHLCV) data for SOL/USDT, 5m, spot due to ExchangeNotAvailable. Message: binance GET https://api.binance.com/api/v3/klines?interval=5m&limit=1000&symbol=SOLUSDT". Retrying still for 3 times.
2026-02-01 03:35:56,034 - freqtrade.exchange.common - WARNING - _async_get_candle_history() returned exception: "Could not fetch historical candle (OHLCV) data for TRX/USDT, 5m, spot due to ExchangeNotAvailable. Message: binance GET https://api.binance.com/api/v3/klines?interval=5m&limit=1000&symbol=TRXUSDT". Retrying still for 3 times.
2026-02-01 03:35:56,035 - freqtrade.exchange.common - WARNING - _async_get_candle_history() returned exception: "Could not fetch historical candle (OHLCV) data for FDUSD/USDT, 5m, spot due to ExchangeNotAvailable. Message: binance GET https://api.binance.com/api/v3/klines?interval=5m&limit=1000&symbol=FDUSDUSDT". Retrying still for 3 times.
2026-02-01 03:35:56,035 - freqtrade.exchange.common - WARNING - _async_get_candle_history() returned exception: "Could not fetch historical candle (OHLCV) data for SENT/USDT, 5m, spot due to ExchangeNotAvailable. Message: binance GET https://api.binance.com/api/v3/klines?interval=5m&limit=1000&symbol=SENTUSDT". Retrying still for 3 times.
2026-02-01 03:35:56,036 - freqtrade.exchange.common - WARNING - _async_get_candle_history() returned exception: "Could not fetch historical candle (OHLCV) data for BTC/USDT, 5m, spot due to ExchangeNotAvailable. Message: binance GET https://api.binance.com/api/v3/klines?interval=5m&limit=1000&symbol=BTCUSDT". Retrying still for 3 times.
2026-02-01 03:35:56,037 - freqtrade.exchange.common - WARNING - _async_get_candle_history() returned exception: "Could not fetch historical candle (OHLCV) data for ASTER/USDT, 5m, spot due to ExchangeNotAvailable. Message: binance GET https://api.binance.com/api/v3/klines?interval=5m&limit=1000&symbol=ASTERUSDT". Retrying still for 3 times.
2026-02-01 03:35:56,038 - freqtrade.exchange.common - WARNING - _async_get_candle_history() returned exception: "Could not fetch historical candle (OHLCV) data for PAXG/USDT, 5m, spot due to ExchangeNotAvailable. Message: binance GET https://api.binance.com/api/v3/klines?interval=5m&limit=1000&symbol=PAXGUSDT". Retrying still for 3 times.
2026-02-01 03:35:56,038 - freqtrade.exchange.common - WARNING - _async_get_candle_history() returned exception: "Could not fetch historical candle (OHLCV) data for PEPE/USDT, 5m, spot due to ExchangeNotAvailable. Message: binance GET https://api.binance.com/api/v3/klines?interval=5m&limit=1000&symbol=PEPEUSDT". Retrying still for 3 times.
2026-02-01 03:35:56,039 - freqtrade.exchange.common - WARNING - _async_get_candle_history() returned exception: "Could not fetch historical candle (OHLCV) data for SUI/USDT, 5m, spot due to ExchangeNotAvailable. Message: binance GET https://api.binance.com/api/v3/klines?interval=5m&limit=1000&symbol=SUIUSDT". Retrying still for 3 times.
2026-02-01 03:35:56,040 - freqtrade.exchange.common - WARNING - _async_get_candle_history() returned exception: "Could not fetch historical candle (OHLCV) data for USD1/USDT, 5m, spot due to ExchangeNotAvailable. Message: binance GET https://api.binance.com/api/v3/klines?interval=5m&limit=1000&symbol=USD1USDT". Retrying still for 3 times.
2026-02-01 03:35:56,041 - freqtrade.exchange.common - WARNING - _async_get_candle_history() returned exception: "Could not fetch historical candle (OHLCV) data for AVAX/USDT, 5m, spot due to ExchangeNotAvailable. Message: binance GET https://api.binance.com/api/v3/klines?interval=5m&limit=1000&symbol=AVAXUSDT". Retrying still for 3 times.
2026-02-01 03:35:57,328 - freqtrade.exchange.common - WARNING - _async_get_candle_history() returned exception: "Could not fetch historical candle (OHLCV) data for ASTER/USDT, 5m, spot due to ExchangeNotAvailable. Message: binance GET https://api.binance.com/api/v3/klines?interval=5m&limit=1000&symbol=ASTERUSDT". Retrying still for 2 times.
2026-02-01 03:35:57,331 - freqtrade.exchange.common - WARNING - _async_get_candle_history() returned exception: "Could not fetch historical candle (OHLCV) data for SOL/USDT, 5m, spot due to ExchangeNotAvailable. Message: binance GET https://api.binance.com/api/v3/klines?interval=5m&limit=1000&symbol=SOLUSDT". Retrying still for 2 times.
2026-02-01 03:35:57,334 - freqtrade.exchange.common - WARNING - _async_get_candle_history() returned exception: "Could not fetch historical candle (OHLCV) data for LINK/USDT, 5m, spot due to ExchangeNotAvailable. Message: binance GET https://api.binance.com/api/v3/klines?interval=5m&limit=1000&symbol=LINKUSDT". Retrying still for 2 times.
2026-02-01 03:35:57,335 - freqtrade.exchange.common - WARNING - _async_get_candle_history() returned exception: "Could not fetch historical candle (OHLCV) data for SUI/USDT, 5m, spot due to ExchangeNotAvailable. Message: binance GET https://api.binance.com/api/v3/klines?interval=5m&limit=1000&symbol=SUIUSDT". Retrying still for 2 times.
2026-02-01 03:35:57,337 - freqtrade.exchange.common - WARNING - _async_get_candle_history() returned exception: "Could not fetch historical candle (OHLCV) data for SENT/USDT, 5m, spot due to ExchangeNotAvailable. Message: binance GET https://api.binance.com/api/v3/klines?interval=5m&limit=1000&symbol=SENTUSDT". Retrying still for 2 times.
2026-02-01 03:35:57,338 - freqtrade.exchange.common - WARNING - _async_get_candle_history() returned exception: "Could not fetch historical candle (OHLCV) data for ETH/USDT, 5m, spot due to ExchangeNotAvailable. Message: binance GET https://api.binance.com/api/v3/klines?interval=5m&limit=1000&symbol=ETHUSDT". Retrying still for 2 times.
2026-02-01 03:35:57,340 - freqtrade.exchange.common - WARNING - _async_get_candle_history() returned exception: "Could not fetch historical candle (OHLCV) data for DOGE/USDT, 5m, spot due to ExchangeNotAvailable. Message: binance GET https://api.binance.com/api/v3/klines?interval=5m&limit=1000&symbol=DOGEUSDT". Retrying still for 2 times.
2026-02-01 03:35:57,341 - freqtrade.exchange.common - WARNING - _async_get_candle_history() returned exception: "Could not fetch historical candle (OHLCV) data for TRX/USDT, 5m, spot due to ExchangeNotAvailable. Message: binance GET https://api.binance.com/api/v3/klines?interval=5m&limit=1000&symbol=TRXUSDT". Retrying still for 2 times.
2026-02-01 03:35:57,342 - freqtrade.exchange.common - WARNING - _async_get_candle_history() returned exception: "Could not fetch historical candle (OHLCV) data for XRP/USDT, 5m, spot due to ExchangeNotAvailable. Message: binance GET https://api.binance.com/api/v3/klines?interval=5m&limit=1000&symbol=XRPUSDT". Retrying still for 2 times.
2026-02-01 03:35:57,343 - freqtrade.exchange.common - WARNING - _async_get_candle_history() returned exception: "Could not fetch historical candle (OHLCV) data for BTC/USDT, 5m, spot due to ExchangeNotAvailable. Message: binance GET https://api.binance.com/api/v3/klines?interval=5m&limit=1000&symbol=BTCUSDT". Retrying still for 2 times.
2026-02-01 03:35:57,345 - freqtrade.exchange.common - WARNING - _async_get_candle_history() returned exception: "Could not fetch historical candle (OHLCV) data for AVAX/USDT, 5m, spot due to ExchangeNotAvailable. Message: binance GET https://api.binance.com/api/v3/klines?interval=5m&limit=1000&symbol=AVAXUSDT". Retrying still for 2 times.
2026-02-01 03:35:57,346 - freqtrade.exchange.common - WARNING - _async_get_candle_history() returned exception: "Could not fetch historical candle (OHLCV) data for PEPE/USDT, 5m, spot due to ExchangeNotAvailable. Message: binance GET https://api.binance.com/api/v3/klines?interval=5m&limit=1000&symbol=PEPEUSDT". Retrying still for 2 times.
2026-02-01 03:35:57,347 - freqtrade.exchange.common - WARNING - _async_get_candle_history() returned exception: "Could not fetch historical candle (OHLCV) data for FDUSD/USDT, 5m, spot due to ExchangeNotAvailable. Message: binance GET https://api.binance.com/api/v3/klines?interval=5m&limit=1000&symbol=FDUSDUSDT". Retrying still for 2 times.
2026-02-01 03:35:57,348 - freqtrade.exchange.common - WARNING - _async_get_candle_history() returned exception: "Could not fetch historical candle (OHLCV) data for ADA/USDT, 5m, spot due to ExchangeNotAvailable. Message: binance GET https://api.binance.com/api/v3/klines?interval=5m&limit=1000&symbol=ADAUSDT". Retrying still for 2 times.
2026-02-01 03:35:57,349 - freqtrade.exchange.common - WARNING - _async_get_candle_history() returned exception: "Could not fetch historical candle (OHLCV) data for PAXG/USDT, 5m, spot due to ExchangeNotAvailable. Message: binance GET https://api.binance.com/api/v3/klines?interval=5m&limit=1000&symbol=PAXGUSDT". Retrying still for 2 times.
2026-02-01 03:35:57,350 - freqtrade.exchange.common - WARNING - _async_get_candle_history() returned exception: "Could not fetch historical candle (OHLCV) data for USD1/USDT, 5m, spot due to ExchangeNotAvailable. Message: binance GET https://api.binance.com/api/v3/klines?interval=5m&limit=1000&symbol=USD1USDT". Retrying still for 2 times.
2026-02-01 03:35:57,351 - freqtrade.exchange.common - WARNING - _async_get_candle_history() returned exception: "Could not fetch historical candle (OHLCV) data for LTC/USDT, 5m, spot due to ExchangeNotAvailable. Message: binance GET https://api.binance.com/api/v3/klines?interval=5m&limit=1000&symbol=LTCUSDT". Retrying still for 2 times.
2026-02-01 03:35:57,352 - freqtrade.exchange.common - WARNING - _async_get_candle_history() returned exception: "Could not fetch historical candle (OHLCV) data for ZEC/USDT, 5m, spot due to ExchangeNotAvailable. Message: binance GET https://api.binance.com/api/v3/klines?interval=5m&limit=1000&symbol=ZECUSDT". Retrying still for 2 times.
2026-02-01 03:35:57,353 - freqtrade.exchange.common - WARNING - _async_get_candle_history() returned exception: "Could not fetch historical candle (OHLCV) data for USDC/USDT, 5m, spot due to ExchangeNotAvailable. Message: binance GET https://api.binance.com/api/v3/klines?interval=5m&limit=1000&symbol=USDCUSDT". Retrying still for 2 times.
2026-02-01 03:35:58,905 - freqtrade.exchange.common - WARNING - _async_get_candle_history() returned exception: "Could not fetch historical candle (OHLCV) data for SOL/USDT, 5m, spot due to ExchangeNotAvailable. Message: binance GET https://api.binance.com/api/v3/klines?interval=5m&limit=1000&symbol=SOLUSDT". Retrying still for 1 times.
2026-02-01 03:35:58,913 - freqtrade.exchange.common - WARNING - _async_get_candle_history() returned exception: "Could not fetch historical candle (OHLCV) data for PAXG/USDT, 5m, spot due to ExchangeNotAvailable. Message: binance GET https://api.binance.com/api/v3/klines?interval=5m&limit=1000&symbol=PAXGUSDT". Retrying still for 1 times.
2026-02-01 03:35:58,915 - freqtrade.exchange.common - WARNING - _async_get_candle_history() returned exception: "Could not fetch historical candle (OHLCV) data for AVAX/USDT, 5m, spot due to ExchangeNotAvailable. Message: binance GET https://api.binance.com/api/v3/klines?interval=5m&limit=1000&symbol=AVAXUSDT". Retrying still for 1 times.
2026-02-01 03:35:58,917 - freqtrade.exchange.common - WARNING - _async_get_candle_history() returned exception: "Could not fetch historical candle (OHLCV) data for ETH/USDT, 5m, spot due to ExchangeNotAvailable. Message: binance GET https://api.binance.com/api/v3/klines?interval=5m&limit=1000&symbol=ETHUSDT". Retrying still for 1 times.
2026-02-01 03:35:58,918 - freqtrade.exchange.common - WARNING - _async_get_candle_history() returned exception: "Could not fetch historical candle (OHLCV) data for TRX/USDT, 5m, spot due to ExchangeNotAvailable. Message: binance GET https://api.binance.com/api/v3/klines?interval=5m&limit=1000&symbol=TRXUSDT". Retrying still for 1 times.
2026-02-01 03:35:58,919 - freqtrade.exchange.common - WARNING - _async_get_candle_history() returned exception: "Could not fetch historical candle (OHLCV) data for ZEC/USDT, 5m, spot due to ExchangeNotAvailable. Message: binance GET https://api.binance.com/api/v3/klines?interval=5m&limit=1000&symbol=ZECUSDT". Retrying still for 1 times.
2026-02-01 03:35:58,921 - freqtrade.exchange.common - WARNING - _async_get_candle_history() returned exception: "Could not fetch historical candle (OHLCV) data for PEPE/USDT, 5m, spot due to ExchangeNotAvailable. Message: binance GET https://api.binance.com/api/v3/klines?interval=5m&limit=1000&symbol=PEPEUSDT". Retrying still for 1 times.
2026-02-01 03:35:58,922 - freqtrade.exchange.common - WARNING - _async_get_candle_history() returned exception: "Could not fetch historical candle (OHLCV) data for LINK/USDT, 5m, spot due to ExchangeNotAvailable. Message: binance GET https://api.binance.com/api/v3/klines?interval=5m&limit=1000&symbol=LINKUSDT". Retrying still for 1 times.
2026-02-01 03:35:58,923 - freqtrade.exchange.common - WARNING - _async_get_candle_history() returned exception: "Could not fetch historical candle (OHLCV) data for LTC/USDT, 5m, spot due to ExchangeNotAvailable. Message: binance GET https://api.binance.com/api/v3/klines?interval=5m&limit=1000&symbol=LTCUSDT". Retrying still for 1 times.
2026-02-01 03:35:58,924 - freqtrade.exchange.common - WARNING - _async_get_candle_history() returned exception: "Could not fetch historical candle (OHLCV) data for FDUSD/USDT, 5m, spot due to ExchangeNotAvailable. Message: binance GET https://api.binance.com/api/v3/klines?interval=5m&limit=1000&symbol=FDUSDUSDT". Retrying still for 1 times.
2026-02-01 03:35:58,925 - freqtrade.exchange.common - WARNING - _async_get_candle_history() returned exception: "Could not fetch historical candle (OHLCV) data for ADA/USDT, 5m, spot due to ExchangeNotAvailable. Message: binance GET https://api.binance.com/api/v3/klines?interval=5m&limit=1000&symbol=ADAUSDT". Retrying still for 1 times.
2026-02-01 03:35:58,927 - freqtrade.exchange.common - WARNING - _async_get_candle_history() returned exception: "Could not fetch historical candle (OHLCV) data for DOGE/USDT, 5m, spot due to ExchangeNotAvailable. Message: binance GET https://api.binance.com/api/v3/klines?interval=5m&limit=1000&symbol=DOGEUSDT". Retrying still for 1 times.
2026-02-01 03:35:58,930 - freqtrade.exchange.common - WARNING - _async_get_candle_history() returned exception: "Could not fetch historical candle (OHLCV) data for SUI/USDT, 5m, spot due to ExchangeNotAvailable. Message: binance GET https://api.binance.com/api/v3/klines?interval=5m&limit=1000&symbol=SUIUSDT". Retrying still for 1 times.
2026-02-01 03:35:58,931 - freqtrade.exchange.common - WARNING - _async_get_candle_history() returned exception: "Could not fetch historical candle (OHLCV) data for BTC/USDT, 5m, spot due to ExchangeNotAvailable. Message: binance GET https://api.binance.com/api/v3/klines?interval=5m&limit=1000&symbol=BTCUSDT". Retrying still for 1 times.
2026-02-01 03:35:58,932 - freqtrade.exchange.common - WARNING - _async_get_candle_history() returned exception: "Could not fetch historical candle (OHLCV) data for SENT/USDT, 5m, spot due to ExchangeNotAvailable. Message: binance GET https://api.binance.com/api/v3/klines?interval=5m&limit=1000&symbol=SENTUSDT". Retrying still for 1 times.
2026-02-01 03:35:58,933 - freqtrade.exchange.common - WARNING - _async_get_candle_history() returned exception: "Could not fetch historical candle (OHLCV) data for USD1/USDT, 5m, spot due to ExchangeNotAvailable. Message: binance GET https://api.binance.com/api/v3/klines?interval=5m&limit=1000&symbol=USD1USDT". Retrying still for 1 times.
2026-02-01 03:35:58,935 - freqtrade.exchange.common - WARNING - _async_get_candle_history() returned exception: "Could not fetch historical candle (OHLCV) data for USDC/USDT, 5m, spot due to ExchangeNotAvailable. Message: binance GET https://api.binance.com/api/v3/klines?interval=5m&limit=1000&symbol=USDCUSDT". Retrying still for 1 times.
2026-02-01 03:35:58,937 - freqtrade.exchange.common - WARNING - _async_get_candle_history() returned exception: "Could not fetch historical candle (OHLCV) data for XRP/USDT, 5m, spot due to ExchangeNotAvailable. Message: binance GET https://api.binance.com/api/v3/klines?interval=5m&limit=1000&symbol=XRPUSDT". Retrying still for 1 times.
2026-02-01 03:35:58,939 - freqtrade.exchange.common - WARNING - _async_get_candle_history() returned exception: "Could not fetch historical candle (OHLCV) data for ASTER/USDT, 5m, spot due to ExchangeNotAvailable. Message: binance GET https://api.binance.com/api/v3/klines?interval=5m&limit=1000&symbol=ASTERUSDT". Retrying still for 1 times.
2026-02-01 03:36:00,171 - freqtrade.exchange.common - WARNING - _async_get_candle_history() returned exception: "Could not fetch historical candle (OHLCV) data for USDC/USDT, 5m, spot due to ExchangeNotAvailable. Message: binance GET https://api.binance.com/api/v3/klines?interval=5m&limit=1000&symbol=USDCUSDT". Giving up.
2026-02-01 03:36:00,172 - freqtrade.exchange.common - WARNING - _async_get_candle_history() returned exception: "Could not fetch historical candle (OHLCV) data for SUI/USDT, 5m, spot due to ExchangeNotAvailable. Message: binance GET https://api.binance.com/api/v3/klines?interval=5m&limit=1000&symbol=SUIUSDT". Giving up.
2026-02-01 03:36:00,173 - freqtrade.exchange.common - WARNING - _async_get_candle_history() returned exception: "Could not fetch historical candle (OHLCV) data for PEPE/USDT, 5m, spot due to ExchangeNotAvailable. Message: binance GET https://api.binance.com/api/v3/klines?interval=5m&limit=1000&symbol=PEPEUSDT". Giving up.
2026-02-01 03:36:00,174 - freqtrade.exchange.common - WARNING - _async_get_candle_history() returned exception: "Could not fetch historical candle (OHLCV) data for USD1/USDT, 5m, spot due to ExchangeNotAvailable. Message: binance GET https://api.binance.com/api/v3/klines?interval=5m&limit=1000&symbol=USD1USDT". Giving up.
2026-02-01 03:36:00,176 - freqtrade.exchange.common - WARNING - _async_get_candle_history() returned exception: "Could not fetch historical candle (OHLCV) data for ASTER/USDT, 5m, spot due to ExchangeNotAvailable. Message: binance GET https://api.binance.com/api/v3/klines?interval=5m&limit=1000&symbol=ASTERUSDT". Giving up.
2026-02-01 03:36:00,177 - freqtrade.exchange.common - WARNING - _async_get_candle_history() returned exception: "Could not fetch historical candle (OHLCV) data for ZEC/USDT, 5m, spot due to ExchangeNotAvailable. Message: binance GET https://api.binance.com/api/v3/klines?interval=5m&limit=1000&symbol=ZECUSDT". Giving up.
2026-02-01 03:36:00,178 - freqtrade.exchange.common - WARNING - _async_get_candle_history() returned exception: "Could not fetch historical candle (OHLCV) data for FDUSD/USDT, 5m, spot due to ExchangeNotAvailable. Message: binance GET https://api.binance.com/api/v3/klines?interval=5m&limit=1000&symbol=FDUSDUSDT". Giving up.
2026-02-01 03:36:00,180 - freqtrade.exchange.common - WARNING - _async_get_candle_history() returned exception: "Could not fetch historical candle (OHLCV) data for DOGE/USDT, 5m, spot due to ExchangeNotAvailable. Message: binance GET https://api.binance.com/api/v3/klines?interval=5m&limit=1000&symbol=DOGEUSDT". Giving up.
2026-02-01 03:36:00,181 - freqtrade.exchange.common - WARNING - _async_get_candle_history() returned exception: "Could not fetch historical candle (OHLCV) data for SENT/USDT, 5m, spot due to ExchangeNotAvailable. Message: binance GET https://api.binance.com/api/v3/klines?interval=5m&limit=1000&symbol=SENTUSDT". Giving up.
2026-02-01 03:36:00,181 - freqtrade.exchange.common - WARNING - _async_get_candle_history() returned exception: "Could not fetch historical candle (OHLCV) data for ADA/USDT, 5m, spot due to ExchangeNotAvailable. Message: binance GET https://api.binance.com/api/v3/klines?interval=5m&limit=1000&symbol=ADAUSDT". Giving up.
2026-02-01 03:36:00,182 - freqtrade.exchange.common - WARNING - _async_get_candle_history() returned exception: "Could not fetch historical candle (OHLCV) data for TRX/USDT, 5m, spot due to ExchangeNotAvailable. Message: binance GET https://api.binance.com/api/v3/klines?interval=5m&limit=1000&symbol=TRXUSDT". Giving up.
2026-02-01 03:36:00,183 - freqtrade.exchange.common - WARNING - _async_get_candle_history() returned exception: "Could not fetch historical candle (OHLCV) data for XRP/USDT, 5m, spot due to ExchangeNotAvailable. Message: binance GET https://api.binance.com/api/v3/klines?interval=5m&limit=1000&symbol=XRPUSDT". Giving up.
2026-02-01 03:36:00,183 - freqtrade.exchange.common - WARNING - _async_get_candle_history() returned exception: "Could not fetch historical candle (OHLCV) data for LINK/USDT, 5m, spot due to ExchangeNotAvailable. Message: binance GET https://api.binance.com/api/v3/klines?interval=5m&limit=1000&symbol=LINKUSDT". Giving up.
2026-02-01 03:36:00,184 - freqtrade.exchange.common - WARNING - _async_get_candle_history() returned exception: "Could not fetch historical candle (OHLCV) data for AVAX/USDT, 5m, spot due to ExchangeNotAvailable. Message: binance GET https://api.binance.com/api/v3/klines?interval=5m&limit=1000&symbol=AVAXUSDT". Giving up.
2026-02-01 03:36:00,184 - freqtrade.exchange.common - WARNING - _async_get_candle_history() returned exception: "Could not fetch historical candle (OHLCV) data for PAXG/USDT, 5m, spot due to ExchangeNotAvailable. Message: binance GET https://api.binance.com/api/v3/klines?interval=5m&limit=1000&symbol=PAXGUSDT". Giving up.
2026-02-01 03:36:00,185 - freqtrade.exchange.common - WARNING - _async_get_candle_history() returned exception: "Could not fetch historical candle (OHLCV) data for LTC/USDT, 5m, spot due to ExchangeNotAvailable. Message: binance GET https://api.binance.com/api/v3/klines?interval=5m&limit=1000&symbol=LTCUSDT". Giving up.
2026-02-01 03:36:00,185 - freqtrade.exchange.common - WARNING - _async_get_candle_history() returned exception: "Could not fetch historical candle (OHLCV) data for ETH/USDT, 5m, spot due to ExchangeNotAvailable. Message: binance GET https://api.binance.com/api/v3/klines?interval=5m&limit=1000&symbol=ETHUSDT". Giving up.
2026-02-01 03:36:00,186 - freqtrade.exchange.common - WARNING - _async_get_candle_history() returned exception: "Could not fetch historical candle (OHLCV) data for BTC/USDT, 5m, spot due to ExchangeNotAvailable. Message: binance GET https://api.binance.com/api/v3/klines?interval=5m&limit=1000&symbol=BTCUSDT". Giving up.
2026-02-01 03:36:00,187 - freqtrade.exchange.common - WARNING - _async_get_candle_history() returned exception: "Could not fetch historical candle (OHLCV) data for SOL/USDT, 5m, spot due to ExchangeNotAvailable. Message: binance GET https://api.binance.com/api/v3/klines?interval=5m&limit=1000&symbol=SOLUSDT". Giving up.
2026-02-01 03:36:00,232 - freqtrade.exchange.exchange - WARNING - Async code raised an exception: TemporaryError('Could not fetch historical candle (OHLCV) data for BTC/USDT, 5m, spot due to ExchangeNotAvailable. Message: binance GET https://api.binance.com/api/v3/klines?interval=5m&limit=1000&symbol=BTCUSDT')
2026-02-01 03:36:00,233 - freqtrade.exchange.exchange - WARNING - Async code raised an exception: TemporaryError('Could not fetch historical candle (OHLCV) data for PAXG/USDT, 5m, spot due to ExchangeNotAvailable. Message: binance GET https://api.binance.com/api/v3/klines?interval=5m&limit=1000&symbol=PAXGUSDT')
2026-02-01 03:36:00,233 - freqtrade.exchange.exchange - WARNING - Async code raised an exception: TemporaryError('Could not fetch historical candle (OHLCV) data for ASTER/USDT, 5m, spot due to ExchangeNotAvailable. Message: binance GET https://api.binance.com/api/v3/klines?interval=5m&limit=1000&symbol=ASTERUSDT')
2026-02-01 03:36:00,234 - freqtrade.exchange.exchange - WARNING - Async code raised an exception: TemporaryError('Could not fetch historical candle (OHLCV) data for FDUSD/USDT, 5m, spot due to ExchangeNotAvailable. Message: binance GET https://api.binance.com/api/v3/klines?interval=5m&limit=1000&symbol=FDUSDUSDT')
2026-02-01 03:36:00,234 - freqtrade.exchange.exchange - WARNING - Async code raised an exception: TemporaryError('Could not fetch historical candle (OHLCV) data for ADA/USDT, 5m, spot due to ExchangeNotAvailable. Message: binance GET https://api.binance.com/api/v3/klines?interval=5m&limit=1000&symbol=ADAUSDT')
2026-02-01 03:36:00,234 - freqtrade.exchange.exchange - WARNING - Async code raised an exception: TemporaryError('Could not fetch historical candle (OHLCV) data for ZEC/USDT, 5m, spot due to ExchangeNotAvailable. Message: binance GET https://api.binance.com/api/v3/klines?interval=5m&limit=1000&symbol=ZECUSDT')
2026-02-01 03:36:00,235 - freqtrade.exchange.exchange - WARNING - Async code raised an exception: TemporaryError('Could not fetch historical candle (OHLCV) data for LINK/USDT, 5m, spot due to ExchangeNotAvailable. Message: binance GET https://api.binance.com/api/v3/klines?interval=5m&limit=1000&symbol=LINKUSDT')
2026-02-01 03:36:00,235 - freqtrade.exchange.exchange - WARNING - Async code raised an exception: TemporaryError('Could not fetch historical candle (OHLCV) data for ETH/USDT, 5m, spot due to ExchangeNotAvailable. Message: binance GET https://api.binance.com/api/v3/klines?interval=5m&limit=1000&symbol=ETHUSDT')
2026-02-01 03:36:00,236 - freqtrade.exchange.exchange - WARNING - Async code raised an exception: TemporaryError('Could not fetch historical candle (OHLCV) data for TRX/USDT, 5m, spot due to ExchangeNotAvailable. Message: binance GET https://api.binance.com/api/v3/klines?interval=5m&limit=1000&symbol=TRXUSDT')
2026-02-01 03:36:00,236 - freqtrade.exchange.exchange - WARNING - Async code raised an exception: TemporaryError('Could not fetch historical candle (OHLCV) data for SUI/USDT, 5m, spot due to ExchangeNotAvailable. Message: binance GET https://api.binance.com/api/v3/klines?interval=5m&limit=1000&symbol=SUIUSDT')
2026-02-01 03:36:00,236 - freqtrade.exchange.exchange - WARNING - Async code raised an exception: TemporaryError('Could not fetch historical candle (OHLCV) data for XRP/USDT, 5m, spot due to ExchangeNotAvailable. Message: binance GET https://api.binance.com/api/v3/klines?interval=5m&limit=1000&symbol=XRPUSDT')
2026-02-01 03:36:00,237 - freqtrade.exchange.exchange - WARNING - Async code raised an exception: TemporaryError('Could not fetch historical candle (OHLCV) data for USD1/USDT, 5m, spot due to ExchangeNotAvailable. Message: binance GET https://api.binance.com/api/v3/klines?interval=5m&limit=1000&symbol=USD1USDT')
2026-02-01 03:36:00,237 - freqtrade.exchange.exchange - WARNING - Async code raised an exception: TemporaryError('Could not fetch historical candle (OHLCV) data for AVAX/USDT, 5m, spot due to ExchangeNotAvailable. Message: binance GET https://api.binance.com/api/v3/klines?interval=5m&limit=1000&symbol=AVAXUSDT')
2026-02-01 03:36:00,238 - freqtrade.exchange.exchange - WARNING - Async code raised an exception: TemporaryError('Could not fetch historical candle (OHLCV) data for DOGE/USDT, 5m, spot due to ExchangeNotAvailable. Message: binance GET https://api.binance.com/api/v3/klines?interval=5m&limit=1000&symbol=DOGEUSDT')
2026-02-01 03:36:00,238 - freqtrade.exchange.exchange - WARNING - Async code raised an exception: TemporaryError('Could not fetch historical candle (OHLCV) data for PEPE/USDT, 5m, spot due to ExchangeNotAvailable. Message: binance GET https://api.binance.com/api/v3/klines?interval=5m&limit=1000&symbol=PEPEUSDT')
2026-02-01 03:36:00,238 - freqtrade.exchange.exchange - WARNING - Async code raised an exception: TemporaryError('Could not fetch historical candle (OHLCV) data for USDC/USDT, 5m, spot due to ExchangeNotAvailable. Message: binance GET https://api.binance.com/api/v3/klines?interval=5m&limit=1000&symbol=USDCUSDT')
2026-02-01 03:36:00,239 - freqtrade.exchange.exchange - WARNING - Async code raised an exception: TemporaryError('Could not fetch historical candle (OHLCV) data for LTC/USDT, 5m, spot due to ExchangeNotAvailable. Message: binance GET https://api.binance.com/api/v3/klines?interval=5m&limit=1000&symbol=LTCUSDT')
2026-02-01 03:36:00,240 - freqtrade.exchange.exchange - WARNING - Async code raised an exception: TemporaryError('Could not fetch historical candle (OHLCV) data for SENT/USDT, 5m, spot due to ExchangeNotAvailable. Message: binance GET https://api.binance.com/api/v3/klines?interval=5m&limit=1000&symbol=SENTUSDT')
2026-02-01 03:36:00,240 - freqtrade.exchange.exchange - WARNING - Async code raised an exception: TemporaryError('Could not fetch historical candle (OHLCV) data for SOL/USDT, 5m, spot due to ExchangeNotAvailable. Message: binance GET https://api.binance.com/api/v3/klines?interval=5m&limit=1000&symbol=SOLUSDT')
2026-02-01 03:36:10,295 - freqtrade.exchange.common - WARNING - fetch_l2_order_book() returned exception: "Could not get order book due to RequestTimeout. Message: binance GET https://api.binance.com/api/v3/depth?symbol=PAXGUSDT&limit=5". Retrying still for 4 times.
2026-02-01 03:36:18,317 - freqtrade.exchange.common - WARNING - fetch_l2_order_book() returned exception: "Could not get order book due to NetworkError. Message: binance GET https://api.binance.com/api/v3/depth?symbol=PAXGUSDT&limit=5". Retrying still for 3 times.
2026-02-01 03:36:26,329 - freqtrade.exchange.common - WARNING - fetch_l2_order_book() returned exception: "Could not get order book due to NetworkError. Message: binance GET https://api.binance.com/api/v3/depth?symbol=PAXGUSDT&limit=5". Retrying still for 2 times.
2026-02-01 03:36:34,351 - freqtrade.exchange.common - WARNING - fetch_l2_order_book() returned exception: "Could not get order book due to NetworkError. Message: binance GET https://api.binance.com/api/v3/depth?symbol=PAXGUSDT&limit=5". Retrying still for 1 times.
2026-02-01 03:36:42,370 - freqtrade.exchange.common - WARNING - fetch_l2_order_book() returned exception: "Could not get order book due to NetworkError. Message: binance GET https://api.binance.com/api/v3/depth?symbol=PAXGUSDT&limit=5". Giving up.
2026-02-01 03:36:42,375 - freqtrade.freqtradebot - WARNING - Unable to exit trade PAXG/USDT: Could not get order book due to NetworkError. Message: binance GET https://api.binance.com/api/v3/depth?symbol=PAXGUSDT&limit=5
2026-02-01 03:36:42,432 - freqtrade.worker - INFO - Bot heartbeat. PID=1, version='2026.1', state='RUNNING'
2026-02-01 03:36:42,454 - freqtrade.exchange.exchange - INFO - Couldn't reuse watch for BTC/USDT, 5m, falling back to REST api. False, 1769916900000, 0, 2026-02-01T03:35:00, 1970-01-01T00:00:00 
2026-02-01 03:36:42,455 - freqtrade.exchange.exchange - INFO - Couldn't reuse watch for PAXG/USDT, 5m, falling back to REST api. False, 1769916900000, 0, 2026-02-01T03:35:00, 1970-01-01T00:00:00 
2026-02-01 03:36:42,456 - freqtrade.exchange.exchange - INFO - Couldn't reuse watch for ASTER/USDT, 5m, falling back to REST api. False, 1769916900000, 0, 2026-02-01T03:35:00, 1970-01-01T00:00:00 
2026-02-01 03:36:42,457 - freqtrade.exchange.exchange - INFO - Couldn't reuse watch for FDUSD/USDT, 5m, falling back to REST api. False, 1769916900000, 0, 2026-02-01T03:35:00, 1970-01-01T00:00:00 
2026-02-01 03:36:42,457 - freqtrade.exchange.exchange - INFO - Couldn't reuse watch for ADA/USDT, 5m, falling back to REST api. False, 1769916900000, 0, 2026-02-01T03:35:00, 1970-01-01T00:00:00 
2026-02-01 03:36:42,458 - freqtrade.exchange.exchange - INFO - Couldn't reuse watch for ZEC/USDT, 5m, falling back to REST api. False, 1769916900000, 0, 2026-02-01T03:35:00, 1970-01-01T00:00:00 
2026-02-01 03:36:42,459 - freqtrade.exchange.exchange - INFO - Couldn't reuse watch for LINK/USDT, 5m, falling back to REST api. False, 1769916900000, 0, 2026-02-01T03:35:00, 1970-01-01T00:00:00 
2026-02-01 03:36:42,459 - freqtrade.exchange.exchange - INFO - Couldn't reuse watch for ETH/USDT, 5m, falling back to REST api. False, 1769916900000, 0, 2026-02-01T03:35:00, 1970-01-01T00:00:00 
2026-02-01 03:36:42,460 - freqtrade.exchange.exchange - INFO - Couldn't reuse watch for TRX/USDT, 5m, falling back to REST api. False, 1769916900000, 0, 2026-02-01T03:35:00, 1970-01-01T00:00:00 
2026-02-01 03:36:42,461 - freqtrade.exchange.exchange - INFO - Couldn't reuse watch for SUI/USDT, 5m, falling back to REST api. False, 1769916900000, 0, 2026-02-01T03:35:00, 1970-01-01T00:00:00 
2026-02-01 03:36:42,461 - freqtrade.exchange.exchange - INFO - Couldn't reuse watch for XRP/USDT, 5m, falling back to REST api. False, 1769916900000, 0, 2026-02-01T03:35:00, 1970-01-01T00:00:00 
2026-02-01 03:36:42,461 - freqtrade.exchange.exchange - INFO - Couldn't reuse watch for USD1/USDT, 5m, falling back to REST api. False, 1769916900000, 0, 2026-02-01T03:35:00, 1970-01-01T00:00:00 
2026-02-01 03:36:42,462 - freqtrade.exchange.exchange - INFO - Couldn't reuse watch for AVAX/USDT, 5m, falling back to REST api. False, 1769916900000, 0, 2026-02-01T03:35:00, 1970-01-01T00:00:00 
2026-02-01 03:36:42,463 - freqtrade.exchange.exchange - INFO - Couldn't reuse watch for DOGE/USDT, 5m, falling back to REST api. False, 1769916900000, 0, 2026-02-01T03:35:00, 1970-01-01T00:00:00 
2026-02-01 03:36:42,463 - freqtrade.exchange.exchange - INFO - Couldn't reuse watch for PEPE/USDT, 5m, falling back to REST api. False, 1769916900000, 0, 2026-02-01T03:35:00, 1970-01-01T00:00:00 
2026-02-01 03:36:42,464 - freqtrade.exchange.exchange - INFO - Couldn't reuse watch for USDC/USDT, 5m, falling back to REST api. False, 1769916900000, 0, 2026-02-01T03:35:00, 1970-01-01T00:00:00 
2026-02-01 03:36:42,464 - freqtrade.exchange.exchange - INFO - Couldn't reuse watch for LTC/USDT, 5m, falling back to REST api. False, 1769916900000, 0, 2026-02-01T03:35:00, 1970-01-01T00:00:00 
2026-02-01 03:36:42,465 - freqtrade.exchange.exchange - INFO - Couldn't reuse watch for SENT/USDT, 5m, falling back to REST api. False, 1769916900000, 0, 2026-02-01T03:35:00, 1970-01-01T00:00:00 
2026-02-01 03:36:42,465 - freqtrade.exchange.exchange - INFO - Couldn't reuse watch for SOL/USDT, 5m, falling back to REST api. False, 1769916900000, 0, 2026-02-01T03:35:00, 1970-01-01T00:00:00 
2026-02-01 03:36:44,172 - freqtrade.exchange.common - WARNING - _async_get_candle_history() returned exception: "Could not fetch historical candle (OHLCV) data for TRX/USDT, 5m, spot due to ExchangeNotAvailable. Message: binance GET https://api.binance.com/api/v3/klines?interval=5m&limit=1000&symbol=TRXUSDT". Retrying still for 4 times.
2026-02-01 03:36:44,174 - freqtrade.exchange.common - WARNING - _async_get_candle_history() returned exception: "Could not fetch historical candle (OHLCV) data for AVAX/USDT, 5m, spot due to ExchangeNotAvailable. Message: binance GET https://api.binance.com/api/v3/klines?interval=5m&limit=1000&symbol=AVAXUSDT". Retrying still for 4 times.
2026-02-01 03:36:44,176 - freqtrade.exchange.common - WARNING - _async_get_candle_history() returned exception: "Could not fetch historical candle (OHLCV) data for PAXG/USDT, 5m, spot due to ExchangeNotAvailable. Message: binance GET https://api.binance.com/api/v3/klines?interval=5m&limit=1000&symbol=PAXGUSDT". Retrying still for 4 times.
2026-02-01 03:36:44,177 - freqtrade.exchange.common - WARNING - _async_get_candle_history() returned exception: "Could not fetch historical candle (OHLCV) data for USDC/USDT, 5m, spot due to ExchangeNotAvailable. Message: binance GET https://api.binance.com/api/v3/klines?interval=5m&limit=1000&symbol=USDCUSDT". Retrying still for 4 times.
2026-02-01 03:36:44,274 - freqtrade.exchange.common - WARNING - _async_get_candle_history() returned exception: "Could not fetch historical candle (OHLCV) data for USD1/USDT, 5m, spot due to ExchangeNotAvailable. Message: binance GET https://api.binance.com/api/v3/klines?interval=5m&limit=1000&symbol=USD1USDT". Retrying still for 4 times.
2026-02-01 03:36:44,275 - freqtrade.exchange.common - WARNING - _async_get_candle_history() returned exception: "Could not fetch historical candle (OHLCV) data for ZEC/USDT, 5m, spot due to ExchangeNotAvailable. Message: binance GET https://api.binance.com/api/v3/klines?interval=5m&limit=1000&symbol=ZECUSDT". Retrying still for 4 times.
2026-02-01 03:36:44,275 - freqtrade.exchange.common - WARNING - _async_get_candle_history() returned exception: "Could not fetch historical candle (OHLCV) data for LTC/USDT, 5m, spot due to ExchangeNotAvailable. Message: binance GET https://api.binance.com/api/v3/klines?interval=5m&limit=1000&symbol=LTCUSDT". Retrying still for 4 times.
2026-02-01 03:36:44,276 - freqtrade.exchange.common - WARNING - _async_get_candle_history() returned exception: "Could not fetch historical candle (OHLCV) data for PEPE/USDT, 5m, spot due to ExchangeNotAvailable. Message: binance GET https://api.binance.com/api/v3/klines?interval=5m&limit=1000&symbol=PEPEUSDT". Retrying still for 4 times.
2026-02-01 03:36:44,276 - freqtrade.exchange.common - WARNING - _async_get_candle_history() returned exception: "Could not fetch historical candle (OHLCV) data for ETH/USDT, 5m, spot due to ExchangeNotAvailable. Message: binance GET https://api.binance.com/api/v3/klines?interval=5m&limit=1000&symbol=ETHUSDT". Retrying still for 4 times.
2026-02-01 03:36:44,276 - freqtrade.exchange.common - WARNING - _async_get_candle_history() returned exception: "Could not fetch historical candle (OHLCV) data for SOL/USDT, 5m, spot due to ExchangeNotAvailable. Message: binance GET https://api.binance.com/api/v3/klines?interval=5m&limit=1000&symbol=SOLUSDT". Retrying still for 4 times.
2026-02-01 03:36:44,277 - freqtrade.exchange.common - WARNING - _async_get_candle_history() returned exception: "Could not fetch historical candle (OHLCV) data for SENT/USDT, 5m, spot due to ExchangeNotAvailable. Message: binance GET https://api.binance.com/api/v3/klines?interval=5m&limit=1000&symbol=SENTUSDT". Retrying still for 4 times.
2026-02-01 03:36:44,277 - freqtrade.exchange.common - WARNING - _async_get_candle_history() returned exception: "Could not fetch historical candle (OHLCV) data for FDUSD/USDT, 5m, spot due to ExchangeNotAvailable. Message: binance GET https://api.binance.com/api/v3/klines?interval=5m&limit=1000&symbol=FDUSDUSDT". Retrying still for 4 times.
2026-02-01 03:36:44,278 - freqtrade.exchange.common - WARNING - _async_get_candle_history() returned exception: "Could not fetch historical candle (OHLCV) data for ASTER/USDT, 5m, spot due to ExchangeNotAvailable. Message: binance GET https://api.binance.com/api/v3/klines?interval=5m&limit=1000&symbol=ASTERUSDT". Retrying still for 4 times.
2026-02-01 03:36:44,278 - freqtrade.exchange.common - WARNING - _async_get_candle_history() returned exception: "Could not fetch historical candle (OHLCV) data for LINK/USDT, 5m, spot due to ExchangeNotAvailable. Message: binance GET https://api.binance.com/api/v3/klines?interval=5m&limit=1000&symbol=LINKUSDT". Retrying still for 4 times.
2026-02-01 03:36:44,278 - freqtrade.exchange.common - WARNING - _async_get_candle_history() returned exception: "Could not fetch historical candle (OHLCV) data for XRP/USDT, 5m, spot due to ExchangeNotAvailable. Message: binance GET https://api.binance.com/api/v3/klines?interval=5m&limit=1000&symbol=XRPUSDT". Retrying still for 4 times.
2026-02-01 03:36:44,279 - freqtrade.exchange.common - WARNING - _async_get_candle_history() returned exception: "Could not fetch historical candle (OHLCV) data for ADA/USDT, 5m, spot due to ExchangeNotAvailable. Message: binance GET https://api.binance.com/api/v3/klines?interval=5m&limit=1000&symbol=ADAUSDT". Retrying still for 4 times.
2026-02-01 03:36:44,279 - freqtrade.exchange.common - WARNING - _async_get_candle_history() returned exception: "Could not fetch historical candle (OHLCV) data for SUI/USDT, 5m, spot due to ExchangeNotAvailable. Message: binance GET https://api.binance.com/api/v3/klines?interval=5m&limit=1000&symbol=SUIUSDT". Retrying still for 4 times.
2026-02-01 03:36:44,279 - freqtrade.exchange.common - WARNING - _async_get_candle_history() returned exception: "Could not fetch historical candle (OHLCV) data for DOGE/USDT, 5m, spot due to ExchangeNotAvailable. Message: binance GET https://api.binance.com/api/v3/klines?interval=5m&limit=1000&symbol=DOGEUSDT". Retrying still for 4 times.
2026-02-01 03:36:44,280 - freqtrade.exchange.common - WARNING - _async_get_candle_history() returned exception: "Could not fetch historical candle (OHLCV) data for BTC/USDT, 5m, spot due to ExchangeNotAvailable. Message: binance GET https://api.binance.com/api/v3/klines?interval=5m&limit=1000&symbol=BTCUSDT". Retrying still for 4 times.
2026-02-01 03:36:45,978 - freqtrade.exchange.common - WARNING - _async_get_candle_history() returned exception: "Could not fetch historical candle (OHLCV) data for AVAX/USDT, 5m, spot due to ExchangeNotAvailable. Message: binance GET https://api.binance.com/api/v3/klines?interval=5m&limit=1000&symbol=AVAXUSDT". Retrying still for 3 times.
2026-02-01 03:36:45,980 - freqtrade.exchange.common - WARNING - _async_get_candle_history() returned exception: "Could not fetch historical candle (OHLCV) data for LTC/USDT, 5m, spot due to ExchangeNotAvailable. Message: binance GET https://api.binance.com/api/v3/klines?interval=5m&limit=1000&symbol=LTCUSDT". Retrying still for 3 times.
2026-02-01 03:36:45,982 - freqtrade.exchange.common - WARNING - _async_get_candle_history() returned exception: "Could not fetch historical candle (OHLCV) data for ADA/USDT, 5m, spot due to ExchangeNotAvailable. Message: binance GET https://api.binance.com/api/v3/klines?interval=5m&limit=1000&symbol=ADAUSDT". Retrying still for 3 times.
2026-02-01 03:36:45,984 - freqtrade.exchange.common - WARNING - _async_get_candle_history() returned exception: "Could not fetch historical candle (OHLCV) data for ZEC/USDT, 5m, spot due to ExchangeNotAvailable. Message: binance GET https://api.binance.com/api/v3/klines?interval=5m&limit=1000&symbol=ZECUSDT". Retrying still for 3 times.
2026-02-01 03:36:45,986 - freqtrade.exchange.common - WARNING - _async_get_candle_history() returned exception: "Could not fetch historical candle (OHLCV) data for ASTER/USDT, 5m, spot due to ExchangeNotAvailable. Message: binance GET https://api.binance.com/api/v3/klines?interval=5m&limit=1000&symbol=ASTERUSDT". Retrying still for 3 times.
2026-02-01 03:36:45,987 - freqtrade.exchange.common - WARNING - _async_get_candle_history() returned exception: "Could not fetch historical candle (OHLCV) data for SOL/USDT, 5m, spot due to ExchangeNotAvailable. Message: binance GET https://api.binance.com/api/v3/klines?interval=5m&limit=1000&symbol=SOLUSDT". Retrying still for 3 times.
2026-02-01 03:36:45,989 - freqtrade.exchange.common - WARNING - _async_get_candle_history() returned exception: "Could not fetch historical candle (OHLCV) data for PEPE/USDT, 5m, spot due to ExchangeNotAvailable. Message: binance GET https://api.binance.com/api/v3/klines?interval=5m&limit=1000&symbol=PEPEUSDT". Retrying still for 3 times.
2026-02-01 03:36:45,990 - freqtrade.exchange.common - WARNING - _async_get_candle_history() returned exception: "Could not fetch historical candle (OHLCV) data for USDC/USDT, 5m, spot due to ExchangeNotAvailable. Message: binance GET https://api.binance.com/api/v3/klines?interval=5m&limit=1000&symbol=USDCUSDT". Retrying still for 3 times.
2026-02-01 03:36:45,991 - freqtrade.exchange.common - WARNING - _async_get_candle_history() returned exception: "Could not fetch historical candle (OHLCV) data for PAXG/USDT, 5m, spot due to ExchangeNotAvailable. Message: binance GET https://api.binance.com/api/v3/klines?interval=5m&limit=1000&symbol=PAXGUSDT". Retrying still for 3 times.
2026-02-01 03:36:45,992 - freqtrade.exchange.common - WARNING - _async_get_candle_history() returned exception: "Could not fetch historical candle (OHLCV) data for FDUSD/USDT, 5m, spot due to ExchangeNotAvailable. Message: binance GET https://api.binance.com/api/v3/klines?interval=5m&limit=1000&symbol=FDUSDUSDT". Retrying still for 3 times.
2026-02-01 03:36:45,993 - freqtrade.exchange.common - WARNING - _async_get_candle_history() returned exception: "Could not fetch historical candle (OHLCV) data for LINK/USDT, 5m, spot due to ExchangeNotAvailable. Message: binance GET https://api.binance.com/api/v3/klines?interval=5m&limit=1000&symbol=LINKUSDT". Retrying still for 3 times.
2026-02-01 03:36:45,994 - freqtrade.exchange.common - WARNING - _async_get_candle_history() returned exception: "Could not fetch historical candle (OHLCV) data for SUI/USDT, 5m, spot due to ExchangeNotAvailable. Message: binance GET https://api.binance.com/api/v3/klines?interval=5m&limit=1000&symbol=SUIUSDT". Retrying still for 3 times.
2026-02-01 03:36:45,995 - freqtrade.exchange.common - WARNING - _async_get_candle_history() returned exception: "Could not fetch historical candle (OHLCV) data for USD1/USDT, 5m, spot due to ExchangeNotAvailable. Message: binance GET https://api.binance.com/api/v3/klines?interval=5m&limit=1000&symbol=USD1USDT". Retrying still for 3 times.
2026-02-01 03:36:45,996 - freqtrade.exchange.common - WARNING - _async_get_candle_history() returned exception: "Could not fetch historical candle (OHLCV) data for DOGE/USDT, 5m, spot due to ExchangeNotAvailable. Message: binance GET https://api.binance.com/api/v3/klines?interval=5m&limit=1000&symbol=DOGEUSDT". Retrying still for 3 times.
2026-02-01 03:36:45,997 - freqtrade.exchange.common - WARNING - _async_get_candle_history() returned exception: "Could not fetch historical candle (OHLCV) data for XRP/USDT, 5m, spot due to ExchangeNotAvailable. Message: binance GET https://api.binance.com/api/v3/klines?interval=5m&limit=1000&symbol=XRPUSDT". Retrying still for 3 times.
2026-02-01 03:36:45,998 - freqtrade.exchange.common - WARNING - _async_get_candle_history() returned exception: "Could not fetch historical candle (OHLCV) data for SENT/USDT, 5m, spot due to ExchangeNotAvailable. Message: binance GET https://api.binance.com/api/v3/klines?interval=5m&limit=1000&symbol=SENTUSDT". Retrying still for 3 times.
2026-02-01 03:36:46,000 - freqtrade.exchange.common - WARNING - _async_get_candle_history() returned exception: "Could not fetch historical candle (OHLCV) data for ETH/USDT, 5m, spot due to ExchangeNotAvailable. Message: binance GET https://api.binance.com/api/v3/klines?interval=5m&limit=1000&symbol=ETHUSDT". Retrying still for 3 times.
2026-02-01 03:36:46,001 - freqtrade.exchange.common - WARNING - _async_get_candle_history() returned exception: "Could not fetch historical candle (OHLCV) data for BTC/USDT, 5m, spot due to ExchangeNotAvailable. Message: binance GET https://api.binance.com/api/v3/klines?interval=5m&limit=1000&symbol=BTCUSDT". Retrying still for 3 times.
2026-02-01 03:36:46,002 - freqtrade.exchange.common - WARNING - _async_get_candle_history() returned exception: "Could not fetch historical candle (OHLCV) data for TRX/USDT, 5m, spot due to ExchangeNotAvailable. Message: binance GET https://api.binance.com/api/v3/klines?interval=5m&limit=1000&symbol=TRXUSDT". Retrying still for 3 times.
2026-02-01 03:36:47,402 - freqtrade.exchange.common - WARNING - _async_get_candle_history() returned exception: "Could not fetch historical candle (OHLCV) data for FDUSD/USDT, 5m, spot due to ExchangeNotAvailable. Message: binance GET https://api.binance.com/api/v3/klines?interval=5m&limit=1000&symbol=FDUSDUSDT". Retrying still for 2 times.
2026-02-01 03:36:47,404 - freqtrade.exchange.common - WARNING - _async_get_candle_history() returned exception: "Could not fetch historical candle (OHLCV) data for ETH/USDT, 5m, spot due to ExchangeNotAvailable. Message: binance GET https://api.binance.com/api/v3/klines?interval=5m&limit=1000&symbol=ETHUSDT". Retrying still for 2 times.
2026-02-01 03:36:47,407 - freqtrade.exchange.common - WARNING - _async_get_candle_history() returned exception: "Could not fetch historical candle (OHLCV) data for PAXG/USDT, 5m, spot due to ExchangeNotAvailable. Message: binance GET https://api.binance.com/api/v3/klines?interval=5m&limit=1000&symbol=PAXGUSDT". Retrying still for 2 times.
2026-02-01 03:36:47,418 - freqtrade.exchange.common - WARNING - _async_get_candle_history() returned exception: "Could not fetch historical candle (OHLCV) data for TRX/USDT, 5m, spot due to ExchangeNotAvailable. Message: binance GET https://api.binance.com/api/v3/klines?interval=5m&limit=1000&symbol=TRXUSDT". Retrying still for 2 times.
2026-02-01 03:36:47,419 - freqtrade.exchange.common - WARNING - _async_get_candle_history() returned exception: "Could not fetch historical candle (OHLCV) data for ZEC/USDT, 5m, spot due to ExchangeNotAvailable. Message: binance GET https://api.binance.com/api/v3/klines?interval=5m&limit=1000&symbol=ZECUSDT". Retrying still for 2 times.
2026-02-01 03:36:47,420 - freqtrade.exchange.common - WARNING - _async_get_candle_history() returned exception: "Could not fetch historical candle (OHLCV) data for SENT/USDT, 5m, spot due to ExchangeNotAvailable. Message: binance GET https://api.binance.com/api/v3/klines?interval=5m&limit=1000&symbol=SENTUSDT". Retrying still for 2 times.
2026-02-01 03:36:47,421 - freqtrade.exchange.common - WARNING - _async_get_candle_history() returned exception: "Could not fetch historical candle (OHLCV) data for SOL/USDT, 5m, spot due to ExchangeNotAvailable. Message: binance GET https://api.binance.com/api/v3/klines?interval=5m&limit=1000&symbol=SOLUSDT". Retrying still for 2 times.
2026-02-01 03:36:47,422 - freqtrade.exchange.common - WARNING - _async_get_candle_history() returned exception: "Could not fetch historical candle (OHLCV) data for USDC/USDT, 5m, spot due to ExchangeNotAvailable. Message: binance GET https://api.binance.com/api/v3/klines?interval=5m&limit=1000&symbol=USDCUSDT". Retrying still for 2 times.
2026-02-01 03:36:47,423 - freqtrade.exchange.common - WARNING - _async_get_candle_history() returned exception: "Could not fetch historical candle (OHLCV) data for DOGE/USDT, 5m, spot due to ExchangeNotAvailable. Message: binance GET https://api.binance.com/api/v3/klines?interval=5m&limit=1000&symbol=DOGEUSDT". Retrying still for 2 times.
2026-02-01 03:36:47,424 - freqtrade.exchange.common - WARNING - _async_get_candle_history() returned exception: "Could not fetch historical candle (OHLCV) data for LTC/USDT, 5m, spot due to ExchangeNotAvailable. Message: binance GET https://api.binance.com/api/v3/klines?interval=5m&limit=1000&symbol=LTCUSDT". Retrying still for 2 times.
2026-02-01 03:36:47,425 - freqtrade.exchange.common - WARNING - _async_get_candle_history() returned exception: "Could not fetch historical candle (OHLCV) data for LINK/USDT, 5m, spot due to ExchangeNotAvailable. Message: binance GET https://api.binance.com/api/v3/klines?interval=5m&limit=1000&symbol=LINKUSDT". Retrying still for 2 times.
2026-02-01 03:36:47,426 - freqtrade.exchange.common - WARNING - _async_get_candle_history() returned exception: "Could not fetch historical candle (OHLCV) data for USD1/USDT, 5m, spot due to ExchangeNotAvailable. Message: binance GET https://api.binance.com/api/v3/klines?interval=5m&limit=1000&symbol=USD1USDT". Retrying still for 2 times.
2026-02-01 03:36:47,427 - freqtrade.exchange.common - WARNING - _async_get_candle_history() returned exception: "Could not fetch historical candle (OHLCV) data for PEPE/USDT, 5m, spot due to ExchangeNotAvailable. Message: binance GET https://api.binance.com/api/v3/klines?interval=5m&limit=1000&symbol=PEPEUSDT". Retrying still for 2 times.
2026-02-01 03:36:47,428 - freqtrade.exchange.common - WARNING - _async_get_candle_history() returned exception: "Could not fetch historical candle (OHLCV) data for BTC/USDT, 5m, spot due to ExchangeNotAvailable. Message: binance GET https://api.binance.com/api/v3/klines?interval=5m&limit=1000&symbol=BTCUSDT". Retrying still for 2 times.
2026-02-01 03:36:47,429 - freqtrade.exchange.common - WARNING - _async_get_candle_history() returned exception: "Could not fetch historical candle (OHLCV) data for ADA/USDT, 5m, spot due to ExchangeNotAvailable. Message: binance GET https://api.binance.com/api/v3/klines?interval=5m&limit=1000&symbol=ADAUSDT". Retrying still for 2 times.
2026-02-01 03:36:47,429 - freqtrade.exchange.common - WARNING - _async_get_candle_history() returned exception: "Could not fetch historical candle (OHLCV) data for ASTER/USDT, 5m, spot due to ExchangeNotAvailable. Message: binance GET https://api.binance.com/api/v3/klines?interval=5m&limit=1000&symbol=ASTERUSDT". Retrying still for 2 times.
2026-02-01 03:36:47,430 - freqtrade.exchange.common - WARNING - _async_get_candle_history() returned exception: "Could not fetch historical candle (OHLCV) data for SUI/USDT, 5m, spot due to ExchangeNotAvailable. Message: binance GET https://api.binance.com/api/v3/klines?interval=5m&limit=1000&symbol=SUIUSDT". Retrying still for 2 times.
2026-02-01 03:36:47,431 - freqtrade.exchange.common - WARNING - _async_get_candle_history() returned exception: "Could not fetch historical candle (OHLCV) data for XRP/USDT, 5m, spot due to ExchangeNotAvailable. Message: binance GET https://api.binance.com/api/v3/klines?interval=5m&limit=1000&symbol=XRPUSDT". Retrying still for 2 times.
2026-02-01 03:36:47,432 - freqtrade.exchange.common - WARNING - _async_get_candle_history() returned exception: "Could not fetch historical candle (OHLCV) data for AVAX/USDT, 5m, spot due to ExchangeNotAvailable. Message: binance GET https://api.binance.com/api/v3/klines?interval=5m&limit=1000&symbol=AVAXUSDT". Retrying still for 2 times.
2026-02-01 03:36:48,970 - freqtrade.exchange.common - WARNING - _async_get_candle_history() returned exception: "Could not fetch historical candle (OHLCV) data for PAXG/USDT, 5m, spot due to ExchangeNotAvailable. Message: binance GET https://api.binance.com/api/v3/klines?interval=5m&limit=1000&symbol=PAXGUSDT". Retrying still for 1 times.
2026-02-01 03:36:48,976 - freqtrade.exchange.common - WARNING - _async_get_candle_history() returned exception: "Could not fetch historical candle (OHLCV) data for BTC/USDT, 5m, spot due to ExchangeNotAvailable. Message: binance GET https://api.binance.com/api/v3/klines?interval=5m&limit=1000&symbol=BTCUSDT". Retrying still for 1 times.
2026-02-01 03:36:48,977 - freqtrade.exchange.common - WARNING - _async_get_candle_history() returned exception: "Could not fetch historical candle (OHLCV) data for LTC/USDT, 5m, spot due to ExchangeNotAvailable. Message: binance GET https://api.binance.com/api/v3/klines?interval=5m&limit=1000&symbol=LTCUSDT". Retrying still for 1 times.
2026-02-01 03:36:48,978 - freqtrade.exchange.common - WARNING - _async_get_candle_history() returned exception: "Could not fetch historical candle (OHLCV) data for SOL/USDT, 5m, spot due to ExchangeNotAvailable. Message: binance GET https://api.binance.com/api/v3/klines?interval=5m&limit=1000&symbol=SOLUSDT". Retrying still for 1 times.
2026-02-01 03:36:48,980 - freqtrade.exchange.common - WARNING - _async_get_candle_history() returned exception: "Could not fetch historical candle (OHLCV) data for ZEC/USDT, 5m, spot due to ExchangeNotAvailable. Message: binance GET https://api.binance.com/api/v3/klines?interval=5m&limit=1000&symbol=ZECUSDT". Retrying still for 1 times.
2026-02-01 03:36:48,981 - freqtrade.exchange.common - WARNING - _async_get_candle_history() returned exception: "Could not fetch historical candle (OHLCV) data for XRP/USDT, 5m, spot due to ExchangeNotAvailable. Message: binance GET https://api.binance.com/api/v3/klines?interval=5m&limit=1000&symbol=XRPUSDT". Retrying still for 1 times.
2026-02-01 03:36:48,982 - freqtrade.exchange.common - WARNING - _async_get_candle_history() returned exception: "Could not fetch historical candle (OHLCV) data for SUI/USDT, 5m, spot due to ExchangeNotAvailable. Message: binance GET https://api.binance.com/api/v3/klines?interval=5m&limit=1000&symbol=SUIUSDT". Retrying still for 1 times.
2026-02-01 03:36:48,983 - freqtrade.exchange.common - WARNING - _async_get_candle_history() returned exception: "Could not fetch historical candle (OHLCV) data for ETH/USDT, 5m, spot due to ExchangeNotAvailable. Message: binance GET https://api.binance.com/api/v3/klines?interval=5m&limit=1000&symbol=ETHUSDT". Retrying still for 1 times.
2026-02-01 03:36:48,984 - freqtrade.exchange.common - WARNING - _async_get_candle_history() returned exception: "Could not fetch historical candle (OHLCV) data for AVAX/USDT, 5m, spot due to ExchangeNotAvailable. Message: binance GET https://api.binance.com/api/v3/klines?interval=5m&limit=1000&symbol=AVAXUSDT". Retrying still for 1 times.
2026-02-01 03:36:48,985 - freqtrade.exchange.common - WARNING - _async_get_candle_history() returned exception: "Could not fetch historical candle (OHLCV) data for ADA/USDT, 5m, spot due to ExchangeNotAvailable. Message: binance GET https://api.binance.com/api/v3/klines?interval=5m&limit=1000&symbol=ADAUSDT". Retrying still for 1 times.
2026-02-01 03:36:48,986 - freqtrade.exchange.common - WARNING - _async_get_candle_history() returned exception: "Could not fetch historical candle (OHLCV) data for DOGE/USDT, 5m, spot due to ExchangeNotAvailable. Message: binance GET https://api.binance.com/api/v3/klines?interval=5m&limit=1000&symbol=DOGEUSDT". Retrying still for 1 times.
2026-02-01 03:36:48,987 - freqtrade.exchange.common - WARNING - _async_get_candle_history() returned exception: "Could not fetch historical candle (OHLCV) data for TRX/USDT, 5m, spot due to ExchangeNotAvailable. Message: binance GET https://api.binance.com/api/v3/klines?interval=5m&limit=1000&symbol=TRXUSDT". Retrying still for 1 times.
2026-02-01 03:36:48,988 - freqtrade.exchange.common - WARNING - _async_get_candle_history() returned exception: "Could not fetch historical candle (OHLCV) data for ASTER/USDT, 5m, spot due to ExchangeNotAvailable. Message: binance GET https://api.binance.com/api/v3/klines?interval=5m&limit=1000&symbol=ASTERUSDT". Retrying still for 1 times.
2026-02-01 03:36:48,988 - freqtrade.exchange.common - WARNING - _async_get_candle_history() returned exception: "Could not fetch historical candle (OHLCV) data for USDC/USDT, 5m, spot due to ExchangeNotAvailable. Message: binance GET https://api.binance.com/api/v3/klines?interval=5m&limit=1000&symbol=USDCUSDT". Retrying still for 1 times.
2026-02-01 03:36:48,989 - freqtrade.exchange.common - WARNING - _async_get_candle_history() returned exception: "Could not fetch historical candle (OHLCV) data for SENT/USDT, 5m, spot due to ExchangeNotAvailable. Message: binance GET https://api.binance.com/api/v3/klines?interval=5m&limit=1000&symbol=SENTUSDT". Retrying still for 1 times.
2026-02-01 03:36:48,990 - freqtrade.exchange.common - WARNING - _async_get_candle_history() returned exception: "Could not fetch historical candle (OHLCV) data for USD1/USDT, 5m, spot due to ExchangeNotAvailable. Message: binance GET https://api.binance.com/api/v3/klines?interval=5m&limit=1000&symbol=USD1USDT". Retrying still for 1 times.
2026-02-01 03:36:48,991 - freqtrade.exchange.common - WARNING - _async_get_candle_history() returned exception: "Could not fetch historical candle (OHLCV) data for PEPE/USDT, 5m, spot due to ExchangeNotAvailable. Message: binance GET https://api.binance.com/api/v3/klines?interval=5m&limit=1000&symbol=PEPEUSDT". Retrying still for 1 times.
2026-02-01 03:36:48,992 - freqtrade.exchange.common - WARNING - _async_get_candle_history() returned exception: "Could not fetch historical candle (OHLCV) data for LINK/USDT, 5m, spot due to ExchangeNotAvailable. Message: binance GET https://api.binance.com/api/v3/klines?interval=5m&limit=1000&symbol=LINKUSDT". Retrying still for 1 times.
2026-02-01 03:36:48,993 - freqtrade.exchange.common - WARNING - _async_get_candle_history() returned exception: "Could not fetch historical candle (OHLCV) data for FDUSD/USDT, 5m, spot due to ExchangeNotAvailable. Message: binance GET https://api.binance.com/api/v3/klines?interval=5m&limit=1000&symbol=FDUSDUSDT". Retrying still for 1 times.
2026-02-01 03:36:50,472 - freqtrade.exchange.common - WARNING - _async_get_candle_history() returned exception: "Could not fetch historical candle (OHLCV) data for XRP/USDT, 5m, spot due to ExchangeNotAvailable. Message: binance GET https://api.binance.com/api/v3/klines?interval=5m&limit=1000&symbol=XRPUSDT". Giving up.
2026-02-01 03:36:50,473 - freqtrade.exchange.common - WARNING - _async_get_candle_history() returned exception: "Could not fetch historical candle (OHLCV) data for PEPE/USDT, 5m, spot due to ExchangeNotAvailable. Message: binance GET https://api.binance.com/api/v3/klines?interval=5m&limit=1000&symbol=PEPEUSDT". Giving up.
2026-02-01 03:36:50,473 - freqtrade.exchange.common - WARNING - _async_get_candle_history() returned exception: "Could not fetch historical candle (OHLCV) data for SENT/USDT, 5m, spot due to ExchangeNotAvailable. Message: binance GET https://api.binance.com/api/v3/klines?interval=5m&limit=1000&symbol=SENTUSDT". Giving up.
2026-02-01 03:36:50,474 - freqtrade.exchange.common - WARNING - _async_get_candle_history() returned exception: "Could not fetch historical candle (OHLCV) data for SUI/USDT, 5m, spot due to ExchangeNotAvailable. Message: binance GET https://api.binance.com/api/v3/klines?interval=5m&limit=1000&symbol=SUIUSDT". Giving up.
2026-02-01 03:36:50,474 - freqtrade.exchange.common - WARNING - _async_get_candle_history() returned exception: "Could not fetch historical candle (OHLCV) data for USDC/USDT, 5m, spot due to ExchangeNotAvailable. Message: binance GET https://api.binance.com/api/v3/klines?interval=5m&limit=1000&symbol=USDCUSDT". Giving up.
2026-02-01 03:36:50,475 - freqtrade.exchange.common - WARNING - _async_get_candle_history() returned exception: "Could not fetch historical candle (OHLCV) data for SOL/USDT, 5m, spot due to ExchangeNotAvailable. Message: binance GET https://api.binance.com/api/v3/klines?interval=5m&limit=1000&symbol=SOLUSDT". Giving up.
2026-02-01 03:36:50,475 - freqtrade.exchange.common - WARNING - _async_get_candle_history() returned exception: "Could not fetch historical candle (OHLCV) data for USD1/USDT, 5m, spot due to ExchangeNotAvailable. Message: binance GET https://api.binance.com/api/v3/klines?interval=5m&limit=1000&symbol=USD1USDT". Giving up.
2026-02-01 03:36:50,476 - freqtrade.exchange.common - WARNING - _async_get_candle_history() returned exception: "Could not fetch historical candle (OHLCV) data for TRX/USDT, 5m, spot due to ExchangeNotAvailable. Message: binance GET https://api.binance.com/api/v3/klines?interval=5m&limit=1000&symbol=TRXUSDT". Giving up.
2026-02-01 03:36:50,478 - freqtrade.exchange.common - WARNING - _async_get_candle_history() returned exception: "Could not fetch historical candle (OHLCV) data for AVAX/USDT, 5m, spot due to ExchangeNotAvailable. Message: binance GET https://api.binance.com/api/v3/klines?interval=5m&limit=1000&symbol=AVAXUSDT". Giving up.
2026-02-01 03:36:50,478 - freqtrade.exchange.common - WARNING - _async_get_candle_history() returned exception: "Could not fetch historical candle (OHLCV) data for LTC/USDT, 5m, spot due to ExchangeNotAvailable. Message: binance GET https://api.binance.com/api/v3/klines?interval=5m&limit=1000&symbol=LTCUSDT". Giving up.
2026-02-01 03:36:50,478 - freqtrade.exchange.common - WARNING - _async_get_candle_history() returned exception: "Could not fetch historical candle (OHLCV) data for FDUSD/USDT, 5m, spot due to ExchangeNotAvailable. Message: binance GET https://api.binance.com/api/v3/klines?interval=5m&limit=1000&symbol=FDUSDUSDT". Giving up.
2026-02-01 03:36:50,479 - freqtrade.exchange.common - WARNING - _async_get_candle_history() returned exception: "Could not fetch historical candle (OHLCV) data for ADA/USDT, 5m, spot due to ExchangeNotAvailable. Message: binance GET https://api.binance.com/api/v3/klines?interval=5m&limit=1000&symbol=ADAUSDT". Giving up.
2026-02-01 03:36:50,479 - freqtrade.exchange.common - WARNING - _async_get_candle_history() returned exception: "Could not fetch historical candle (OHLCV) data for DOGE/USDT, 5m, spot due to ExchangeNotAvailable. Message: binance GET https://api.binance.com/api/v3/klines?interval=5m&limit=1000&symbol=DOGEUSDT". Giving up.
2026-02-01 03:36:50,480 - freqtrade.exchange.common - WARNING - _async_get_candle_history() returned exception: "Could not fetch historical candle (OHLCV) data for BTC/USDT, 5m, spot due to ExchangeNotAvailable. Message: binance GET https://api.binance.com/api/v3/klines?interval=5m&limit=1000&symbol=BTCUSDT". Giving up.
2026-02-01 03:36:50,480 - freqtrade.exchange.common - WARNING - _async_get_candle_history() returned exception: "Could not fetch historical candle (OHLCV) data for ETH/USDT, 5m, spot due to ExchangeNotAvailable. Message: binance GET https://api.binance.com/api/v3/klines?interval=5m&limit=1000&symbol=ETHUSDT". Giving up.
2026-02-01 03:36:50,481 - freqtrade.exchange.common - WARNING - _async_get_candle_history() returned exception: "Could not fetch historical candle (OHLCV) data for ASTER/USDT, 5m, spot due to ExchangeNotAvailable. Message: binance GET https://api.binance.com/api/v3/klines?interval=5m&limit=1000&symbol=ASTERUSDT". Giving up.
2026-02-01 03:36:50,481 - freqtrade.exchange.common - WARNING - _async_get_candle_history() returned exception: "Could not fetch historical candle (OHLCV) data for LINK/USDT, 5m, spot due to ExchangeNotAvailable. Message: binance GET https://api.binance.com/api/v3/klines?interval=5m&limit=1000&symbol=LINKUSDT". Giving up.
2026-02-01 03:36:50,481 - freqtrade.exchange.common - WARNING - _async_get_candle_history() returned exception: "Could not fetch historical candle (OHLCV) data for ZEC/USDT, 5m, spot due to ExchangeNotAvailable. Message: binance GET https://api.binance.com/api/v3/klines?interval=5m&limit=1000&symbol=ZECUSDT". Giving up.
2026-02-01 03:36:50,482 - freqtrade.exchange.common - WARNING - _async_get_candle_history() returned exception: "Could not fetch historical candle (OHLCV) data for PAXG/USDT, 5m, spot due to ExchangeNotAvailable. Message: binance GET https://api.binance.com/api/v3/klines?interval=5m&limit=1000&symbol=PAXGUSDT". Giving up.
2026-02-01 03:36:50,482 - freqtrade.exchange.exchange - WARNING - Async code raised an exception: TemporaryError('Could not fetch historical candle (OHLCV) data for BTC/USDT, 5m, spot due to ExchangeNotAvailable. Message: binance GET https://api.binance.com/api/v3/klines?interval=5m&limit=1000&symbol=BTCUSDT')
2026-02-01 03:36:50,483 - freqtrade.exchange.exchange - WARNING - Async code raised an exception: TemporaryError('Could not fetch historical candle (OHLCV) data for PAXG/USDT, 5m, spot due to ExchangeNotAvailable. Message: binance GET https://api.binance.com/api/v3/klines?interval=5m&limit=1000&symbol=PAXGUSDT')
2026-02-01 03:36:50,483 - freqtrade.exchange.exchange - WARNING - Async code raised an exception: TemporaryError('Could not fetch historical candle (OHLCV) data for ASTER/USDT, 5m, spot due to ExchangeNotAvailable. Message: binance GET https://api.binance.com/api/v3/klines?interval=5m&limit=1000&symbol=ASTERUSDT')
2026-02-01 03:36:50,483 - freqtrade.exchange.exchange - WARNING - Async code raised an exception: TemporaryError('Could not fetch historical candle (OHLCV) data for FDUSD/USDT, 5m, spot due to ExchangeNotAvailable. Message: binance GET https://api.binance.com/api/v3/klines?interval=5m&limit=1000&symbol=FDUSDUSDT')
2026-02-01 03:36:50,484 - freqtrade.exchange.exchange - WARNING - Async code raised an exception: TemporaryError('Could not fetch historical candle (OHLCV) data for ADA/USDT, 5m, spot due to ExchangeNotAvailable. Message: binance GET https://api.binance.com/api/v3/klines?interval=5m&limit=1000&symbol=ADAUSDT')
2026-02-01 03:36:50,484 - freqtrade.exchange.exchange - WARNING - Async code raised an exception: TemporaryError('Could not fetch historical candle (OHLCV) data for ZEC/USDT, 5m, spot due to ExchangeNotAvailable. Message: binance GET https://api.binance.com/api/v3/klines?interval=5m&limit=1000&symbol=ZECUSDT')
2026-02-01 03:36:50,484 - freqtrade.exchange.exchange - WARNING - Async code raised an exception: TemporaryError('Could not fetch historical candle (OHLCV) data for LINK/USDT, 5m, spot due to ExchangeNotAvailable. Message: binance GET https://api.binance.com/api/v3/klines?interval=5m&limit=1000&symbol=LINKUSDT')
2026-02-01 03:36:50,485 - freqtrade.exchange.exchange - WARNING - Async code raised an exception: TemporaryError('Could not fetch historical candle (OHLCV) data for ETH/USDT, 5m, spot due to ExchangeNotAvailable. Message: binance GET https://api.binance.com/api/v3/klines?interval=5m&limit=1000&symbol=ETHUSDT')
2026-02-01 03:36:50,485 - freqtrade.exchange.exchange - WARNING - Async code raised an exception: TemporaryError('Could not fetch historical candle (OHLCV) data for TRX/USDT, 5m, spot due to ExchangeNotAvailable. Message: binance GET https://api.binance.com/api/v3/klines?interval=5m&limit=1000&symbol=TRXUSDT')
2026-02-01 03:36:50,485 - freqtrade.exchange.exchange - WARNING - Async code raised an exception: TemporaryError('Could not fetch historical candle (OHLCV) data for SUI/USDT, 5m, spot due to ExchangeNotAvailable. Message: binance GET https://api.binance.com/api/v3/klines?interval=5m&limit=1000&symbol=SUIUSDT')
2026-02-01 03:36:50,485 - freqtrade.exchange.exchange - WARNING - Async code raised an exception: TemporaryError('Could not fetch historical candle (OHLCV) data for XRP/USDT, 5m, spot due to ExchangeNotAvailable. Message: binance GET https://api.binance.com/api/v3/klines?interval=5m&limit=1000&symbol=XRPUSDT')
2026-02-01 03:36:50,486 - freqtrade.exchange.exchange - WARNING - Async code raised an exception: TemporaryError('Could not fetch historical candle (OHLCV) data for USD1/USDT, 5m, spot due to ExchangeNotAvailable. Message: binance GET https://api.binance.com/api/v3/klines?interval=5m&limit=1000&symbol=USD1USDT')
2026-02-01 03:36:50,486 - freqtrade.exchange.exchange - WARNING - Async code raised an exception: TemporaryError('Could not fetch historical candle (OHLCV) data for AVAX/USDT, 5m, spot due to ExchangeNotAvailable. Message: binance GET https://api.binance.com/api/v3/klines?interval=5m&limit=1000&symbol=AVAXUSDT')
2026-02-01 03:36:50,486 - freqtrade.exchange.exchange - WARNING - Async code raised an exception: TemporaryError('Could not fetch historical candle (OHLCV) data for DOGE/USDT, 5m, spot due to ExchangeNotAvailable. Message: binance GET https://api.binance.com/api/v3/klines?interval=5m&limit=1000&symbol=DOGEUSDT')
2026-02-01 03:36:50,487 - freqtrade.exchange.exchange - WARNING - Async code raised an exception: TemporaryError('Could not fetch historical candle (OHLCV) data for PEPE/USDT, 5m, spot due to ExchangeNotAvailable. Message: binance GET https://api.binance.com/api/v3/klines?interval=5m&limit=1000&symbol=PEPEUSDT')
2026-02-01 03:36:50,487 - freqtrade.exchange.exchange - WARNING - Async code raised an exception: TemporaryError('Could not fetch historical candle (OHLCV) data for USDC/USDT, 5m, spot due to ExchangeNotAvailable. Message: binance GET https://api.binance.com/api/v3/klines?interval=5m&limit=1000&symbol=USDCUSDT')
2026-02-01 03:36:50,487 - freqtrade.exchange.exchange - WARNING - Async code raised an exception: TemporaryError('Could not fetch historical candle (OHLCV) data for LTC/USDT, 5m, spot due to ExchangeNotAvailable. Message: binance GET https://api.binance.com/api/v3/klines?interval=5m&limit=1000&symbol=LTCUSDT')
2026-02-01 03:36:50,487 - freqtrade.exchange.exchange - WARNING - Async code raised an exception: TemporaryError('Could not fetch historical candle (OHLCV) data for SENT/USDT, 5m, spot due to ExchangeNotAvailable. Message: binance GET https://api.binance.com/api/v3/klines?interval=5m&limit=1000&symbol=SENTUSDT')
2026-02-01 03:36:50,488 - freqtrade.exchange.exchange - WARNING - Async code raised an exception: TemporaryError('Could not fetch historical candle (OHLCV) data for SOL/USDT, 5m, spot due to ExchangeNotAvailable. Message: binance GET https://api.binance.com/api/v3/klines?interval=5m&limit=1000&symbol=SOLUSDT')
2026-02-01 03:36:58,524 - freqtrade.exchange.common - WARNING - fetch_l2_order_book() returned exception: "Could not get order book due to NetworkError. Message: binance GET https://api.binance.com/api/v3/depth?symbol=PAXGUSDT&limit=5". Retrying still for 4 times.
2026-02-01 03:37:06,575 - freqtrade.exchange.common - WARNING - fetch_l2_order_book() returned exception: "Could not get order book due to NetworkError. Message: binance GET https://api.binance.com/api/v3/depth?symbol=PAXGUSDT&limit=5". Retrying still for 3 times.
2026-02-01 03:37:14,592 - freqtrade.exchange.common - WARNING - fetch_l2_order_book() returned exception: "Could not get order book due to NetworkError. Message: binance GET https://api.binance.com/api/v3/depth?symbol=PAXGUSDT&limit=5". Retrying still for 2 times.
2026-02-01 03:37:22,612 - freqtrade.exchange.common - WARNING - fetch_l2_order_book() returned exception: "Could not get order book due to NetworkError. Message: binance GET https://api.binance.com/api/v3/depth?symbol=PAXGUSDT&limit=5". Retrying still for 1 times.
2026-02-01 03:37:24,477 - freqtrade.exchange.exchange - INFO - Couldn't reuse watch for BTC/USDT, 5m, falling back to REST api. False, 1769916900000, 0, 2026-02-01T03:35:00, 1970-01-01T00:00:00 
2026-02-01 03:37:24,478 - freqtrade.exchange.exchange - INFO - Couldn't reuse watch for PAXG/USDT, 5m, falling back to REST api. False, 1769916900000, 0, 2026-02-01T03:35:00, 1970-01-01T00:00:00 
2026-02-01 03:37:24,478 - freqtrade.exchange.exchange - INFO - Couldn't reuse watch for ASTER/USDT, 5m, falling back to REST api. False, 1769916900000, 0, 2026-02-01T03:35:00, 1970-01-01T00:00:00 
2026-02-01 03:37:24,479 - freqtrade.exchange.exchange - INFO - Couldn't reuse watch for FDUSD/USDT, 5m, falling back to REST api. False, 1769916900000, 0, 2026-02-01T03:35:00, 1970-01-01T00:00:00 
2026-02-01 03:37:24,479 - freqtrade.exchange.exchange - INFO - Couldn't reuse watch for ADA/USDT, 5m, falling back to REST api. False, 1769916900000, 0, 2026-02-01T03:35:00, 1970-01-01T00:00:00 
2026-02-01 03:37:24,479 - freqtrade.exchange.exchange - INFO - Couldn't reuse watch for ZEC/USDT, 5m, falling back to REST api. False, 1769916900000, 0, 2026-02-01T03:35:00, 1970-01-01T00:00:00 
2026-02-01 03:37:24,480 - freqtrade.exchange.exchange - INFO - Couldn't reuse watch for LINK/USDT, 5m, falling back to REST api. False, 1769916900000, 0, 2026-02-01T03:35:00, 1970-01-01T00:00:00 
2026-02-01 03:37:24,480 - freqtrade.exchange.exchange - INFO - Couldn't reuse watch for ETH/USDT, 5m, falling back to REST api. False, 1769916900000, 0, 2026-02-01T03:35:00, 1970-01-01T00:00:00 
2026-02-01 03:37:24,481 - freqtrade.exchange.exchange - INFO - Couldn't reuse watch for TRX/USDT, 5m, falling back to REST api. False, 1769916900000, 0, 2026-02-01T03:35:00, 1970-01-01T00:00:00 
2026-02-01 03:37:24,481 - freqtrade.exchange.exchange - INFO - Couldn't reuse watch for SUI/USDT, 5m, falling back to REST api. False, 1769916900000, 0, 2026-02-01T03:35:00, 1970-01-01T00:00:00 
2026-02-01 03:37:24,481 - freqtrade.exchange.exchange - INFO - Couldn't reuse watch for XRP/USDT, 5m, falling back to REST api. False, 1769916900000, 0, 2026-02-01T03:35:00, 1970-01-01T00:00:00 
2026-02-01 03:37:24,482 - freqtrade.exchange.exchange - INFO - Couldn't reuse watch for USD1/USDT, 5m, falling back to REST api. False, 1769916900000, 0, 2026-02-01T03:35:00, 1970-01-01T00:00:00 
2026-02-01 03:37:24,482 - freqtrade.exchange.exchange - INFO - Couldn't reuse watch for AVAX/USDT, 5m, falling back to REST api. False, 1769916900000, 0, 2026-02-01T03:35:00, 1970-01-01T00:00:00 
2026-02-01 03:37:24,482 - freqtrade.exchange.exchange - INFO - Couldn't reuse watch for DOGE/USDT, 5m, falling back to REST api. False, 1769916900000, 0, 2026-02-01T03:35:00, 1970-01-01T00:00:00 
2026-02-01 03:37:24,483 - freqtrade.exchange.exchange - INFO - Couldn't reuse watch for PEPE/USDT, 5m, falling back to REST api. False, 1769916900000, 0, 2026-02-01T03:35:00, 1970-01-01T00:00:00 
2026-02-01 03:37:24,483 - freqtrade.exchange.exchange - INFO - Couldn't reuse watch for USDC/USDT, 5m, falling back to REST api. False, 1769916900000, 0, 2026-02-01T03:35:00, 1970-01-01T00:00:00 
2026-02-01 03:37:24,483 - freqtrade.exchange.exchange - INFO - Couldn't reuse watch for LTC/USDT, 5m, falling back to REST api. False, 1769916900000, 0, 2026-02-01T03:35:00, 1970-01-01T00:00:00 
2026-02-01 03:37:24,484 - freqtrade.exchange.exchange - INFO - Couldn't reuse watch for SENT/USDT, 5m, falling back to REST api. False, 1769916900000, 0, 2026-02-01T03:35:00, 1970-01-01T00:00:00 
2026-02-01 03:37:24,484 - freqtrade.exchange.exchange - INFO - Couldn't reuse watch for SOL/USDT, 5m, falling back to REST api. False, 1769916900000, 0, 2026-02-01T03:35:00, 1970-01-01T00:00:00 
2026-02-01 03:37:44,462 - freqtrade.worker - INFO - Bot heartbeat. PID=1, version='2026.1', state='RUNNING'
2026-02-01 03:38:44,500 - freqtrade.worker - INFO - Bot heartbeat. PID=1, version='2026.1', state='RUNNING'
2026-02-01 03:39:44,531 - freqtrade.worker - INFO - Bot heartbeat. PID=1, version='2026.1', state='RUNNING'
2026-02-01 03:40:01,027 - freqtrade.exchange.exchange - INFO - Couldn't reuse watch for ENA/USDT, 5m, falling back to REST api. False, 1769917200000, 1769916788672, 2026-02-01T03:40:00, 2026-02-01T03:33:08 
2026-02-01 03:40:01,037 - freqtrade.exchange.exchange - INFO - Couldn't reuse watch for BTC/USDT, 5m, falling back to REST api. False, 1769917200000, 0, 2026-02-01T03:40:00, 1970-01-01T00:00:00 
2026-02-01 03:40:01,038 - freqtrade.exchange.exchange - INFO - Couldn't reuse watch for PAXG/USDT, 5m, falling back to REST api. False, 1769917200000, 0, 2026-02-01T03:40:00, 1970-01-01T00:00:00 
2026-02-01 03:40:01,039 - freqtrade.exchange.exchange - INFO - Couldn't reuse watch for ASTER/USDT, 5m, falling back to REST api. False, 1769917200000, 0, 2026-02-01T03:40:00, 1970-01-01T00:00:00 
2026-02-01 03:40:01,039 - freqtrade.exchange.exchange - INFO - Couldn't reuse watch for FDUSD/USDT, 5m, falling back to REST api. False, 1769917200000, 0, 2026-02-01T03:40:00, 1970-01-01T00:00:00 
2026-02-01 03:40:01,040 - freqtrade.exchange.exchange - INFO - Couldn't reuse watch for ADA/USDT, 5m, falling back to REST api. False, 1769917200000, 0, 2026-02-01T03:40:00, 1970-01-01T00:00:00 
2026-02-01 03:40:01,040 - freqtrade.exchange.exchange - INFO - Couldn't reuse watch for ZEC/USDT, 5m, falling back to REST api. False, 1769917200000, 0, 2026-02-01T03:40:00, 1970-01-01T00:00:00 
2026-02-01 03:40:01,041 - freqtrade.exchange.exchange - INFO - Couldn't reuse watch for LINK/USDT, 5m, falling back to REST api. False, 1769917200000, 0, 2026-02-01T03:40:00, 1970-01-01T00:00:00 
2026-02-01 03:40:01,042 - freqtrade.exchange.exchange - INFO - Couldn't reuse watch for ETH/USDT, 5m, falling back to REST api. False, 1769917200000, 0, 2026-02-01T03:40:00, 1970-01-01T00:00:00 
2026-02-01 03:40:01,043 - freqtrade.exchange.exchange - INFO - Couldn't reuse watch for TRX/USDT, 5m, falling back to REST api. False, 1769917200000, 0, 2026-02-01T03:40:00, 1970-01-01T00:00:00 
2026-02-01 03:40:01,043 - freqtrade.exchange.exchange - INFO - Couldn't reuse watch for SUI/USDT, 5m, falling back to REST api. False, 1769917200000, 0, 2026-02-01T03:40:00, 1970-01-01T00:00:00 
2026-02-01 03:40:01,044 - freqtrade.exchange.exchange - INFO - Couldn't reuse watch for XRP/USDT, 5m, falling back to REST api. False, 1769917200000, 0, 2026-02-01T03:40:00, 1970-01-01T00:00:00 
2026-02-01 03:40:01,045 - freqtrade.exchange.exchange - INFO - Couldn't reuse watch for USD1/USDT, 5m, falling back to REST api. False, 1769917200000, 0, 2026-02-01T03:40:00, 1970-01-01T00:00:00 
2026-02-01 03:40:01,045 - freqtrade.exchange.exchange - INFO - Couldn't reuse watch for AVAX/USDT, 5m, falling back to REST api. False, 1769917200000, 0, 2026-02-01T03:40:00, 1970-01-01T00:00:00 
2026-02-01 03:40:01,046 - freqtrade.exchange.exchange - INFO - Couldn't reuse watch for DOGE/USDT, 5m, falling back to REST api. False, 1769917200000, 0, 2026-02-01T03:40:00, 1970-01-01T00:00:00 
2026-02-01 03:40:01,047 - freqtrade.exchange.exchange - INFO - Couldn't reuse watch for PEPE/USDT, 5m, falling back to REST api. False, 1769917200000, 0, 2026-02-01T03:40:00, 1970-01-01T00:00:00 
2026-02-01 03:40:01,047 - freqtrade.exchange.exchange - INFO - Couldn't reuse watch for USDC/USDT, 5m, falling back to REST api. False, 1769917200000, 0, 2026-02-01T03:40:00, 1970-01-01T00:00:00 
2026-02-01 03:40:01,048 - freqtrade.exchange.exchange - INFO - Couldn't reuse watch for LTC/USDT, 5m, falling back to REST api. False, 1769917200000, 0, 2026-02-01T03:40:00, 1970-01-01T00:00:00 
2026-02-01 03:40:01,048 - freqtrade.exchange.exchange - INFO - Couldn't reuse watch for SENT/USDT, 5m, falling back to REST api. False, 1769917200000, 0, 2026-02-01T03:40:00, 1970-01-01T00:00:00 
2026-02-01 03:40:01,049 - freqtrade.exchange.exchange - INFO - Couldn't reuse watch for SOL/USDT, 5m, falling back to REST api. False, 1769917200000, 0, 2026-02-01T03:40:00, 1970-01-01T00:00:00 
2026-02-01 03:40:22,548 - freqtrade.exchange.exchange_ws - ERROR - Exception in continuously_async_watch_ohlcv for PAXG/USDT, 5m
Traceback (most recent call last):
  File "/freqtrade/freqtrade/exchange/exchange_ws.py", line 176, in _continuously_async_watch_ohlcv
    data = await self._ccxt_object.watch_ohlcv(pair, timeframe)
           ^^^^^^^^^^^^^^^^^^^^^^^^^^^^^^^^^^^^^^^^^^^^^^^^^^^^
  File "/home/ftuser/.local/lib/python3.13/site-packages/ccxt/pro/binance.py", line 1366, in watch_ohlcv
    result = await self.watch_ohlcv_for_symbols([[symbol, timeframe]], since, limit, params)
             ^^^^^^^^^^^^^^^^^^^^^^^^^^^^^^^^^^^^^^^^^^^^^^^^^^^^^^^^^^^^^^^^^^^^^^^^^^^^^^^
  File "/home/ftuser/.local/lib/python3.13/site-packages/ccxt/pro/binance.py", line 1425, in watch_ohlcv_for_symbols
    res = await self.watch_multiple(url, messageHashes, self.extend(request, params), messageHashes, subscribe)
          ^^^^^^^^^^^^^^^^^^^^^^^^^^^^^^^^^^^^^^^^^^^^^^^^^^^^^^^^^^^^^^^^^^^^^^^^^^^^^^^^^^^^^^^^^^^^^^^^^^^^^
ccxt.base.errors.NetworkError: Connection closed by remote server, closing code 1006
2026-02-01 03:40:22,585 - freqtrade.exchange.exchange_ws - ERROR - Exception in continuously_async_watch_ohlcv for AVAX/USDT, 5m
Traceback (most recent call last):
  File "/freqtrade/freqtrade/exchange/exchange_ws.py", line 176, in _continuously_async_watch_ohlcv
    data = await self._ccxt_object.watch_ohlcv(pair, timeframe)
           ^^^^^^^^^^^^^^^^^^^^^^^^^^^^^^^^^^^^^^^^^^^^^^^^^^^^
  File "/home/ftuser/.local/lib/python3.13/site-packages/ccxt/pro/binance.py", line 1366, in watch_ohlcv
    result = await self.watch_ohlcv_for_symbols([[symbol, timeframe]], since, limit, params)
             ^^^^^^^^^^^^^^^^^^^^^^^^^^^^^^^^^^^^^^^^^^^^^^^^^^^^^^^^^^^^^^^^^^^^^^^^^^^^^^^
  File "/home/ftuser/.local/lib/python3.13/site-packages/ccxt/pro/binance.py", line 1425, in watch_ohlcv_for_symbols
    res = await self.watch_multiple(url, messageHashes, self.extend(request, params), messageHashes, subscribe)
          ^^^^^^^^^^^^^^^^^^^^^^^^^^^^^^^^^^^^^^^^^^^^^^^^^^^^^^^^^^^^^^^^^^^^^^^^^^^^^^^^^^^^^^^^^^^^^^^^^^^^^
ccxt.base.errors.NetworkError: Connection closed by remote server, closing code 1006
2026-02-01 03:40:22,586 - freqtrade.exchange.exchange_ws - ERROR - Exception in continuously_async_watch_ohlcv for ADA/USDT, 5m
Traceback (most recent call last):
  File "/freqtrade/freqtrade/exchange/exchange_ws.py", line 176, in _continuously_async_watch_ohlcv
    data = await self._ccxt_object.watch_ohlcv(pair, timeframe)
           ^^^^^^^^^^^^^^^^^^^^^^^^^^^^^^^^^^^^^^^^^^^^^^^^^^^^
  File "/home/ftuser/.local/lib/python3.13/site-packages/ccxt/pro/binance.py", line 1366, in watch_ohlcv
    result = await self.watch_ohlcv_for_symbols([[symbol, timeframe]], since, limit, params)
             ^^^^^^^^^^^^^^^^^^^^^^^^^^^^^^^^^^^^^^^^^^^^^^^^^^^^^^^^^^^^^^^^^^^^^^^^^^^^^^^
  File "/home/ftuser/.local/lib/python3.13/site-packages/ccxt/pro/binance.py", line 1425, in watch_ohlcv_for_symbols
    res = await self.watch_multiple(url, messageHashes, self.extend(request, params), messageHashes, subscribe)
          ^^^^^^^^^^^^^^^^^^^^^^^^^^^^^^^^^^^^^^^^^^^^^^^^^^^^^^^^^^^^^^^^^^^^^^^^^^^^^^^^^^^^^^^^^^^^^^^^^^^^^
ccxt.base.errors.NetworkError: Connection closed by remote server, closing code 1006
2026-02-01 03:40:22,587 - freqtrade.exchange.exchange_ws - ERROR - Exception in continuously_async_watch_ohlcv for LINK/USDT, 5m
Traceback (most recent call last):
  File "/freqtrade/freqtrade/exchange/exchange_ws.py", line 176, in _continuously_async_watch_ohlcv
    data = await self._ccxt_object.watch_ohlcv(pair, timeframe)
           ^^^^^^^^^^^^^^^^^^^^^^^^^^^^^^^^^^^^^^^^^^^^^^^^^^^^
  File "/home/ftuser/.local/lib/python3.13/site-packages/ccxt/pro/binance.py", line 1366, in watch_ohlcv
    result = await self.watch_ohlcv_for_symbols([[symbol, timeframe]], since, limit, params)
             ^^^^^^^^^^^^^^^^^^^^^^^^^^^^^^^^^^^^^^^^^^^^^^^^^^^^^^^^^^^^^^^^^^^^^^^^^^^^^^^
  File "/home/ftuser/.local/lib/python3.13/site-packages/ccxt/pro/binance.py", line 1425, in watch_ohlcv_for_symbols
    res = await self.watch_multiple(url, messageHashes, self.extend(request, params), messageHashes, subscribe)
          ^^^^^^^^^^^^^^^^^^^^^^^^^^^^^^^^^^^^^^^^^^^^^^^^^^^^^^^^^^^^^^^^^^^^^^^^^^^^^^^^^^^^^^^^^^^^^^^^^^^^^
ccxt.base.errors.NetworkError: Connection closed by remote server, closing code 1006
2026-02-01 03:40:22,588 - freqtrade.exchange.exchange_ws - ERROR - Exception in continuously_async_watch_ohlcv for ZEC/USDT, 5m
Traceback (most recent call last):
  File "/freqtrade/freqtrade/exchange/exchange_ws.py", line 176, in _continuously_async_watch_ohlcv
    data = await self._ccxt_object.watch_ohlcv(pair, timeframe)
           ^^^^^^^^^^^^^^^^^^^^^^^^^^^^^^^^^^^^^^^^^^^^^^^^^^^^
  File "/home/ftuser/.local/lib/python3.13/site-packages/ccxt/pro/binance.py", line 1366, in watch_ohlcv
    result = await self.watch_ohlcv_for_symbols([[symbol, timeframe]], since, limit, params)
             ^^^^^^^^^^^^^^^^^^^^^^^^^^^^^^^^^^^^^^^^^^^^^^^^^^^^^^^^^^^^^^^^^^^^^^^^^^^^^^^
  File "/home/ftuser/.local/lib/python3.13/site-packages/ccxt/pro/binance.py", line 1425, in watch_ohlcv_for_symbols
    res = await self.watch_multiple(url, messageHashes, self.extend(request, params), messageHashes, subscribe)
          ^^^^^^^^^^^^^^^^^^^^^^^^^^^^^^^^^^^^^^^^^^^^^^^^^^^^^^^^^^^^^^^^^^^^^^^^^^^^^^^^^^^^^^^^^^^^^^^^^^^^^
ccxt.base.errors.NetworkError: Connection closed by remote server, closing code 1006
2026-02-01 03:40:22,589 - freqtrade.exchange.exchange_ws - ERROR - Exception in continuously_async_watch_ohlcv for ASTER/USDT, 5m
Traceback (most recent call last):
  File "/freqtrade/freqtrade/exchange/exchange_ws.py", line 176, in _continuously_async_watch_ohlcv
    data = await self._ccxt_object.watch_ohlcv(pair, timeframe)
           ^^^^^^^^^^^^^^^^^^^^^^^^^^^^^^^^^^^^^^^^^^^^^^^^^^^^
  File "/home/ftuser/.local/lib/python3.13/site-packages/ccxt/pro/binance.py", line 1366, in watch_ohlcv
    result = await self.watch_ohlcv_for_symbols([[symbol, timeframe]], since, limit, params)
             ^^^^^^^^^^^^^^^^^^^^^^^^^^^^^^^^^^^^^^^^^^^^^^^^^^^^^^^^^^^^^^^^^^^^^^^^^^^^^^^
  File "/home/ftuser/.local/lib/python3.13/site-packages/ccxt/pro/binance.py", line 1425, in watch_ohlcv_for_symbols
    res = await self.watch_multiple(url, messageHashes, self.extend(request, params), messageHashes, subscribe)
          ^^^^^^^^^^^^^^^^^^^^^^^^^^^^^^^^^^^^^^^^^^^^^^^^^^^^^^^^^^^^^^^^^^^^^^^^^^^^^^^^^^^^^^^^^^^^^^^^^^^^^
ccxt.base.errors.NetworkError: Connection closed by remote server, closing code 1006
2026-02-01 03:40:22,590 - freqtrade.exchange.exchange_ws - ERROR - Exception in continuously_async_watch_ohlcv for FDUSD/USDT, 5m
Traceback (most recent call last):
  File "/freqtrade/freqtrade/exchange/exchange_ws.py", line 176, in _continuously_async_watch_ohlcv
    data = await self._ccxt_object.watch_ohlcv(pair, timeframe)
           ^^^^^^^^^^^^^^^^^^^^^^^^^^^^^^^^^^^^^^^^^^^^^^^^^^^^
  File "/home/ftuser/.local/lib/python3.13/site-packages/ccxt/pro/binance.py", line 1366, in watch_ohlcv
    result = await self.watch_ohlcv_for_symbols([[symbol, timeframe]], since, limit, params)
             ^^^^^^^^^^^^^^^^^^^^^^^^^^^^^^^^^^^^^^^^^^^^^^^^^^^^^^^^^^^^^^^^^^^^^^^^^^^^^^^
  File "/home/ftuser/.local/lib/python3.13/site-packages/ccxt/pro/binance.py", line 1425, in watch_ohlcv_for_symbols
    res = await self.watch_multiple(url, messageHashes, self.extend(request, params), messageHashes, subscribe)
          ^^^^^^^^^^^^^^^^^^^^^^^^^^^^^^^^^^^^^^^^^^^^^^^^^^^^^^^^^^^^^^^^^^^^^^^^^^^^^^^^^^^^^^^^^^^^^^^^^^^^^
ccxt.base.errors.NetworkError: Connection closed by remote server, closing code 1006
2026-02-01 03:40:22,590 - freqtrade.exchange.exchange_ws - ERROR - Exception in continuously_async_watch_ohlcv for LTC/USDT, 5m
Traceback (most recent call last):
  File "/freqtrade/freqtrade/exchange/exchange_ws.py", line 176, in _continuously_async_watch_ohlcv
    data = await self._ccxt_object.watch_ohlcv(pair, timeframe)
           ^^^^^^^^^^^^^^^^^^^^^^^^^^^^^^^^^^^^^^^^^^^^^^^^^^^^
  File "/home/ftuser/.local/lib/python3.13/site-packages/ccxt/pro/binance.py", line 1366, in watch_ohlcv
    result = await self.watch_ohlcv_for_symbols([[symbol, timeframe]], since, limit, params)
             ^^^^^^^^^^^^^^^^^^^^^^^^^^^^^^^^^^^^^^^^^^^^^^^^^^^^^^^^^^^^^^^^^^^^^^^^^^^^^^^
  File "/home/ftuser/.local/lib/python3.13/site-packages/ccxt/pro/binance.py", line 1425, in watch_ohlcv_for_symbols
    res = await self.watch_multiple(url, messageHashes, self.extend(request, params), messageHashes, subscribe)
          ^^^^^^^^^^^^^^^^^^^^^^^^^^^^^^^^^^^^^^^^^^^^^^^^^^^^^^^^^^^^^^^^^^^^^^^^^^^^^^^^^^^^^^^^^^^^^^^^^^^^^
ccxt.base.errors.NetworkError: Connection closed by remote server, closing code 1006
2026-02-01 03:40:22,591 - freqtrade.exchange.exchange_ws - ERROR - Exception in continuously_async_watch_ohlcv for DOGE/USDT, 5m
Traceback (most recent call last):
  File "/freqtrade/freqtrade/exchange/exchange_ws.py", line 176, in _continuously_async_watch_ohlcv
    data = await self._ccxt_object.watch_ohlcv(pair, timeframe)
           ^^^^^^^^^^^^^^^^^^^^^^^^^^^^^^^^^^^^^^^^^^^^^^^^^^^^
  File "/home/ftuser/.local/lib/python3.13/site-packages/ccxt/pro/binance.py", line 1366, in watch_ohlcv
    result = await self.watch_ohlcv_for_symbols([[symbol, timeframe]], since, limit, params)
             ^^^^^^^^^^^^^^^^^^^^^^^^^^^^^^^^^^^^^^^^^^^^^^^^^^^^^^^^^^^^^^^^^^^^^^^^^^^^^^^
  File "/home/ftuser/.local/lib/python3.13/site-packages/ccxt/pro/binance.py", line 1425, in watch_ohlcv_for_symbols
    res = await self.watch_multiple(url, messageHashes, self.extend(request, params), messageHashes, subscribe)
          ^^^^^^^^^^^^^^^^^^^^^^^^^^^^^^^^^^^^^^^^^^^^^^^^^^^^^^^^^^^^^^^^^^^^^^^^^^^^^^^^^^^^^^^^^^^^^^^^^^^^^
ccxt.base.errors.NetworkError: Connection closed by remote server, closing code 1006
2026-02-01 03:40:22,592 - freqtrade.exchange.exchange_ws - ERROR - Exception in continuously_async_watch_ohlcv for ENA/USDT, 5m
Traceback (most recent call last):
  File "/freqtrade/freqtrade/exchange/exchange_ws.py", line 176, in _continuously_async_watch_ohlcv
    data = await self._ccxt_object.watch_ohlcv(pair, timeframe)
           ^^^^^^^^^^^^^^^^^^^^^^^^^^^^^^^^^^^^^^^^^^^^^^^^^^^^
  File "/home/ftuser/.local/lib/python3.13/site-packages/ccxt/pro/binance.py", line 1366, in watch_ohlcv
    result = await self.watch_ohlcv_for_symbols([[symbol, timeframe]], since, limit, params)
             ^^^^^^^^^^^^^^^^^^^^^^^^^^^^^^^^^^^^^^^^^^^^^^^^^^^^^^^^^^^^^^^^^^^^^^^^^^^^^^^
  File "/home/ftuser/.local/lib/python3.13/site-packages/ccxt/pro/binance.py", line 1425, in watch_ohlcv_for_symbols
    res = await self.watch_multiple(url, messageHashes, self.extend(request, params), messageHashes, subscribe)
          ^^^^^^^^^^^^^^^^^^^^^^^^^^^^^^^^^^^^^^^^^^^^^^^^^^^^^^^^^^^^^^^^^^^^^^^^^^^^^^^^^^^^^^^^^^^^^^^^^^^^^
ccxt.base.errors.NetworkError: Connection closed by remote server, closing code 1006
2026-02-01 03:40:22,593 - freqtrade.exchange.exchange_ws - ERROR - Exception in continuously_async_watch_ohlcv for USDC/USDT, 5m
Traceback (most recent call last):
  File "/freqtrade/freqtrade/exchange/exchange_ws.py", line 176, in _continuously_async_watch_ohlcv
    data = await self._ccxt_object.watch_ohlcv(pair, timeframe)
           ^^^^^^^^^^^^^^^^^^^^^^^^^^^^^^^^^^^^^^^^^^^^^^^^^^^^
  File "/home/ftuser/.local/lib/python3.13/site-packages/ccxt/pro/binance.py", line 1366, in watch_ohlcv
    result = await self.watch_ohlcv_for_symbols([[symbol, timeframe]], since, limit, params)
             ^^^^^^^^^^^^^^^^^^^^^^^^^^^^^^^^^^^^^^^^^^^^^^^^^^^^^^^^^^^^^^^^^^^^^^^^^^^^^^^
  File "/home/ftuser/.local/lib/python3.13/site-packages/ccxt/pro/binance.py", line 1425, in watch_ohlcv_for_symbols
    res = await self.watch_multiple(url, messageHashes, self.extend(request, params), messageHashes, subscribe)
          ^^^^^^^^^^^^^^^^^^^^^^^^^^^^^^^^^^^^^^^^^^^^^^^^^^^^^^^^^^^^^^^^^^^^^^^^^^^^^^^^^^^^^^^^^^^^^^^^^^^^^
ccxt.base.errors.NetworkError: Connection closed by remote server, closing code 1006
2026-02-01 03:40:22,593 - freqtrade.exchange.exchange_ws - ERROR - Exception in continuously_async_watch_ohlcv for SOL/USDT, 5m
Traceback (most recent call last):
  File "/freqtrade/freqtrade/exchange/exchange_ws.py", line 176, in _continuously_async_watch_ohlcv
    data = await self._ccxt_object.watch_ohlcv(pair, timeframe)
           ^^^^^^^^^^^^^^^^^^^^^^^^^^^^^^^^^^^^^^^^^^^^^^^^^^^^
  File "/home/ftuser/.local/lib/python3.13/site-packages/ccxt/pro/binance.py", line 1366, in watch_ohlcv
    result = await self.watch_ohlcv_for_symbols([[symbol, timeframe]], since, limit, params)
             ^^^^^^^^^^^^^^^^^^^^^^^^^^^^^^^^^^^^^^^^^^^^^^^^^^^^^^^^^^^^^^^^^^^^^^^^^^^^^^^
  File "/home/ftuser/.local/lib/python3.13/site-packages/ccxt/pro/binance.py", line 1425, in watch_ohlcv_for_symbols
    res = await self.watch_multiple(url, messageHashes, self.extend(request, params), messageHashes, subscribe)
          ^^^^^^^^^^^^^^^^^^^^^^^^^^^^^^^^^^^^^^^^^^^^^^^^^^^^^^^^^^^^^^^^^^^^^^^^^^^^^^^^^^^^^^^^^^^^^^^^^^^^^
ccxt.base.errors.NetworkError: Connection closed by remote server, closing code 1006
2026-02-01 03:40:22,594 - freqtrade.exchange.exchange_ws - ERROR - Exception in continuously_async_watch_ohlcv for USD1/USDT, 5m
Traceback (most recent call last):
  File "/freqtrade/freqtrade/exchange/exchange_ws.py", line 176, in _continuously_async_watch_ohlcv
    data = await self._ccxt_object.watch_ohlcv(pair, timeframe)
           ^^^^^^^^^^^^^^^^^^^^^^^^^^^^^^^^^^^^^^^^^^^^^^^^^^^^
  File "/home/ftuser/.local/lib/python3.13/site-packages/ccxt/pro/binance.py", line 1366, in watch_ohlcv
    result = await self.watch_ohlcv_for_symbols([[symbol, timeframe]], since, limit, params)
             ^^^^^^^^^^^^^^^^^^^^^^^^^^^^^^^^^^^^^^^^^^^^^^^^^^^^^^^^^^^^^^^^^^^^^^^^^^^^^^^
  File "/home/ftuser/.local/lib/python3.13/site-packages/ccxt/pro/binance.py", line 1425, in watch_ohlcv_for_symbols
    res = await self.watch_multiple(url, messageHashes, self.extend(request, params), messageHashes, subscribe)
          ^^^^^^^^^^^^^^^^^^^^^^^^^^^^^^^^^^^^^^^^^^^^^^^^^^^^^^^^^^^^^^^^^^^^^^^^^^^^^^^^^^^^^^^^^^^^^^^^^^^^^
ccxt.base.errors.NetworkError: Connection closed by remote server, closing code 1006
2026-02-01 03:40:22,595 - freqtrade.exchange.exchange_ws - ERROR - Exception in continuously_async_watch_ohlcv for SENT/USDT, 5m
Traceback (most recent call last):
  File "/freqtrade/freqtrade/exchange/exchange_ws.py", line 176, in _continuously_async_watch_ohlcv
    data = await self._ccxt_object.watch_ohlcv(pair, timeframe)
           ^^^^^^^^^^^^^^^^^^^^^^^^^^^^^^^^^^^^^^^^^^^^^^^^^^^^
  File "/home/ftuser/.local/lib/python3.13/site-packages/ccxt/pro/binance.py", line 1366, in watch_ohlcv
    result = await self.watch_ohlcv_for_symbols([[symbol, timeframe]], since, limit, params)
             ^^^^^^^^^^^^^^^^^^^^^^^^^^^^^^^^^^^^^^^^^^^^^^^^^^^^^^^^^^^^^^^^^^^^^^^^^^^^^^^
  File "/home/ftuser/.local/lib/python3.13/site-packages/ccxt/pro/binance.py", line 1425, in watch_ohlcv_for_symbols
    res = await self.watch_multiple(url, messageHashes, self.extend(request, params), messageHashes, subscribe)
          ^^^^^^^^^^^^^^^^^^^^^^^^^^^^^^^^^^^^^^^^^^^^^^^^^^^^^^^^^^^^^^^^^^^^^^^^^^^^^^^^^^^^^^^^^^^^^^^^^^^^^
ccxt.base.errors.NetworkError: Connection closed by remote server, closing code 1006
2026-02-01 03:40:22,596 - freqtrade.exchange.exchange_ws - ERROR - Exception in continuously_async_watch_ohlcv for BTC/USDT, 5m
Traceback (most recent call last):
  File "/freqtrade/freqtrade/exchange/exchange_ws.py", line 176, in _continuously_async_watch_ohlcv
    data = await self._ccxt_object.watch_ohlcv(pair, timeframe)
           ^^^^^^^^^^^^^^^^^^^^^^^^^^^^^^^^^^^^^^^^^^^^^^^^^^^^
  File "/home/ftuser/.local/lib/python3.13/site-packages/ccxt/pro/binance.py", line 1366, in watch_ohlcv
    result = await self.watch_ohlcv_for_symbols([[symbol, timeframe]], since, limit, params)
             ^^^^^^^^^^^^^^^^^^^^^^^^^^^^^^^^^^^^^^^^^^^^^^^^^^^^^^^^^^^^^^^^^^^^^^^^^^^^^^^
  File "/home/ftuser/.local/lib/python3.13/site-packages/ccxt/pro/binance.py", line 1425, in watch_ohlcv_for_symbols
    res = await self.watch_multiple(url, messageHashes, self.extend(request, params), messageHashes, subscribe)
          ^^^^^^^^^^^^^^^^^^^^^^^^^^^^^^^^^^^^^^^^^^^^^^^^^^^^^^^^^^^^^^^^^^^^^^^^^^^^^^^^^^^^^^^^^^^^^^^^^^^^^
ccxt.base.errors.NetworkError: Connection closed by remote server, closing code 1006
2026-02-01 03:40:22,597 - freqtrade.exchange.exchange_ws - ERROR - Exception in continuously_async_watch_ohlcv for ETH/USDT, 5m
Traceback (most recent call last):
  File "/freqtrade/freqtrade/exchange/exchange_ws.py", line 176, in _continuously_async_watch_ohlcv
    data = await self._ccxt_object.watch_ohlcv(pair, timeframe)
           ^^^^^^^^^^^^^^^^^^^^^^^^^^^^^^^^^^^^^^^^^^^^^^^^^^^^
  File "/home/ftuser/.local/lib/python3.13/site-packages/ccxt/pro/binance.py", line 1366, in watch_ohlcv
    result = await self.watch_ohlcv_for_symbols([[symbol, timeframe]], since, limit, params)
             ^^^^^^^^^^^^^^^^^^^^^^^^^^^^^^^^^^^^^^^^^^^^^^^^^^^^^^^^^^^^^^^^^^^^^^^^^^^^^^^
  File "/home/ftuser/.local/lib/python3.13/site-packages/ccxt/pro/binance.py", line 1425, in watch_ohlcv_for_symbols
    res = await self.watch_multiple(url, messageHashes, self.extend(request, params), messageHashes, subscribe)
          ^^^^^^^^^^^^^^^^^^^^^^^^^^^^^^^^^^^^^^^^^^^^^^^^^^^^^^^^^^^^^^^^^^^^^^^^^^^^^^^^^^^^^^^^^^^^^^^^^^^^^
ccxt.base.errors.NetworkError: Connection closed by remote server, closing code 1006
2026-02-01 03:40:22,598 - freqtrade.exchange.exchange_ws - ERROR - Exception in continuously_async_watch_ohlcv for SUI/USDT, 5m
Traceback (most recent call last):
  File "/freqtrade/freqtrade/exchange/exchange_ws.py", line 176, in _continuously_async_watch_ohlcv
    data = await self._ccxt_object.watch_ohlcv(pair, timeframe)
           ^^^^^^^^^^^^^^^^^^^^^^^^^^^^^^^^^^^^^^^^^^^^^^^^^^^^
  File "/home/ftuser/.local/lib/python3.13/site-packages/ccxt/pro/binance.py", line 1366, in watch_ohlcv
    result = await self.watch_ohlcv_for_symbols([[symbol, timeframe]], since, limit, params)
             ^^^^^^^^^^^^^^^^^^^^^^^^^^^^^^^^^^^^^^^^^^^^^^^^^^^^^^^^^^^^^^^^^^^^^^^^^^^^^^^
  File "/home/ftuser/.local/lib/python3.13/site-packages/ccxt/pro/binance.py", line 1425, in watch_ohlcv_for_symbols
    res = await self.watch_multiple(url, messageHashes, self.extend(request, params), messageHashes, subscribe)
          ^^^^^^^^^^^^^^^^^^^^^^^^^^^^^^^^^^^^^^^^^^^^^^^^^^^^^^^^^^^^^^^^^^^^^^^^^^^^^^^^^^^^^^^^^^^^^^^^^^^^^
ccxt.base.errors.NetworkError: Connection closed by remote server, closing code 1006
2026-02-01 03:40:22,598 - freqtrade.exchange.exchange_ws - ERROR - Exception in continuously_async_watch_ohlcv for PEPE/USDT, 5m
Traceback (most recent call last):
  File "/freqtrade/freqtrade/exchange/exchange_ws.py", line 176, in _continuously_async_watch_ohlcv
    data = await self._ccxt_object.watch_ohlcv(pair, timeframe)
           ^^^^^^^^^^^^^^^^^^^^^^^^^^^^^^^^^^^^^^^^^^^^^^^^^^^^
  File "/home/ftuser/.local/lib/python3.13/site-packages/ccxt/pro/binance.py", line 1366, in watch_ohlcv
    result = await self.watch_ohlcv_for_symbols([[symbol, timeframe]], since, limit, params)
             ^^^^^^^^^^^^^^^^^^^^^^^^^^^^^^^^^^^^^^^^^^^^^^^^^^^^^^^^^^^^^^^^^^^^^^^^^^^^^^^
  File "/home/ftuser/.local/lib/python3.13/site-packages/ccxt/pro/binance.py", line 1425, in watch_ohlcv_for_symbols
    res = await self.watch_multiple(url, messageHashes, self.extend(request, params), messageHashes, subscribe)
          ^^^^^^^^^^^^^^^^^^^^^^^^^^^^^^^^^^^^^^^^^^^^^^^^^^^^^^^^^^^^^^^^^^^^^^^^^^^^^^^^^^^^^^^^^^^^^^^^^^^^^
ccxt.base.errors.NetworkError: Connection closed by remote server, closing code 1006
2026-02-01 03:40:22,599 - freqtrade.exchange.exchange_ws - ERROR - Exception in continuously_async_watch_ohlcv for XRP/USDT, 5m
Traceback (most recent call last):
  File "/freqtrade/freqtrade/exchange/exchange_ws.py", line 176, in _continuously_async_watch_ohlcv
    data = await self._ccxt_object.watch_ohlcv(pair, timeframe)
           ^^^^^^^^^^^^^^^^^^^^^^^^^^^^^^^^^^^^^^^^^^^^^^^^^^^^
  File "/home/ftuser/.local/lib/python3.13/site-packages/ccxt/pro/binance.py", line 1366, in watch_ohlcv
    result = await self.watch_ohlcv_for_symbols([[symbol, timeframe]], since, limit, params)
             ^^^^^^^^^^^^^^^^^^^^^^^^^^^^^^^^^^^^^^^^^^^^^^^^^^^^^^^^^^^^^^^^^^^^^^^^^^^^^^^
  File "/home/ftuser/.local/lib/python3.13/site-packages/ccxt/pro/binance.py", line 1425, in watch_ohlcv_for_symbols
    res = await self.watch_multiple(url, messageHashes, self.extend(request, params), messageHashes, subscribe)
          ^^^^^^^^^^^^^^^^^^^^^^^^^^^^^^^^^^^^^^^^^^^^^^^^^^^^^^^^^^^^^^^^^^^^^^^^^^^^^^^^^^^^^^^^^^^^^^^^^^^^^
ccxt.base.errors.NetworkError: Connection closed by remote server, closing code 1006
2026-02-01 03:40:22,600 - freqtrade.exchange.exchange_ws - ERROR - Exception in continuously_async_watch_ohlcv for TRX/USDT, 5m
Traceback (most recent call last):
  File "/freqtrade/freqtrade/exchange/exchange_ws.py", line 176, in _continuously_async_watch_ohlcv
    data = await self._ccxt_object.watch_ohlcv(pair, timeframe)
           ^^^^^^^^^^^^^^^^^^^^^^^^^^^^^^^^^^^^^^^^^^^^^^^^^^^^
  File "/home/ftuser/.local/lib/python3.13/site-packages/ccxt/pro/binance.py", line 1366, in watch_ohlcv
    result = await self.watch_ohlcv_for_symbols([[symbol, timeframe]], since, limit, params)
             ^^^^^^^^^^^^^^^^^^^^^^^^^^^^^^^^^^^^^^^^^^^^^^^^^^^^^^^^^^^^^^^^^^^^^^^^^^^^^^^
  File "/home/ftuser/.local/lib/python3.13/site-packages/ccxt/pro/binance.py", line 1425, in watch_ohlcv_for_symbols
    res = await self.watch_multiple(url, messageHashes, self.extend(request, params), messageHashes, subscribe)
          ^^^^^^^^^^^^^^^^^^^^^^^^^^^^^^^^^^^^^^^^^^^^^^^^^^^^^^^^^^^^^^^^^^^^^^^^^^^^^^^^^^^^^^^^^^^^^^^^^^^^^
ccxt.base.errors.NetworkError: Connection closed by remote server, closing code 1006
2026-02-01 03:40:22,601 - freqtrade.exchange.exchange_ws - INFO - PAXG/USDT, 5m, spot - Task finished - done
2026-02-01 03:40:22,602 - freqtrade.exchange.exchange_ws - INFO - AVAX/USDT, 5m, spot - Task finished - done
2026-02-01 03:40:22,603 - freqtrade.exchange.exchange_ws - INFO - ADA/USDT, 5m, spot - Task finished - done
2026-02-01 03:40:22,603 - freqtrade.exchange.exchange_ws - INFO - LINK/USDT, 5m, spot - Task finished - done
2026-02-01 03:40:22,603 - freqtrade.exchange.exchange_ws - INFO - ZEC/USDT, 5m, spot - Task finished - done
2026-02-01 03:40:22,604 - freqtrade.exchange.exchange_ws - INFO - ASTER/USDT, 5m, spot - Task finished - done
2026-02-01 03:40:22,604 - freqtrade.exchange.exchange_ws - INFO - FDUSD/USDT, 5m, spot - Task finished - done
2026-02-01 03:40:22,605 - freqtrade.exchange.exchange_ws - INFO - LTC/USDT, 5m, spot - Task finished - done
2026-02-01 03:40:22,606 - freqtrade.exchange.exchange_ws - INFO - DOGE/USDT, 5m, spot - Task finished - done
2026-02-01 03:40:22,606 - freqtrade.exchange.exchange_ws - INFO - ENA/USDT, 5m, spot - Task finished - done
2026-02-01 03:40:22,607 - freqtrade.exchange.exchange_ws - INFO - USDC/USDT, 5m, spot - Task finished - done
2026-02-01 03:40:22,608 - freqtrade.exchange.exchange_ws - INFO - SOL/USDT, 5m, spot - Task finished - done
2026-02-01 03:40:22,608 - freqtrade.exchange.exchange_ws - INFO - USD1/USDT, 5m, spot - Task finished - done
2026-02-01 03:40:22,609 - freqtrade.exchange.exchange_ws - INFO - SENT/USDT, 5m, spot - Task finished - done
2026-02-01 03:40:22,610 - freqtrade.exchange.exchange_ws - INFO - BTC/USDT, 5m, spot - Task finished - done
2026-02-01 03:40:22,611 - freqtrade.exchange.exchange_ws - INFO - ETH/USDT, 5m, spot - Task finished - done
2026-02-01 03:40:22,611 - freqtrade.exchange.exchange_ws - INFO - SUI/USDT, 5m, spot - Task finished - done
2026-02-01 03:40:22,612 - freqtrade.exchange.exchange_ws - INFO - PEPE/USDT, 5m, spot - Task finished - done
2026-02-01 03:40:22,612 - freqtrade.exchange.exchange_ws - INFO - XRP/USDT, 5m, spot - Task finished - done
2026-02-01 03:40:22,612 - freqtrade.exchange.exchange_ws - INFO - TRX/USDT, 5m, spot - Task finished - done
2026-02-01 03:40:25,787 - freqtrade.exchange.exchange_ws - ERROR - Exception in _unwatch_ohlcv
Traceback (most recent call last):
  File "/freqtrade/freqtrade/exchange/exchange_ws.py", line 144, in _unwatch_ohlcv
    await self._ccxt_object.un_watch_ohlcv_for_symbols([[pair, timeframe]])
  File "/home/ftuser/.local/lib/python3.13/site-packages/ccxt/pro/binance.py", line 1494, in un_watch_ohlcv_for_symbols
    return await self.watch_multiple(url, messageHashes, self.extend(request, params), messageHashes, subscribe)
           ^^^^^^^^^^^^^^^^^^^^^^^^^^^^^^^^^^^^^^^^^^^^^^^^^^^^^^^^^^^^^^^^^^^^^^^^^^^^^^^^^^^^^^^^^^^^^^^^^^^^^
ccxt.base.errors.NetworkError: Connection closed by remote server, closing code 1008
2026-02-01 03:40:25,795 - freqtrade.exchange.exchange_ws - ERROR - Exception in _unwatch_ohlcv
Traceback (most recent call last):
  File "/freqtrade/freqtrade/exchange/exchange_ws.py", line 144, in _unwatch_ohlcv
    await self._ccxt_object.un_watch_ohlcv_for_symbols([[pair, timeframe]])
  File "/home/ftuser/.local/lib/python3.13/site-packages/ccxt/pro/binance.py", line 1494, in un_watch_ohlcv_for_symbols
    return await self.watch_multiple(url, messageHashes, self.extend(request, params), messageHashes, subscribe)
           ^^^^^^^^^^^^^^^^^^^^^^^^^^^^^^^^^^^^^^^^^^^^^^^^^^^^^^^^^^^^^^^^^^^^^^^^^^^^^^^^^^^^^^^^^^^^^^^^^^^^^
ccxt.base.errors.NetworkError: Connection closed by remote server, closing code 1008
2026-02-01 03:40:25,797 - freqtrade.exchange.exchange_ws - ERROR - Exception in _unwatch_ohlcv
Traceback (most recent call last):
  File "/freqtrade/freqtrade/exchange/exchange_ws.py", line 144, in _unwatch_ohlcv
    await self._ccxt_object.un_watch_ohlcv_for_symbols([[pair, timeframe]])
  File "/home/ftuser/.local/lib/python3.13/site-packages/ccxt/pro/binance.py", line 1494, in un_watch_ohlcv_for_symbols
    return await self.watch_multiple(url, messageHashes, self.extend(request, params), messageHashes, subscribe)
           ^^^^^^^^^^^^^^^^^^^^^^^^^^^^^^^^^^^^^^^^^^^^^^^^^^^^^^^^^^^^^^^^^^^^^^^^^^^^^^^^^^^^^^^^^^^^^^^^^^^^^
ccxt.base.errors.NetworkError: Connection closed by remote server, closing code 1008
2026-02-01 03:40:25,799 - freqtrade.exchange.exchange_ws - ERROR - Exception in _unwatch_ohlcv
Traceback (most recent call last):
  File "/freqtrade/freqtrade/exchange/exchange_ws.py", line 144, in _unwatch_ohlcv
    await self._ccxt_object.un_watch_ohlcv_for_symbols([[pair, timeframe]])
  File "/home/ftuser/.local/lib/python3.13/site-packages/ccxt/pro/binance.py", line 1494, in un_watch_ohlcv_for_symbols
    return await self.watch_multiple(url, messageHashes, self.extend(request, params), messageHashes, subscribe)
           ^^^^^^^^^^^^^^^^^^^^^^^^^^^^^^^^^^^^^^^^^^^^^^^^^^^^^^^^^^^^^^^^^^^^^^^^^^^^^^^^^^^^^^^^^^^^^^^^^^^^^
ccxt.base.errors.NetworkError: Connection closed by remote server, closing code 1008
2026-02-01 03:40:25,800 - freqtrade.exchange.exchange_ws - ERROR - Exception in _unwatch_ohlcv
Traceback (most recent call last):
  File "/freqtrade/freqtrade/exchange/exchange_ws.py", line 144, in _unwatch_ohlcv
    await self._ccxt_object.un_watch_ohlcv_for_symbols([[pair, timeframe]])
  File "/home/ftuser/.local/lib/python3.13/site-packages/ccxt/pro/binance.py", line 1494, in un_watch_ohlcv_for_symbols
    return await self.watch_multiple(url, messageHashes, self.extend(request, params), messageHashes, subscribe)
           ^^^^^^^^^^^^^^^^^^^^^^^^^^^^^^^^^^^^^^^^^^^^^^^^^^^^^^^^^^^^^^^^^^^^^^^^^^^^^^^^^^^^^^^^^^^^^^^^^^^^^
ccxt.base.errors.NetworkError: Connection closed by remote server, closing code 1008
2026-02-01 03:40:25,802 - freqtrade.exchange.exchange_ws - ERROR - Exception in _unwatch_ohlcv
Traceback (most recent call last):
  File "/freqtrade/freqtrade/exchange/exchange_ws.py", line 144, in _unwatch_ohlcv
    await self._ccxt_object.un_watch_ohlcv_for_symbols([[pair, timeframe]])
  File "/home/ftuser/.local/lib/python3.13/site-packages/ccxt/pro/binance.py", line 1494, in un_watch_ohlcv_for_symbols
    return await self.watch_multiple(url, messageHashes, self.extend(request, params), messageHashes, subscribe)
           ^^^^^^^^^^^^^^^^^^^^^^^^^^^^^^^^^^^^^^^^^^^^^^^^^^^^^^^^^^^^^^^^^^^^^^^^^^^^^^^^^^^^^^^^^^^^^^^^^^^^^
ccxt.base.errors.NetworkError: Connection closed by remote server, closing code 1008
2026-02-01 03:40:25,803 - freqtrade.exchange.exchange_ws - ERROR - Exception in _unwatch_ohlcv
Traceback (most recent call last):
  File "/freqtrade/freqtrade/exchange/exchange_ws.py", line 144, in _unwatch_ohlcv
    await self._ccxt_object.un_watch_ohlcv_for_symbols([[pair, timeframe]])
  File "/home/ftuser/.local/lib/python3.13/site-packages/ccxt/pro/binance.py", line 1494, in un_watch_ohlcv_for_symbols
    return await self.watch_multiple(url, messageHashes, self.extend(request, params), messageHashes, subscribe)
           ^^^^^^^^^^^^^^^^^^^^^^^^^^^^^^^^^^^^^^^^^^^^^^^^^^^^^^^^^^^^^^^^^^^^^^^^^^^^^^^^^^^^^^^^^^^^^^^^^^^^^
ccxt.base.errors.NetworkError: Connection closed by remote server, closing code 1008
2026-02-01 03:40:25,805 - freqtrade.exchange.exchange_ws - ERROR - Exception in _unwatch_ohlcv
Traceback (most recent call last):
  File "/freqtrade/freqtrade/exchange/exchange_ws.py", line 144, in _unwatch_ohlcv
    await self._ccxt_object.un_watch_ohlcv_for_symbols([[pair, timeframe]])
  File "/home/ftuser/.local/lib/python3.13/site-packages/ccxt/pro/binance.py", line 1494, in un_watch_ohlcv_for_symbols
    return await self.watch_multiple(url, messageHashes, self.extend(request, params), messageHashes, subscribe)
           ^^^^^^^^^^^^^^^^^^^^^^^^^^^^^^^^^^^^^^^^^^^^^^^^^^^^^^^^^^^^^^^^^^^^^^^^^^^^^^^^^^^^^^^^^^^^^^^^^^^^^
ccxt.base.errors.NetworkError: Connection closed by remote server, closing code 1008
2026-02-01 03:40:25,806 - freqtrade.exchange.exchange_ws - ERROR - Exception in _unwatch_ohlcv
Traceback (most recent call last):
  File "/freqtrade/freqtrade/exchange/exchange_ws.py", line 144, in _unwatch_ohlcv
    await self._ccxt_object.un_watch_ohlcv_for_symbols([[pair, timeframe]])
  File "/home/ftuser/.local/lib/python3.13/site-packages/ccxt/pro/binance.py", line 1494, in un_watch_ohlcv_for_symbols
    return await self.watch_multiple(url, messageHashes, self.extend(request, params), messageHashes, subscribe)
           ^^^^^^^^^^^^^^^^^^^^^^^^^^^^^^^^^^^^^^^^^^^^^^^^^^^^^^^^^^^^^^^^^^^^^^^^^^^^^^^^^^^^^^^^^^^^^^^^^^^^^
ccxt.base.errors.NetworkError: Connection closed by remote server, closing code 1008
2026-02-01 03:40:25,807 - freqtrade.exchange.exchange_ws - ERROR - Exception in _unwatch_ohlcv
Traceback (most recent call last):
  File "/freqtrade/freqtrade/exchange/exchange_ws.py", line 144, in _unwatch_ohlcv
    await self._ccxt_object.un_watch_ohlcv_for_symbols([[pair, timeframe]])
  File "/home/ftuser/.local/lib/python3.13/site-packages/ccxt/pro/binance.py", line 1494, in un_watch_ohlcv_for_symbols
    return await self.watch_multiple(url, messageHashes, self.extend(request, params), messageHashes, subscribe)
           ^^^^^^^^^^^^^^^^^^^^^^^^^^^^^^^^^^^^^^^^^^^^^^^^^^^^^^^^^^^^^^^^^^^^^^^^^^^^^^^^^^^^^^^^^^^^^^^^^^^^^
ccxt.base.errors.NetworkError: Connection closed by remote server, closing code 1008
2026-02-01 03:40:25,809 - freqtrade.exchange.exchange_ws - ERROR - Exception in _unwatch_ohlcv
Traceback (most recent call last):
  File "/freqtrade/freqtrade/exchange/exchange_ws.py", line 144, in _unwatch_ohlcv
    await self._ccxt_object.un_watch_ohlcv_for_symbols([[pair, timeframe]])
  File "/home/ftuser/.local/lib/python3.13/site-packages/ccxt/pro/binance.py", line 1494, in un_watch_ohlcv_for_symbols
    return await self.watch_multiple(url, messageHashes, self.extend(request, params), messageHashes, subscribe)
           ^^^^^^^^^^^^^^^^^^^^^^^^^^^^^^^^^^^^^^^^^^^^^^^^^^^^^^^^^^^^^^^^^^^^^^^^^^^^^^^^^^^^^^^^^^^^^^^^^^^^^
ccxt.base.errors.NetworkError: Connection closed by remote server, closing code 1008
2026-02-01 03:40:46,016 - freqtrade.worker - INFO - Bot heartbeat. PID=1, version='2026.1', state='RUNNING'
2026-02-01 03:41:46,040 - freqtrade.worker - INFO - Bot heartbeat. PID=1, version='2026.1', state='RUNNING'
2026-02-01 03:42:46,057 - freqtrade.worker - INFO - Bot heartbeat. PID=1, version='2026.1', state='RUNNING'
2026-02-01 03:43:46,075 - freqtrade.worker - INFO - Bot heartbeat. PID=1, version='2026.1', state='RUNNING'
2026-02-01 03:44:46,104 - freqtrade.worker - INFO - Bot heartbeat. PID=1, version='2026.1', state='RUNNING'
2026-02-01 03:45:01,021 - freqtrade.exchange.exchange - INFO - Couldn't reuse watch for ENA/USDT, 5m, falling back to REST api. False, 1769917500000, 0, 2026-02-01T03:45:00, 1970-01-01T00:00:00 
2026-02-01 03:45:01,038 - freqtrade.exchange.exchange - INFO - Couldn't reuse watch for BTC/USDT, 5m, falling back to REST api. False, 1769917500000, 0, 2026-02-01T03:45:00, 1970-01-01T00:00:00 
2026-02-01 03:45:01,042 - freqtrade.exchange.exchange - INFO - Couldn't reuse watch for PAXG/USDT, 5m, falling back to REST api. False, 1769917500000, 0, 2026-02-01T03:45:00, 1970-01-01T00:00:00 
2026-02-01 03:45:01,044 - freqtrade.exchange.exchange - INFO - Couldn't reuse watch for ASTER/USDT, 5m, falling back to REST api. False, 1769917500000, 0, 2026-02-01T03:45:00, 1970-01-01T00:00:00 
2026-02-01 03:45:01,046 - freqtrade.exchange.exchange - INFO - Couldn't reuse watch for FDUSD/USDT, 5m, falling back to REST api. False, 1769917500000, 0, 2026-02-01T03:45:00, 1970-01-01T00:00:00 
2026-02-01 03:45:01,047 - freqtrade.exchange.exchange - INFO - Couldn't reuse watch for ADA/USDT, 5m, falling back to REST api. False, 1769917500000, 0, 2026-02-01T03:45:00, 1970-01-01T00:00:00 
2026-02-01 03:45:01,049 - freqtrade.exchange.exchange - INFO - Couldn't reuse watch for ZEC/USDT, 5m, falling back to REST api. False, 1769917500000, 0, 2026-02-01T03:45:00, 1970-01-01T00:00:00 
2026-02-01 03:45:01,049 - freqtrade.exchange.exchange - INFO - Couldn't reuse watch for LINK/USDT, 5m, falling back to REST api. False, 1769917500000, 0, 2026-02-01T03:45:00, 1970-01-01T00:00:00 
2026-02-01 03:45:01,050 - freqtrade.exchange.exchange - INFO - Couldn't reuse watch for ETH/USDT, 5m, falling back to REST api. False, 1769917500000, 0, 2026-02-01T03:45:00, 1970-01-01T00:00:00 
2026-02-01 03:45:01,051 - freqtrade.exchange.exchange - INFO - Couldn't reuse watch for TRX/USDT, 5m, falling back to REST api. False, 1769917500000, 0, 2026-02-01T03:45:00, 1970-01-01T00:00:00 
2026-02-01 03:45:01,052 - freqtrade.exchange.exchange - INFO - Couldn't reuse watch for SUI/USDT, 5m, falling back to REST api. False, 1769917500000, 0, 2026-02-01T03:45:00, 1970-01-01T00:00:00 
2026-02-01 03:45:01,053 - freqtrade.exchange.exchange - INFO - Couldn't reuse watch for XRP/USDT, 5m, falling back to REST api. False, 1769917500000, 0, 2026-02-01T03:45:00, 1970-01-01T00:00:00 
2026-02-01 03:45:01,054 - freqtrade.exchange.exchange - INFO - Couldn't reuse watch for USD1/USDT, 5m, falling back to REST api. False, 1769917500000, 0, 2026-02-01T03:45:00, 1970-01-01T00:00:00 
2026-02-01 03:45:01,055 - freqtrade.exchange.exchange - INFO - Couldn't reuse watch for AVAX/USDT, 5m, falling back to REST api. False, 1769917500000, 0, 2026-02-01T03:45:00, 1970-01-01T00:00:00 
2026-02-01 03:45:01,055 - freqtrade.exchange.exchange - INFO - Couldn't reuse watch for DOGE/USDT, 5m, falling back to REST api. False, 1769917500000, 0, 2026-02-01T03:45:00, 1970-01-01T00:00:00 
2026-02-01 03:45:01,056 - freqtrade.exchange.exchange - INFO - Couldn't reuse watch for PEPE/USDT, 5m, falling back to REST api. False, 1769917500000, 0, 2026-02-01T03:45:00, 1970-01-01T00:00:00 
2026-02-01 03:45:01,057 - freqtrade.exchange.exchange - INFO - Couldn't reuse watch for USDC/USDT, 5m, falling back to REST api. False, 1769917500000, 0, 2026-02-01T03:45:00, 1970-01-01T00:00:00 
2026-02-01 03:45:01,058 - freqtrade.exchange.exchange - INFO - Couldn't reuse watch for LTC/USDT, 5m, falling back to REST api. False, 1769917500000, 0, 2026-02-01T03:45:00, 1970-01-01T00:00:00 
2026-02-01 03:45:01,059 - freqtrade.exchange.exchange - INFO - Couldn't reuse watch for SENT/USDT, 5m, falling back to REST api. False, 1769917500000, 0, 2026-02-01T03:45:00, 1970-01-01T00:00:00 
2026-02-01 03:45:01,060 - freqtrade.exchange.exchange - INFO - Couldn't reuse watch for SOL/USDT, 5m, falling back to REST api. False, 1769917500000, 0, 2026-02-01T03:45:00, 1970-01-01T00:00:00 
2026-02-01 03:45:06,327 - freqtrade.exchange.exchange_ws - ERROR - Exception in continuously_async_watch_ohlcv for FDUSD/USDT, 5m
Traceback (most recent call last):
  File "/freqtrade/freqtrade/exchange/exchange_ws.py", line 176, in _continuously_async_watch_ohlcv
    data = await self._ccxt_object.watch_ohlcv(pair, timeframe)
           ^^^^^^^^^^^^^^^^^^^^^^^^^^^^^^^^^^^^^^^^^^^^^^^^^^^^
  File "/home/ftuser/.local/lib/python3.13/site-packages/ccxt/pro/binance.py", line 1366, in watch_ohlcv
    result = await self.watch_ohlcv_for_symbols([[symbol, timeframe]], since, limit, params)
             ^^^^^^^^^^^^^^^^^^^^^^^^^^^^^^^^^^^^^^^^^^^^^^^^^^^^^^^^^^^^^^^^^^^^^^^^^^^^^^^
  File "/home/ftuser/.local/lib/python3.13/site-packages/ccxt/pro/binance.py", line 1425, in watch_ohlcv_for_symbols
    res = await self.watch_multiple(url, messageHashes, self.extend(request, params), messageHashes, subscribe)
          ^^^^^^^^^^^^^^^^^^^^^^^^^^^^^^^^^^^^^^^^^^^^^^^^^^^^^^^^^^^^^^^^^^^^^^^^^^^^^^^^^^^^^^^^^^^^^^^^^^^^^
ccxt.base.errors.NetworkError: Connection closed by remote server, closing code 1008
2026-02-01 03:45:06,332 - freqtrade.exchange.exchange_ws - ERROR - Exception in continuously_async_watch_ohlcv for ADA/USDT, 5m
Traceback (most recent call last):
  File "/freqtrade/freqtrade/exchange/exchange_ws.py", line 176, in _continuously_async_watch_ohlcv
    data = await self._ccxt_object.watch_ohlcv(pair, timeframe)
           ^^^^^^^^^^^^^^^^^^^^^^^^^^^^^^^^^^^^^^^^^^^^^^^^^^^^
  File "/home/ftuser/.local/lib/python3.13/site-packages/ccxt/pro/binance.py", line 1366, in watch_ohlcv
    result = await self.watch_ohlcv_for_symbols([[symbol, timeframe]], since, limit, params)
             ^^^^^^^^^^^^^^^^^^^^^^^^^^^^^^^^^^^^^^^^^^^^^^^^^^^^^^^^^^^^^^^^^^^^^^^^^^^^^^^
  File "/home/ftuser/.local/lib/python3.13/site-packages/ccxt/pro/binance.py", line 1425, in watch_ohlcv_for_symbols
    res = await self.watch_multiple(url, messageHashes, self.extend(request, params), messageHashes, subscribe)
          ^^^^^^^^^^^^^^^^^^^^^^^^^^^^^^^^^^^^^^^^^^^^^^^^^^^^^^^^^^^^^^^^^^^^^^^^^^^^^^^^^^^^^^^^^^^^^^^^^^^^^
ccxt.base.errors.NetworkError: Connection closed by remote server, closing code 1008
2026-02-01 03:45:06,334 - freqtrade.exchange.exchange_ws - ERROR - Exception in continuously_async_watch_ohlcv for LINK/USDT, 5m
Traceback (most recent call last):
  File "/freqtrade/freqtrade/exchange/exchange_ws.py", line 176, in _continuously_async_watch_ohlcv
    data = await self._ccxt_object.watch_ohlcv(pair, timeframe)
           ^^^^^^^^^^^^^^^^^^^^^^^^^^^^^^^^^^^^^^^^^^^^^^^^^^^^
  File "/home/ftuser/.local/lib/python3.13/site-packages/ccxt/pro/binance.py", line 1366, in watch_ohlcv
    result = await self.watch_ohlcv_for_symbols([[symbol, timeframe]], since, limit, params)
             ^^^^^^^^^^^^^^^^^^^^^^^^^^^^^^^^^^^^^^^^^^^^^^^^^^^^^^^^^^^^^^^^^^^^^^^^^^^^^^^
  File "/home/ftuser/.local/lib/python3.13/site-packages/ccxt/pro/binance.py", line 1425, in watch_ohlcv_for_symbols
    res = await self.watch_multiple(url, messageHashes, self.extend(request, params), messageHashes, subscribe)
          ^^^^^^^^^^^^^^^^^^^^^^^^^^^^^^^^^^^^^^^^^^^^^^^^^^^^^^^^^^^^^^^^^^^^^^^^^^^^^^^^^^^^^^^^^^^^^^^^^^^^^
ccxt.base.errors.NetworkError: Connection closed by remote server, closing code 1008
2026-02-01 03:45:06,335 - freqtrade.exchange.exchange_ws - ERROR - Exception in continuously_async_watch_ohlcv for TRX/USDT, 5m
Traceback (most recent call last):
  File "/freqtrade/freqtrade/exchange/exchange_ws.py", line 176, in _continuously_async_watch_ohlcv
    data = await self._ccxt_object.watch_ohlcv(pair, timeframe)
           ^^^^^^^^^^^^^^^^^^^^^^^^^^^^^^^^^^^^^^^^^^^^^^^^^^^^
  File "/home/ftuser/.local/lib/python3.13/site-packages/ccxt/pro/binance.py", line 1366, in watch_ohlcv
    result = await self.watch_ohlcv_for_symbols([[symbol, timeframe]], since, limit, params)
             ^^^^^^^^^^^^^^^^^^^^^^^^^^^^^^^^^^^^^^^^^^^^^^^^^^^^^^^^^^^^^^^^^^^^^^^^^^^^^^^
  File "/home/ftuser/.local/lib/python3.13/site-packages/ccxt/pro/binance.py", line 1425, in watch_ohlcv_for_symbols
    res = await self.watch_multiple(url, messageHashes, self.extend(request, params), messageHashes, subscribe)
          ^^^^^^^^^^^^^^^^^^^^^^^^^^^^^^^^^^^^^^^^^^^^^^^^^^^^^^^^^^^^^^^^^^^^^^^^^^^^^^^^^^^^^^^^^^^^^^^^^^^^^
ccxt.base.errors.NetworkError: Connection closed by remote server, closing code 1008
2026-02-01 03:45:06,336 - freqtrade.exchange.exchange_ws - ERROR - Exception in continuously_async_watch_ohlcv for XRP/USDT, 5m
Traceback (most recent call last):
  File "/freqtrade/freqtrade/exchange/exchange_ws.py", line 176, in _continuously_async_watch_ohlcv
    data = await self._ccxt_object.watch_ohlcv(pair, timeframe)
           ^^^^^^^^^^^^^^^^^^^^^^^^^^^^^^^^^^^^^^^^^^^^^^^^^^^^
  File "/home/ftuser/.local/lib/python3.13/site-packages/ccxt/pro/binance.py", line 1366, in watch_ohlcv
    result = await self.watch_ohlcv_for_symbols([[symbol, timeframe]], since, limit, params)
             ^^^^^^^^^^^^^^^^^^^^^^^^^^^^^^^^^^^^^^^^^^^^^^^^^^^^^^^^^^^^^^^^^^^^^^^^^^^^^^^
  File "/home/ftuser/.local/lib/python3.13/site-packages/ccxt/pro/binance.py", line 1425, in watch_ohlcv_for_symbols
    res = await self.watch_multiple(url, messageHashes, self.extend(request, params), messageHashes, subscribe)
          ^^^^^^^^^^^^^^^^^^^^^^^^^^^^^^^^^^^^^^^^^^^^^^^^^^^^^^^^^^^^^^^^^^^^^^^^^^^^^^^^^^^^^^^^^^^^^^^^^^^^^
ccxt.base.errors.NetworkError: Connection closed by remote server, closing code 1008
2026-02-01 03:45:06,337 - freqtrade.exchange.exchange_ws - ERROR - Exception in continuously_async_watch_ohlcv for USD1/USDT, 5m
Traceback (most recent call last):
  File "/freqtrade/freqtrade/exchange/exchange_ws.py", line 176, in _continuously_async_watch_ohlcv
    data = await self._ccxt_object.watch_ohlcv(pair, timeframe)
           ^^^^^^^^^^^^^^^^^^^^^^^^^^^^^^^^^^^^^^^^^^^^^^^^^^^^
  File "/home/ftuser/.local/lib/python3.13/site-packages/ccxt/pro/binance.py", line 1366, in watch_ohlcv
    result = await self.watch_ohlcv_for_symbols([[symbol, timeframe]], since, limit, params)
             ^^^^^^^^^^^^^^^^^^^^^^^^^^^^^^^^^^^^^^^^^^^^^^^^^^^^^^^^^^^^^^^^^^^^^^^^^^^^^^^
  File "/home/ftuser/.local/lib/python3.13/site-packages/ccxt/pro/binance.py", line 1425, in watch_ohlcv_for_symbols
    res = await self.watch_multiple(url, messageHashes, self.extend(request, params), messageHashes, subscribe)
          ^^^^^^^^^^^^^^^^^^^^^^^^^^^^^^^^^^^^^^^^^^^^^^^^^^^^^^^^^^^^^^^^^^^^^^^^^^^^^^^^^^^^^^^^^^^^^^^^^^^^^
ccxt.base.errors.NetworkError: Connection closed by remote server, closing code 1008
2026-02-01 03:45:06,337 - freqtrade.exchange.exchange_ws - ERROR - Exception in continuously_async_watch_ohlcv for AVAX/USDT, 5m
Traceback (most recent call last):
  File "/freqtrade/freqtrade/exchange/exchange_ws.py", line 176, in _continuously_async_watch_ohlcv
    data = await self._ccxt_object.watch_ohlcv(pair, timeframe)
           ^^^^^^^^^^^^^^^^^^^^^^^^^^^^^^^^^^^^^^^^^^^^^^^^^^^^
  File "/home/ftuser/.local/lib/python3.13/site-packages/ccxt/pro/binance.py", line 1366, in watch_ohlcv
    result = await self.watch_ohlcv_for_symbols([[symbol, timeframe]], since, limit, params)
             ^^^^^^^^^^^^^^^^^^^^^^^^^^^^^^^^^^^^^^^^^^^^^^^^^^^^^^^^^^^^^^^^^^^^^^^^^^^^^^^
  File "/home/ftuser/.local/lib/python3.13/site-packages/ccxt/pro/binance.py", line 1425, in watch_ohlcv_for_symbols
    res = await self.watch_multiple(url, messageHashes, self.extend(request, params), messageHashes, subscribe)
          ^^^^^^^^^^^^^^^^^^^^^^^^^^^^^^^^^^^^^^^^^^^^^^^^^^^^^^^^^^^^^^^^^^^^^^^^^^^^^^^^^^^^^^^^^^^^^^^^^^^^^
ccxt.base.errors.NetworkError: Connection closed by remote server, closing code 1008
2026-02-01 03:45:06,338 - freqtrade.exchange.exchange_ws - ERROR - Exception in continuously_async_watch_ohlcv for DOGE/USDT, 5m
Traceback (most recent call last):
  File "/freqtrade/freqtrade/exchange/exchange_ws.py", line 176, in _continuously_async_watch_ohlcv
    data = await self._ccxt_object.watch_ohlcv(pair, timeframe)
           ^^^^^^^^^^^^^^^^^^^^^^^^^^^^^^^^^^^^^^^^^^^^^^^^^^^^
  File "/home/ftuser/.local/lib/python3.13/site-packages/ccxt/pro/binance.py", line 1366, in watch_ohlcv
    result = await self.watch_ohlcv_for_symbols([[symbol, timeframe]], since, limit, params)
             ^^^^^^^^^^^^^^^^^^^^^^^^^^^^^^^^^^^^^^^^^^^^^^^^^^^^^^^^^^^^^^^^^^^^^^^^^^^^^^^
  File "/home/ftuser/.local/lib/python3.13/site-packages/ccxt/pro/binance.py", line 1425, in watch_ohlcv_for_symbols
    res = await self.watch_multiple(url, messageHashes, self.extend(request, params), messageHashes, subscribe)
          ^^^^^^^^^^^^^^^^^^^^^^^^^^^^^^^^^^^^^^^^^^^^^^^^^^^^^^^^^^^^^^^^^^^^^^^^^^^^^^^^^^^^^^^^^^^^^^^^^^^^^
ccxt.base.errors.NetworkError: Connection closed by remote server, closing code 1008
2026-02-01 03:45:06,340 - freqtrade.exchange.exchange_ws - ERROR - Exception in continuously_async_watch_ohlcv for USDC/USDT, 5m
Traceback (most recent call last):
  File "/freqtrade/freqtrade/exchange/exchange_ws.py", line 176, in _continuously_async_watch_ohlcv
    data = await self._ccxt_object.watch_ohlcv(pair, timeframe)
           ^^^^^^^^^^^^^^^^^^^^^^^^^^^^^^^^^^^^^^^^^^^^^^^^^^^^
  File "/home/ftuser/.local/lib/python3.13/site-packages/ccxt/pro/binance.py", line 1366, in watch_ohlcv
    result = await self.watch_ohlcv_for_symbols([[symbol, timeframe]], since, limit, params)
             ^^^^^^^^^^^^^^^^^^^^^^^^^^^^^^^^^^^^^^^^^^^^^^^^^^^^^^^^^^^^^^^^^^^^^^^^^^^^^^^
  File "/home/ftuser/.local/lib/python3.13/site-packages/ccxt/pro/binance.py", line 1425, in watch_ohlcv_for_symbols
    res = await self.watch_multiple(url, messageHashes, self.extend(request, params), messageHashes, subscribe)
          ^^^^^^^^^^^^^^^^^^^^^^^^^^^^^^^^^^^^^^^^^^^^^^^^^^^^^^^^^^^^^^^^^^^^^^^^^^^^^^^^^^^^^^^^^^^^^^^^^^^^^
ccxt.base.errors.NetworkError: Connection closed by remote server, closing code 1008
2026-02-01 03:45:06,341 - freqtrade.exchange.exchange_ws - ERROR - Exception in continuously_async_watch_ohlcv for LTC/USDT, 5m
Traceback (most recent call last):
  File "/freqtrade/freqtrade/exchange/exchange_ws.py", line 176, in _continuously_async_watch_ohlcv
    data = await self._ccxt_object.watch_ohlcv(pair, timeframe)
           ^^^^^^^^^^^^^^^^^^^^^^^^^^^^^^^^^^^^^^^^^^^^^^^^^^^^
  File "/home/ftuser/.local/lib/python3.13/site-packages/ccxt/pro/binance.py", line 1366, in watch_ohlcv
    result = await self.watch_ohlcv_for_symbols([[symbol, timeframe]], since, limit, params)
             ^^^^^^^^^^^^^^^^^^^^^^^^^^^^^^^^^^^^^^^^^^^^^^^^^^^^^^^^^^^^^^^^^^^^^^^^^^^^^^^
  File "/home/ftuser/.local/lib/python3.13/site-packages/ccxt/pro/binance.py", line 1425, in watch_ohlcv_for_symbols
    res = await self.watch_multiple(url, messageHashes, self.extend(request, params), messageHashes, subscribe)
          ^^^^^^^^^^^^^^^^^^^^^^^^^^^^^^^^^^^^^^^^^^^^^^^^^^^^^^^^^^^^^^^^^^^^^^^^^^^^^^^^^^^^^^^^^^^^^^^^^^^^^
ccxt.base.errors.NetworkError: Connection closed by remote server, closing code 1008
2026-02-01 03:45:06,342 - freqtrade.exchange.exchange_ws - ERROR - Exception in continuously_async_watch_ohlcv for SENT/USDT, 5m
Traceback (most recent call last):
  File "/freqtrade/freqtrade/exchange/exchange_ws.py", line 176, in _continuously_async_watch_ohlcv
    data = await self._ccxt_object.watch_ohlcv(pair, timeframe)
           ^^^^^^^^^^^^^^^^^^^^^^^^^^^^^^^^^^^^^^^^^^^^^^^^^^^^
  File "/home/ftuser/.local/lib/python3.13/site-packages/ccxt/pro/binance.py", line 1366, in watch_ohlcv
    result = await self.watch_ohlcv_for_symbols([[symbol, timeframe]], since, limit, params)
             ^^^^^^^^^^^^^^^^^^^^^^^^^^^^^^^^^^^^^^^^^^^^^^^^^^^^^^^^^^^^^^^^^^^^^^^^^^^^^^^
  File "/home/ftuser/.local/lib/python3.13/site-packages/ccxt/pro/binance.py", line 1425, in watch_ohlcv_for_symbols
    res = await self.watch_multiple(url, messageHashes, self.extend(request, params), messageHashes, subscribe)
          ^^^^^^^^^^^^^^^^^^^^^^^^^^^^^^^^^^^^^^^^^^^^^^^^^^^^^^^^^^^^^^^^^^^^^^^^^^^^^^^^^^^^^^^^^^^^^^^^^^^^^
ccxt.base.errors.NetworkError: Connection closed by remote server, closing code 1008
2026-02-01 03:45:06,343 - freqtrade.exchange.exchange_ws - ERROR - Exception in continuously_async_watch_ohlcv for SOL/USDT, 5m
Traceback (most recent call last):
  File "/freqtrade/freqtrade/exchange/exchange_ws.py", line 176, in _continuously_async_watch_ohlcv
    data = await self._ccxt_object.watch_ohlcv(pair, timeframe)
           ^^^^^^^^^^^^^^^^^^^^^^^^^^^^^^^^^^^^^^^^^^^^^^^^^^^^
  File "/home/ftuser/.local/lib/python3.13/site-packages/ccxt/pro/binance.py", line 1366, in watch_ohlcv
    result = await self.watch_ohlcv_for_symbols([[symbol, timeframe]], since, limit, params)
             ^^^^^^^^^^^^^^^^^^^^^^^^^^^^^^^^^^^^^^^^^^^^^^^^^^^^^^^^^^^^^^^^^^^^^^^^^^^^^^^
  File "/home/ftuser/.local/lib/python3.13/site-packages/ccxt/pro/binance.py", line 1425, in watch_ohlcv_for_symbols
    res = await self.watch_multiple(url, messageHashes, self.extend(request, params), messageHashes, subscribe)
          ^^^^^^^^^^^^^^^^^^^^^^^^^^^^^^^^^^^^^^^^^^^^^^^^^^^^^^^^^^^^^^^^^^^^^^^^^^^^^^^^^^^^^^^^^^^^^^^^^^^^^
ccxt.base.errors.NetworkError: Connection closed by remote server, closing code 1008
2026-02-01 03:45:06,345 - freqtrade.exchange.exchange_ws - ERROR - Exception in continuously_async_watch_ohlcv for PAXG/USDT, 5m
Traceback (most recent call last):
  File "/freqtrade/freqtrade/exchange/exchange_ws.py", line 176, in _continuously_async_watch_ohlcv
    data = await self._ccxt_object.watch_ohlcv(pair, timeframe)
           ^^^^^^^^^^^^^^^^^^^^^^^^^^^^^^^^^^^^^^^^^^^^^^^^^^^^
  File "/home/ftuser/.local/lib/python3.13/site-packages/ccxt/pro/binance.py", line 1366, in watch_ohlcv
    result = await self.watch_ohlcv_for_symbols([[symbol, timeframe]], since, limit, params)
             ^^^^^^^^^^^^^^^^^^^^^^^^^^^^^^^^^^^^^^^^^^^^^^^^^^^^^^^^^^^^^^^^^^^^^^^^^^^^^^^
  File "/home/ftuser/.local/lib/python3.13/site-packages/ccxt/pro/binance.py", line 1425, in watch_ohlcv_for_symbols
    res = await self.watch_multiple(url, messageHashes, self.extend(request, params), messageHashes, subscribe)
          ^^^^^^^^^^^^^^^^^^^^^^^^^^^^^^^^^^^^^^^^^^^^^^^^^^^^^^^^^^^^^^^^^^^^^^^^^^^^^^^^^^^^^^^^^^^^^^^^^^^^^
ccxt.base.errors.NetworkError: Connection closed by remote server, closing code 1008
2026-02-01 03:45:06,347 - freqtrade.exchange.exchange_ws - ERROR - Exception in continuously_async_watch_ohlcv for ASTER/USDT, 5m
Traceback (most recent call last):
  File "/freqtrade/freqtrade/exchange/exchange_ws.py", line 176, in _continuously_async_watch_ohlcv
    data = await self._ccxt_object.watch_ohlcv(pair, timeframe)
           ^^^^^^^^^^^^^^^^^^^^^^^^^^^^^^^^^^^^^^^^^^^^^^^^^^^^
  File "/home/ftuser/.local/lib/python3.13/site-packages/ccxt/pro/binance.py", line 1366, in watch_ohlcv
    result = await self.watch_ohlcv_for_symbols([[symbol, timeframe]], since, limit, params)
             ^^^^^^^^^^^^^^^^^^^^^^^^^^^^^^^^^^^^^^^^^^^^^^^^^^^^^^^^^^^^^^^^^^^^^^^^^^^^^^^
  File "/home/ftuser/.local/lib/python3.13/site-packages/ccxt/pro/binance.py", line 1425, in watch_ohlcv_for_symbols
    res = await self.watch_multiple(url, messageHashes, self.extend(request, params), messageHashes, subscribe)
          ^^^^^^^^^^^^^^^^^^^^^^^^^^^^^^^^^^^^^^^^^^^^^^^^^^^^^^^^^^^^^^^^^^^^^^^^^^^^^^^^^^^^^^^^^^^^^^^^^^^^^
ccxt.base.errors.NetworkError: Connection closed by remote server, closing code 1008
2026-02-01 03:45:06,348 - freqtrade.exchange.exchange_ws - ERROR - Exception in continuously_async_watch_ohlcv for ZEC/USDT, 5m
Traceback (most recent call last):
  File "/freqtrade/freqtrade/exchange/exchange_ws.py", line 176, in _continuously_async_watch_ohlcv
    data = await self._ccxt_object.watch_ohlcv(pair, timeframe)
           ^^^^^^^^^^^^^^^^^^^^^^^^^^^^^^^^^^^^^^^^^^^^^^^^^^^^
  File "/home/ftuser/.local/lib/python3.13/site-packages/ccxt/pro/binance.py", line 1366, in watch_ohlcv
    result = await self.watch_ohlcv_for_symbols([[symbol, timeframe]], since, limit, params)
             ^^^^^^^^^^^^^^^^^^^^^^^^^^^^^^^^^^^^^^^^^^^^^^^^^^^^^^^^^^^^^^^^^^^^^^^^^^^^^^^
  File "/home/ftuser/.local/lib/python3.13/site-packages/ccxt/pro/binance.py", line 1425, in watch_ohlcv_for_symbols
    res = await self.watch_multiple(url, messageHashes, self.extend(request, params), messageHashes, subscribe)
          ^^^^^^^^^^^^^^^^^^^^^^^^^^^^^^^^^^^^^^^^^^^^^^^^^^^^^^^^^^^^^^^^^^^^^^^^^^^^^^^^^^^^^^^^^^^^^^^^^^^^^
ccxt.base.errors.NetworkError: Connection closed by remote server, closing code 1008
2026-02-01 03:45:06,350 - freqtrade.exchange.exchange_ws - ERROR - Exception in continuously_async_watch_ohlcv for ENA/USDT, 5m
Traceback (most recent call last):
  File "/freqtrade/freqtrade/exchange/exchange_ws.py", line 176, in _continuously_async_watch_ohlcv
    data = await self._ccxt_object.watch_ohlcv(pair, timeframe)
           ^^^^^^^^^^^^^^^^^^^^^^^^^^^^^^^^^^^^^^^^^^^^^^^^^^^^
  File "/home/ftuser/.local/lib/python3.13/site-packages/ccxt/pro/binance.py", line 1366, in watch_ohlcv
    result = await self.watch_ohlcv_for_symbols([[symbol, timeframe]], since, limit, params)
             ^^^^^^^^^^^^^^^^^^^^^^^^^^^^^^^^^^^^^^^^^^^^^^^^^^^^^^^^^^^^^^^^^^^^^^^^^^^^^^^
  File "/home/ftuser/.local/lib/python3.13/site-packages/ccxt/pro/binance.py", line 1425, in watch_ohlcv_for_symbols
    res = await self.watch_multiple(url, messageHashes, self.extend(request, params), messageHashes, subscribe)
          ^^^^^^^^^^^^^^^^^^^^^^^^^^^^^^^^^^^^^^^^^^^^^^^^^^^^^^^^^^^^^^^^^^^^^^^^^^^^^^^^^^^^^^^^^^^^^^^^^^^^^
ccxt.base.errors.NetworkError: Connection closed by remote server, closing code 1008
2026-02-01 03:45:06,351 - freqtrade.exchange.exchange_ws - ERROR - Exception in continuously_async_watch_ohlcv for BTC/USDT, 5m
Traceback (most recent call last):
  File "/freqtrade/freqtrade/exchange/exchange_ws.py", line 176, in _continuously_async_watch_ohlcv
    data = await self._ccxt_object.watch_ohlcv(pair, timeframe)
           ^^^^^^^^^^^^^^^^^^^^^^^^^^^^^^^^^^^^^^^^^^^^^^^^^^^^
  File "/home/ftuser/.local/lib/python3.13/site-packages/ccxt/pro/binance.py", line 1366, in watch_ohlcv
    result = await self.watch_ohlcv_for_symbols([[symbol, timeframe]], since, limit, params)
             ^^^^^^^^^^^^^^^^^^^^^^^^^^^^^^^^^^^^^^^^^^^^^^^^^^^^^^^^^^^^^^^^^^^^^^^^^^^^^^^
  File "/home/ftuser/.local/lib/python3.13/site-packages/ccxt/pro/binance.py", line 1425, in watch_ohlcv_for_symbols
    res = await self.watch_multiple(url, messageHashes, self.extend(request, params), messageHashes, subscribe)
          ^^^^^^^^^^^^^^^^^^^^^^^^^^^^^^^^^^^^^^^^^^^^^^^^^^^^^^^^^^^^^^^^^^^^^^^^^^^^^^^^^^^^^^^^^^^^^^^^^^^^^
ccxt.base.errors.NetworkError: Connection closed by remote server, closing code 1008
2026-02-01 03:45:06,352 - freqtrade.exchange.exchange_ws - ERROR - Exception in continuously_async_watch_ohlcv for ETH/USDT, 5m
Traceback (most recent call last):
  File "/freqtrade/freqtrade/exchange/exchange_ws.py", line 176, in _continuously_async_watch_ohlcv
    data = await self._ccxt_object.watch_ohlcv(pair, timeframe)
           ^^^^^^^^^^^^^^^^^^^^^^^^^^^^^^^^^^^^^^^^^^^^^^^^^^^^
  File "/home/ftuser/.local/lib/python3.13/site-packages/ccxt/pro/binance.py", line 1366, in watch_ohlcv
    result = await self.watch_ohlcv_for_symbols([[symbol, timeframe]], since, limit, params)
             ^^^^^^^^^^^^^^^^^^^^^^^^^^^^^^^^^^^^^^^^^^^^^^^^^^^^^^^^^^^^^^^^^^^^^^^^^^^^^^^
  File "/home/ftuser/.local/lib/python3.13/site-packages/ccxt/pro/binance.py", line 1425, in watch_ohlcv_for_symbols
    res = await self.watch_multiple(url, messageHashes, self.extend(request, params), messageHashes, subscribe)
          ^^^^^^^^^^^^^^^^^^^^^^^^^^^^^^^^^^^^^^^^^^^^^^^^^^^^^^^^^^^^^^^^^^^^^^^^^^^^^^^^^^^^^^^^^^^^^^^^^^^^^
ccxt.base.errors.NetworkError: Connection closed by remote server, closing code 1008
2026-02-01 03:45:06,353 - freqtrade.exchange.exchange_ws - ERROR - Exception in continuously_async_watch_ohlcv for SUI/USDT, 5m
Traceback (most recent call last):
  File "/freqtrade/freqtrade/exchange/exchange_ws.py", line 176, in _continuously_async_watch_ohlcv
    data = await self._ccxt_object.watch_ohlcv(pair, timeframe)
           ^^^^^^^^^^^^^^^^^^^^^^^^^^^^^^^^^^^^^^^^^^^^^^^^^^^^
  File "/home/ftuser/.local/lib/python3.13/site-packages/ccxt/pro/binance.py", line 1366, in watch_ohlcv
    result = await self.watch_ohlcv_for_symbols([[symbol, timeframe]], since, limit, params)
             ^^^^^^^^^^^^^^^^^^^^^^^^^^^^^^^^^^^^^^^^^^^^^^^^^^^^^^^^^^^^^^^^^^^^^^^^^^^^^^^
  File "/home/ftuser/.local/lib/python3.13/site-packages/ccxt/pro/binance.py", line 1425, in watch_ohlcv_for_symbols
    res = await self.watch_multiple(url, messageHashes, self.extend(request, params), messageHashes, subscribe)
          ^^^^^^^^^^^^^^^^^^^^^^^^^^^^^^^^^^^^^^^^^^^^^^^^^^^^^^^^^^^^^^^^^^^^^^^^^^^^^^^^^^^^^^^^^^^^^^^^^^^^^
ccxt.base.errors.NetworkError: Connection closed by remote server, closing code 1008
2026-02-01 03:45:06,354 - freqtrade.exchange.exchange_ws - ERROR - Exception in continuously_async_watch_ohlcv for PEPE/USDT, 5m
Traceback (most recent call last):
  File "/freqtrade/freqtrade/exchange/exchange_ws.py", line 176, in _continuously_async_watch_ohlcv
    data = await self._ccxt_object.watch_ohlcv(pair, timeframe)
           ^^^^^^^^^^^^^^^^^^^^^^^^^^^^^^^^^^^^^^^^^^^^^^^^^^^^
  File "/home/ftuser/.local/lib/python3.13/site-packages/ccxt/pro/binance.py", line 1366, in watch_ohlcv
    result = await self.watch_ohlcv_for_symbols([[symbol, timeframe]], since, limit, params)
             ^^^^^^^^^^^^^^^^^^^^^^^^^^^^^^^^^^^^^^^^^^^^^^^^^^^^^^^^^^^^^^^^^^^^^^^^^^^^^^^
  File "/home/ftuser/.local/lib/python3.13/site-packages/ccxt/pro/binance.py", line 1425, in watch_ohlcv_for_symbols
    res = await self.watch_multiple(url, messageHashes, self.extend(request, params), messageHashes, subscribe)
          ^^^^^^^^^^^^^^^^^^^^^^^^^^^^^^^^^^^^^^^^^^^^^^^^^^^^^^^^^^^^^^^^^^^^^^^^^^^^^^^^^^^^^^^^^^^^^^^^^^^^^
ccxt.base.errors.NetworkError: Connection closed by remote server, closing code 1008
2026-02-01 03:45:06,356 - freqtrade.exchange.exchange_ws - INFO - FDUSD/USDT, 5m, spot - Task finished - done
2026-02-01 03:45:06,356 - freqtrade.exchange.exchange_ws - INFO - ADA/USDT, 5m, spot - Task finished - done
2026-02-01 03:45:06,356 - freqtrade.exchange.exchange_ws - INFO - LINK/USDT, 5m, spot - Task finished - done
2026-02-01 03:45:06,357 - freqtrade.exchange.exchange_ws - INFO - TRX/USDT, 5m, spot - Task finished - done
2026-02-01 03:45:06,358 - freqtrade.exchange.exchange_ws - INFO - XRP/USDT, 5m, spot - Task finished - done
2026-02-01 03:45:06,359 - freqtrade.exchange.exchange_ws - INFO - USD1/USDT, 5m, spot - Task finished - done
2026-02-01 03:45:06,360 - freqtrade.exchange.exchange_ws - INFO - AVAX/USDT, 5m, spot - Task finished - done
2026-02-01 03:45:06,360 - freqtrade.exchange.exchange_ws - INFO - DOGE/USDT, 5m, spot - Task finished - done
2026-02-01 03:45:06,360 - freqtrade.exchange.exchange_ws - INFO - USDC/USDT, 5m, spot - Task finished - done
2026-02-01 03:45:06,360 - freqtrade.exchange.exchange_ws - INFO - LTC/USDT, 5m, spot - Task finished - done
2026-02-01 03:45:06,361 - freqtrade.exchange.exchange_ws - INFO - SENT/USDT, 5m, spot - Task finished - done
2026-02-01 03:45:06,361 - freqtrade.exchange.exchange_ws - INFO - SOL/USDT, 5m, spot - Task finished - done
2026-02-01 03:45:06,361 - freqtrade.exchange.exchange_ws - INFO - PAXG/USDT, 5m, spot - Task finished - done
2026-02-01 03:45:06,362 - freqtrade.exchange.exchange_ws - INFO - ASTER/USDT, 5m, spot - Task finished - done
2026-02-01 03:45:06,362 - freqtrade.exchange.exchange_ws - INFO - ZEC/USDT, 5m, spot - Task finished - done
2026-02-01 03:45:06,362 - freqtrade.exchange.exchange_ws - INFO - ENA/USDT, 5m, spot - Task finished - done
2026-02-01 03:45:06,363 - freqtrade.exchange.exchange_ws - INFO - BTC/USDT, 5m, spot - Task finished - done
2026-02-01 03:45:06,363 - freqtrade.exchange.exchange_ws - INFO - ETH/USDT, 5m, spot - Task finished - done
2026-02-01 03:45:06,363 - freqtrade.exchange.exchange_ws - INFO - SUI/USDT, 5m, spot - Task finished - done
2026-02-01 03:45:06,364 - freqtrade.exchange.exchange_ws - INFO - PEPE/USDT, 5m, spot - Task finished - done
2026-02-01 03:45:51,031 - freqtrade.worker - INFO - Bot heartbeat. PID=1, version='2026.1', state='RUNNING'
2026-02-01 03:46:51,053 - freqtrade.worker - INFO - Bot heartbeat. PID=1, version='2026.1', state='RUNNING'
2026-02-01 03:47:51,076 - freqtrade.worker - INFO - Bot heartbeat. PID=1, version='2026.1', state='RUNNING'
2026-02-01 03:48:51,109 - freqtrade.worker - INFO - Bot heartbeat. PID=1, version='2026.1', state='RUNNING'
2026-02-01 03:49:51,132 - freqtrade.worker - INFO - Bot heartbeat. PID=1, version='2026.1', state='RUNNING'
2026-02-01 03:50:01,922 - VolumePairList - INFO - Pair BNB/USDT in your blacklist. Removing it from whitelist...
2026-02-01 03:50:01,956 - freqtrade.exchange.exchange - INFO - Couldn't reuse watch for ENA/USDT, 5m, falling back to REST api. False, 1769917800000, 0, 2026-02-01T03:50:00, 1970-01-01T00:00:00 
2026-02-01 03:50:01,958 - freqtrade.exchange.exchange - INFO - Couldn't reuse watch for BTC/USDT, 5m, falling back to REST api. False, 1769917800000, 0, 2026-02-01T03:50:00, 1970-01-01T00:00:00 
2026-02-01 03:50:01,960 - freqtrade.exchange.exchange - INFO - Couldn't reuse watch for PAXG/USDT, 5m, falling back to REST api. False, 1769917800000, 0, 2026-02-01T03:50:00, 1970-01-01T00:00:00 
2026-02-01 03:50:01,964 - freqtrade.exchange.exchange - INFO - Couldn't reuse watch for ASTER/USDT, 5m, falling back to REST api. False, 1769917800000, 0, 2026-02-01T03:50:00, 1970-01-01T00:00:00 
2026-02-01 03:50:01,965 - freqtrade.exchange.exchange - INFO - Couldn't reuse watch for FDUSD/USDT, 5m, falling back to REST api. False, 1769917800000, 0, 2026-02-01T03:50:00, 1970-01-01T00:00:00 
2026-02-01 03:50:01,967 - freqtrade.exchange.exchange - INFO - Couldn't reuse watch for ADA/USDT, 5m, falling back to REST api. False, 1769917800000, 0, 2026-02-01T03:50:00, 1970-01-01T00:00:00 
2026-02-01 03:50:01,970 - freqtrade.exchange.exchange - INFO - Couldn't reuse watch for ZEC/USDT, 5m, falling back to REST api. False, 1769917800000, 0, 2026-02-01T03:50:00, 1970-01-01T00:00:00 
2026-02-01 03:50:01,971 - freqtrade.exchange.exchange - INFO - Couldn't reuse watch for LINK/USDT, 5m, falling back to REST api. False, 1769917800000, 0, 2026-02-01T03:50:00, 1970-01-01T00:00:00 
2026-02-01 03:50:01,972 - freqtrade.exchange.exchange - INFO - Couldn't reuse watch for ETH/USDT, 5m, falling back to REST api. False, 1769917800000, 0, 2026-02-01T03:50:00, 1970-01-01T00:00:00 
2026-02-01 03:50:01,973 - freqtrade.exchange.exchange - INFO - Couldn't reuse watch for TRX/USDT, 5m, falling back to REST api. False, 1769917800000, 0, 2026-02-01T03:50:00, 1970-01-01T00:00:00 
2026-02-01 03:50:01,974 - freqtrade.exchange.exchange - INFO - Couldn't reuse watch for SUI/USDT, 5m, falling back to REST api. False, 1769917800000, 0, 2026-02-01T03:50:00, 1970-01-01T00:00:00 
2026-02-01 03:50:01,975 - freqtrade.exchange.exchange - INFO - Couldn't reuse watch for XRP/USDT, 5m, falling back to REST api. False, 1769917800000, 0, 2026-02-01T03:50:00, 1970-01-01T00:00:00 
2026-02-01 03:50:01,976 - freqtrade.exchange.exchange - INFO - Couldn't reuse watch for USD1/USDT, 5m, falling back to REST api. False, 1769917800000, 0, 2026-02-01T03:50:00, 1970-01-01T00:00:00 
2026-02-01 03:50:01,976 - freqtrade.exchange.exchange - INFO - Couldn't reuse watch for AVAX/USDT, 5m, falling back to REST api. False, 1769917800000, 0, 2026-02-01T03:50:00, 1970-01-01T00:00:00 
2026-02-01 03:50:01,977 - freqtrade.exchange.exchange - INFO - Couldn't reuse watch for DOGE/USDT, 5m, falling back to REST api. False, 1769917800000, 0, 2026-02-01T03:50:00, 1970-01-01T00:00:00 
2026-02-01 03:50:01,978 - freqtrade.exchange.exchange - INFO - Couldn't reuse watch for PEPE/USDT, 5m, falling back to REST api. False, 1769917800000, 0, 2026-02-01T03:50:00, 1970-01-01T00:00:00 
2026-02-01 03:50:01,978 - freqtrade.exchange.exchange - INFO - Couldn't reuse watch for USDC/USDT, 5m, falling back to REST api. False, 1769917800000, 0, 2026-02-01T03:50:00, 1970-01-01T00:00:00 
2026-02-01 03:50:01,979 - freqtrade.exchange.exchange - INFO - Couldn't reuse watch for LTC/USDT, 5m, falling back to REST api. False, 1769917800000, 0, 2026-02-01T03:50:00, 1970-01-01T00:00:00 
2026-02-01 03:50:01,979 - freqtrade.exchange.exchange - INFO - Couldn't reuse watch for SENT/USDT, 5m, falling back to REST api. False, 1769917800000, 0, 2026-02-01T03:50:00, 1970-01-01T00:00:00 
2026-02-01 03:50:01,980 - freqtrade.exchange.exchange - INFO - Couldn't reuse watch for SOL/USDT, 5m, falling back to REST api. False, 1769917800000, 0, 2026-02-01T03:50:00, 1970-01-01T00:00:00 
2026-02-01 03:50:54,707 - freqtrade.worker - INFO - Bot heartbeat. PID=1, version='2026.1', state='RUNNING'
2026-02-01 03:51:54,751 - freqtrade.worker - INFO - Bot heartbeat. PID=1, version='2026.1', state='RUNNING'
2026-02-01 03:52:54,778 - freqtrade.worker - INFO - Bot heartbeat. PID=1, version='2026.1', state='RUNNING'
2026-02-01 03:53:56,904 - freqtrade.worker - INFO - Bot heartbeat. PID=1, version='2026.1', state='RUNNING'
2026-02-01 03:54:56,945 - freqtrade.worker - INFO - Bot heartbeat. PID=1, version='2026.1', state='RUNNING'
2026-02-01 03:55:59,877 - freqtrade.worker - INFO - Bot heartbeat. PID=1, version='2026.1', state='RUNNING'
2026-02-01 03:56:59,903 - freqtrade.worker - INFO - Bot heartbeat. PID=1, version='2026.1', state='RUNNING'
2026-02-01 03:57:59,942 - freqtrade.worker - INFO - Bot heartbeat. PID=1, version='2026.1', state='RUNNING'
2026-02-01 03:58:59,972 - freqtrade.worker - INFO - Bot heartbeat. PID=1, version='2026.1', state='RUNNING'
2026-02-01 03:59:59,999 - freqtrade.worker - INFO - Bot heartbeat. PID=1, version='2026.1', state='RUNNING'
2026-02-01 04:01:00,037 - freqtrade.worker - INFO - Bot heartbeat. PID=1, version='2026.1', state='RUNNING'
2026-02-01 04:02:00,079 - freqtrade.worker - INFO - Bot heartbeat. PID=1, version='2026.1', state='RUNNING'
2026-02-01 04:03:00,111 - freqtrade.worker - INFO - Bot heartbeat. PID=1, version='2026.1', state='RUNNING'
2026-02-01 04:04:00,142 - freqtrade.worker - INFO - Bot heartbeat. PID=1, version='2026.1', state='RUNNING'
2026-02-01 04:05:01,005 - freqtrade.worker - INFO - Bot heartbeat. PID=1, version='2026.1', state='RUNNING'
2026-02-01 04:06:01,034 - freqtrade.worker - INFO - Bot heartbeat. PID=1, version='2026.1', state='RUNNING'
2026-02-01 04:07:01,061 - freqtrade.worker - INFO - Bot heartbeat. PID=1, version='2026.1', state='RUNNING'
2026-02-01 04:08:01,091 - freqtrade.worker - INFO - Bot heartbeat. PID=1, version='2026.1', state='RUNNING'
2026-02-01 04:09:01,115 - freqtrade.worker - INFO - Bot heartbeat. PID=1, version='2026.1', state='RUNNING'
2026-02-01 04:10:06,003 - freqtrade.worker - INFO - Bot heartbeat. PID=1, version='2026.1', state='RUNNING'
2026-02-01 04:11:06,021 - freqtrade.worker - INFO - Bot heartbeat. PID=1, version='2026.1', state='RUNNING'
2026-02-01 04:12:06,041 - freqtrade.worker - INFO - Bot heartbeat. PID=1, version='2026.1', state='RUNNING'
2026-02-01 04:13:06,061 - freqtrade.worker - INFO - Bot heartbeat. PID=1, version='2026.1', state='RUNNING'
2026-02-01 04:14:06,090 - freqtrade.worker - INFO - Bot heartbeat. PID=1, version='2026.1', state='RUNNING'
2026-02-01 04:15:11,005 - freqtrade.worker - INFO - Bot heartbeat. PID=1, version='2026.1', state='RUNNING'
2026-02-01 04:16:11,030 - freqtrade.worker - INFO - Bot heartbeat. PID=1, version='2026.1', state='RUNNING'
2026-02-01 04:17:11,059 - freqtrade.worker - INFO - Bot heartbeat. PID=1, version='2026.1', state='RUNNING'
2026-02-01 04:18:11,088 - freqtrade.worker - INFO - Bot heartbeat. PID=1, version='2026.1', state='RUNNING'
2026-02-01 04:19:11,117 - freqtrade.worker - INFO - Bot heartbeat. PID=1, version='2026.1', state='RUNNING'
2026-02-01 04:19:36,171 - freqtrade.plugins.pairlistmanager - INFO - Whitelist with 20 pairs: ['BTC/USDT', 'ETH/USDT', 'USDC/USDT', 'SOL/USDT', 'XRP/USDT', 'USD1/USDT', 'DOGE/USDT', 'SENT/USDT', 'SUI/USDT', 'FDUSD/USDT', 'ADA/USDT', 'PAXG/USDT', 'ZEC/USDT', 'LINK/USDT', 'AVAX/USDT', 'LTC/USDT', 'TRX/USDT', 'PEPE/USDT', 'ASTER/USDT', 'ENA/USDT']
2026-02-01 04:20:06,652 - freqtrade.plugins.pairlistmanager - INFO - Whitelist with 20 pairs: ['BTC/USDT', 'ETH/USDT', 'USDC/USDT', 'SOL/USDT', 'XRP/USDT', 'USD1/USDT', 'DOGE/USDT', 'SENT/USDT', 'SUI/USDT', 'FDUSD/USDT', 'ADA/USDT', 'ZEC/USDT', 'PAXG/USDT', 'LINK/USDT', 'AVAX/USDT', 'LTC/USDT', 'TRX/USDT', 'PEPE/USDT', 'ASTER/USDT', 'ENA/USDT']
2026-02-01 04:20:16,007 - freqtrade.worker - INFO - Bot heartbeat. PID=1, version='2026.1', state='RUNNING'
2026-02-01 04:21:16,045 - freqtrade.worker - INFO - Bot heartbeat. PID=1, version='2026.1', state='RUNNING'
2026-02-01 04:22:16,073 - freqtrade.worker - INFO - Bot heartbeat. PID=1, version='2026.1', state='RUNNING'
2026-02-01 04:23:16,113 - freqtrade.worker - INFO - Bot heartbeat. PID=1, version='2026.1', state='RUNNING'
2026-02-01 04:24:16,151 - freqtrade.worker - INFO - Bot heartbeat. PID=1, version='2026.1', state='RUNNING'
2026-02-01 04:25:01,642 - freqtrade.wallets - INFO - Wallets synced.
2026-02-01 04:25:01,839 - freqtrade.freqtradebot - INFO - Long signal found: about create a new trade for SENT/USDT with stake_amount: 332.43182142719996 and price: 0.03562 ...
2026-02-01 04:25:02,109 - freqtrade.freqtradebot - INFO - Order dry_run_buy_SENT/USDT_1769919901.842974 was created for SENT/USDT and status is open.
2026-02-01 04:25:02,138 - freqtrade.wallets - INFO - Wallets synced.
2026-02-01 04:25:02,139 - freqtrade.rpc.rpc_manager - INFO - Sending rpc message: {'trade_id': 3, 'type': entry, 'buy_tag': '', 'enter_tag': '', 'exchange': 'Binance', 'pair': 'SENT/USDT', 'leverage': 1.0, 'direction': 'Long', 'limit': 0.03562, 'order_rate': 0.03562, 'open_rate': 0.03562, 'order_type': 'limit', 'stake_amount': 332.43182142719996, 'stake_currency': 'USDT', 'base_currency': 'SENT', 'quote_currency': 'USDT', 'fiat_currency': 'USD', 'amount': 9332.0, 'open_date': datetime.datetime(2026, 2, 1, 4, 25, 2, 111337, tzinfo=datetime.timezone.utc), 'current_rate': 0.03562, 'sub_trade': False}
2026-02-01 04:25:06,267 - freqtrade.freqtradebot - INFO - Found open order for Trade(id=3, pair=SENT/USDT, amount=0, is_short=False, leverage=1, open_rate=0.03562, open_since=2026-02-01 04:25:02)
2026-02-01 04:25:11,274 - freqtrade.freqtradebot - INFO - Found open order for Trade(id=3, pair=SENT/USDT, amount=0, is_short=False, leverage=1, open_rate=0.03562, open_since=2026-02-01 04:25:02)
2026-02-01 04:25:16,266 - freqtrade.freqtradebot - INFO - Found open order for Trade(id=3, pair=SENT/USDT, amount=0, is_short=False, leverage=1, open_rate=0.03562, open_since=2026-02-01 04:25:02)
2026-02-01 04:25:21,008 - freqtrade.worker - INFO - Bot heartbeat. PID=1, version='2026.1', state='RUNNING'
2026-02-01 04:25:21,266 - freqtrade.freqtradebot - INFO - Found open order for Trade(id=3, pair=SENT/USDT, amount=0, is_short=False, leverage=1, open_rate=0.03562, open_since=2026-02-01 04:25:02)
2026-02-01 04:25:26,239 - freqtrade.freqtradebot - INFO - Found open order for Trade(id=3, pair=SENT/USDT, amount=0, is_short=False, leverage=1, open_rate=0.03562, open_since=2026-02-01 04:25:02)
2026-02-01 04:25:31,183 - freqtrade.freqtradebot - INFO - Found open order for Trade(id=3, pair=SENT/USDT, amount=0, is_short=False, leverage=1, open_rate=0.03562, open_since=2026-02-01 04:25:02)
2026-02-01 04:25:36,213 - freqtrade.freqtradebot - INFO - Found open order for Trade(id=3, pair=SENT/USDT, amount=0, is_short=False, leverage=1, open_rate=0.03562, open_since=2026-02-01 04:25:02)
2026-02-01 04:25:36,217 - freqtrade.freqtradebot - INFO - Fee for Trade Trade(id=3, pair=SENT/USDT, amount=0, is_short=False, leverage=1, open_rate=0.03562, open_since=2026-02-01 04:25:02) [buy]: 0.33240584 USDT - rate: 0.001
2026-02-01 04:25:36,218 - freqtrade.persistence.trade_model - INFO - Updating trade (id=3) ...
2026-02-01 04:25:36,219 - freqtrade.persistence.trade_model - INFO - LIMIT_BUY has been fulfilled for Trade(id=3, pair=SENT/USDT, amount=9332, is_short=False, leverage=1, open_rate=0.03562, open_since=2026-02-01 04:25:02).
2026-02-01 04:25:36,225 - freqtrade.wallets - INFO - Wallets synced.
2026-02-01 04:25:36,226 - freqtrade.rpc.rpc_manager - INFO - Sending rpc message: {'trade_id': 3, 'type': entry_fill, 'buy_tag': '', 'enter_tag': '', 'exchange': 'Binance', 'pair': 'SENT/USDT', 'leverage': 1.0, 'direction': 'Long', 'limit': 0.03562, 'order_rate': 0.03562, 'open_rate': 0.03562, 'order_type': 'limit', 'stake_amount': 332.40584, 'stake_currency': 'USDT', 'base_currency': 'SENT', 'quote_currency': 'USDT', 'fiat_currency': 'USD', 'amount': 9332.0, 'open_date': datetime.datetime(2026, 2, 1, 4, 25, 2, 111337, tzinfo=datetime.timezone.utc), 'current_rate': 0.03562, 'sub_trade': False}
2026-02-01 04:26:21,031 - freqtrade.worker - INFO - Bot heartbeat. PID=1, version='2026.1', state='RUNNING'
2026-02-01 04:27:21,062 - freqtrade.worker - INFO - Bot heartbeat. PID=1, version='2026.1', state='RUNNING'
2026-02-01 04:28:21,090 - freqtrade.worker - INFO - Bot heartbeat. PID=1, version='2026.1', state='RUNNING'
2026-02-01 04:29:21,129 - freqtrade.worker - INFO - Bot heartbeat. PID=1, version='2026.1', state='RUNNING'
2026-02-01 04:30:26,005 - freqtrade.worker - INFO - Bot heartbeat. PID=1, version='2026.1', state='RUNNING'
2026-02-01 04:31:26,025 - freqtrade.worker - INFO - Bot heartbeat. PID=1, version='2026.1', state='RUNNING'
2026-02-01 04:32:26,043 - freqtrade.worker - INFO - Bot heartbeat. PID=1, version='2026.1', state='RUNNING'
2026-02-01 04:33:26,068 - freqtrade.worker - INFO - Bot heartbeat. PID=1, version='2026.1', state='RUNNING'
2026-02-01 04:34:26,101 - freqtrade.worker - INFO - Bot heartbeat. PID=1, version='2026.1', state='RUNNING'
2026-02-01 04:35:31,011 - freqtrade.worker - INFO - Bot heartbeat. PID=1, version='2026.1', state='RUNNING'
2026-02-01 04:36:31,041 - freqtrade.worker - INFO - Bot heartbeat. PID=1, version='2026.1', state='RUNNING'
2026-02-01 04:37:31,072 - freqtrade.worker - INFO - Bot heartbeat. PID=1, version='2026.1', state='RUNNING'
2026-02-01 04:38:31,103 - freqtrade.worker - INFO - Bot heartbeat. PID=1, version='2026.1', state='RUNNING'
2026-02-01 04:39:31,142 - freqtrade.worker - INFO - Bot heartbeat. PID=1, version='2026.1', state='RUNNING'
2026-02-01 04:40:36,009 - freqtrade.worker - INFO - Bot heartbeat. PID=1, version='2026.1', state='RUNNING'
2026-02-01 04:41:36,038 - freqtrade.worker - INFO - Bot heartbeat. PID=1, version='2026.1', state='RUNNING'
2026-02-01 04:42:36,063 - freqtrade.worker - INFO - Bot heartbeat. PID=1, version='2026.1', state='RUNNING'
2026-02-01 04:43:36,085 - freqtrade.worker - INFO - Bot heartbeat. PID=1, version='2026.1', state='RUNNING'
2026-02-01 04:44:36,108 - freqtrade.worker - INFO - Bot heartbeat. PID=1, version='2026.1', state='RUNNING'
2026-02-01 04:45:41,011 - freqtrade.worker - INFO - Bot heartbeat. PID=1, version='2026.1', state='RUNNING'
2026-02-01 04:46:41,039 - freqtrade.worker - INFO - Bot heartbeat. PID=1, version='2026.1', state='RUNNING'
2026-02-01 04:47:41,066 - freqtrade.worker - INFO - Bot heartbeat. PID=1, version='2026.1', state='RUNNING'
2026-02-01 04:48:41,095 - freqtrade.worker - INFO - Bot heartbeat. PID=1, version='2026.1', state='RUNNING'
2026-02-01 04:49:41,134 - freqtrade.worker - INFO - Bot heartbeat. PID=1, version='2026.1', state='RUNNING'
2026-02-01 04:50:11,640 - VolumePairList - INFO - Pair BNB/USDT in your blacklist. Removing it from whitelist...
2026-02-01 04:50:11,669 - freqtrade.plugins.pairlistmanager - INFO - Whitelist with 20 pairs: ['BTC/USDT', 'ETH/USDT', 'USDC/USDT', 'SOL/USDT', 'XRP/USDT', 'USD1/USDT', 'DOGE/USDT', 'SENT/USDT', 'SUI/USDT', 'FDUSD/USDT', 'ADA/USDT', 'ZEC/USDT', 'PAXG/USDT', 'LINK/USDT', 'AVAX/USDT', 'LTC/USDT', 'TRX/USDT', 'ASTER/USDT', 'PEPE/USDT', 'ENA/USDT']
2026-02-01 04:50:46,018 - freqtrade.worker - INFO - Bot heartbeat. PID=1, version='2026.1', state='RUNNING'
2026-02-01 04:51:46,045 - freqtrade.worker - INFO - Bot heartbeat. PID=1, version='2026.1', state='RUNNING'
2026-02-01 04:52:46,090 - freqtrade.worker - INFO - Bot heartbeat. PID=1, version='2026.1', state='RUNNING'
2026-02-01 04:53:46,131 - freqtrade.worker - INFO - Bot heartbeat. PID=1, version='2026.1', state='RUNNING'
2026-02-01 04:54:46,161 - freqtrade.worker - INFO - Bot heartbeat. PID=1, version='2026.1', state='RUNNING'
2026-02-01 04:55:51,016 - freqtrade.worker - INFO - Bot heartbeat. PID=1, version='2026.1', state='RUNNING'
2026-02-01 04:56:51,041 - freqtrade.worker - INFO - Bot heartbeat. PID=1, version='2026.1', state='RUNNING'
2026-02-01 04:57:51,079 - freqtrade.worker - INFO - Bot heartbeat. PID=1, version='2026.1', state='RUNNING'
2026-02-01 04:58:51,124 - freqtrade.worker - INFO - Bot heartbeat. PID=1, version='2026.1', state='RUNNING'
2026-02-01 04:59:51,148 - freqtrade.worker - INFO - Bot heartbeat. PID=1, version='2026.1', state='RUNNING'
2026-02-01 05:00:56,013 - freqtrade.worker - INFO - Bot heartbeat. PID=1, version='2026.1', state='RUNNING'
2026-02-01 05:01:56,041 - freqtrade.worker - INFO - Bot heartbeat. PID=1, version='2026.1', state='RUNNING'
2026-02-01 05:02:56,074 - freqtrade.worker - INFO - Bot heartbeat. PID=1, version='2026.1', state='RUNNING'
2026-02-01 05:03:56,096 - freqtrade.worker - INFO - Bot heartbeat. PID=1, version='2026.1', state='RUNNING'
2026-02-01 05:04:56,127 - freqtrade.worker - INFO - Bot heartbeat. PID=1, version='2026.1', state='RUNNING'
2026-02-01 05:06:01,015 - freqtrade.worker - INFO - Bot heartbeat. PID=1, version='2026.1', state='RUNNING'
2026-02-01 05:07:01,046 - freqtrade.worker - INFO - Bot heartbeat. PID=1, version='2026.1', state='RUNNING'
2026-02-01 05:08:01,077 - freqtrade.worker - INFO - Bot heartbeat. PID=1, version='2026.1', state='RUNNING'
2026-02-01 05:09:01,109 - freqtrade.worker - INFO - Bot heartbeat. PID=1, version='2026.1', state='RUNNING'
2026-02-01 05:10:06,002 - freqtrade.worker - INFO - Bot heartbeat. PID=1, version='2026.1', state='RUNNING'
2026-02-01 05:11:06,023 - freqtrade.worker - INFO - Bot heartbeat. PID=1, version='2026.1', state='RUNNING'
2026-02-01 05:12:06,041 - freqtrade.worker - INFO - Bot heartbeat. PID=1, version='2026.1', state='RUNNING'
2026-02-01 05:13:06,069 - freqtrade.worker - INFO - Bot heartbeat. PID=1, version='2026.1', state='RUNNING'
2026-02-01 05:14:06,102 - freqtrade.worker - INFO - Bot heartbeat. PID=1, version='2026.1', state='RUNNING'
2026-02-01 05:15:01,667 - freqtrade.wallets - INFO - Wallets synced.
2026-02-01 05:15:01,809 - freqtrade.freqtradebot - INFO - Long signal found: about create a new trade for SUI/USDT with stake_amount: 332.43182142719996 and price: 1.1406 ...
2026-02-01 05:15:01,991 - freqtrade.freqtradebot - INFO - Order dry_run_buy_SUI/USDT_1769922901.812424 was created for SUI/USDT and status is open.
2026-02-01 05:15:02,006 - freqtrade.wallets - INFO - Wallets synced.
2026-02-01 05:15:02,007 - freqtrade.rpc.rpc_manager - INFO - Sending rpc message: {'trade_id': 4, 'type': entry, 'buy_tag': '', 'enter_tag': '', 'exchange': 'Binance', 'pair': 'SUI/USDT', 'leverage': 1.0, 'direction': 'Long', 'limit': 1.1406, 'order_rate': 1.1406, 'open_rate': 1.1406, 'order_type': 'limit', 'stake_amount': 332.43182142719996, 'stake_currency': 'USDT', 'base_currency': 'SUI', 'quote_currency': 'USDT', 'fiat_currency': 'USD', 'amount': 291.4, 'open_date': datetime.datetime(2026, 2, 1, 5, 15, 1, 992930, tzinfo=datetime.timezone.utc), 'current_rate': 1.1406, 'sub_trade': False}
2026-02-01 05:15:06,177 - freqtrade.freqtradebot - INFO - Found open order for Trade(id=4, pair=SUI/USDT, amount=0, is_short=False, leverage=1, open_rate=1.1406, open_since=2026-02-01 05:15:01)
2026-02-01 05:15:11,004 - freqtrade.worker - INFO - Bot heartbeat. PID=1, version='2026.1', state='RUNNING'
2026-02-01 05:15:11,250 - freqtrade.freqtradebot - INFO - Found open order for Trade(id=4, pair=SUI/USDT, amount=0, is_short=False, leverage=1, open_rate=1.1406, open_since=2026-02-01 05:15:01)
2026-02-01 05:15:16,225 - freqtrade.freqtradebot - INFO - Found open order for Trade(id=4, pair=SUI/USDT, amount=0, is_short=False, leverage=1, open_rate=1.1406, open_since=2026-02-01 05:15:01)
2026-02-01 05:15:21,243 - freqtrade.freqtradebot - INFO - Found open order for Trade(id=4, pair=SUI/USDT, amount=0, is_short=False, leverage=1, open_rate=1.1406, open_since=2026-02-01 05:15:01)
2026-02-01 05:15:26,472 - freqtrade.freqtradebot - INFO - Found open order for Trade(id=4, pair=SUI/USDT, amount=0, is_short=False, leverage=1, open_rate=1.1406, open_since=2026-02-01 05:15:01)
2026-02-01 05:15:31,415 - freqtrade.freqtradebot - INFO - Found open order for Trade(id=4, pair=SUI/USDT, amount=0, is_short=False, leverage=1, open_rate=1.1406, open_since=2026-02-01 05:15:01)
2026-02-01 05:15:36,507 - freqtrade.freqtradebot - INFO - Found open order for Trade(id=4, pair=SUI/USDT, amount=0, is_short=False, leverage=1, open_rate=1.1406, open_since=2026-02-01 05:15:01)
2026-02-01 05:15:41,211 - freqtrade.freqtradebot - INFO - Found open order for Trade(id=4, pair=SUI/USDT, amount=0, is_short=False, leverage=1, open_rate=1.1406, open_since=2026-02-01 05:15:01)
2026-02-01 05:15:46,256 - freqtrade.freqtradebot - INFO - Found open order for Trade(id=4, pair=SUI/USDT, amount=0, is_short=False, leverage=1, open_rate=1.1406, open_since=2026-02-01 05:15:01)
2026-02-01 05:15:51,470 - freqtrade.freqtradebot - INFO - Found open order for Trade(id=4, pair=SUI/USDT, amount=0, is_short=False, leverage=1, open_rate=1.1406, open_since=2026-02-01 05:15:01)
2026-02-01 05:15:56,215 - freqtrade.freqtradebot - INFO - Found open order for Trade(id=4, pair=SUI/USDT, amount=0, is_short=False, leverage=1, open_rate=1.1406, open_since=2026-02-01 05:15:01)
2026-02-01 05:16:01,260 - freqtrade.freqtradebot - INFO - Found open order for Trade(id=4, pair=SUI/USDT, amount=0, is_short=False, leverage=1, open_rate=1.1406, open_since=2026-02-01 05:15:01)
2026-02-01 05:16:06,199 - freqtrade.freqtradebot - INFO - Found open order for Trade(id=4, pair=SUI/USDT, amount=0, is_short=False, leverage=1, open_rate=1.1406, open_since=2026-02-01 05:15:01)
2026-02-01 05:16:11,035 - freqtrade.worker - INFO - Bot heartbeat. PID=1, version='2026.1', state='RUNNING'
2026-02-01 05:16:11,337 - freqtrade.freqtradebot - INFO - Found open order for Trade(id=4, pair=SUI/USDT, amount=0, is_short=False, leverage=1, open_rate=1.1406, open_since=2026-02-01 05:15:01)
2026-02-01 05:16:16,258 - freqtrade.freqtradebot - INFO - Found open order for Trade(id=4, pair=SUI/USDT, amount=0, is_short=False, leverage=1, open_rate=1.1406, open_since=2026-02-01 05:15:01)
2026-02-01 05:16:21,461 - freqtrade.freqtradebot - INFO - Found open order for Trade(id=4, pair=SUI/USDT, amount=0, is_short=False, leverage=1, open_rate=1.1406, open_since=2026-02-01 05:15:01)
2026-02-01 05:16:26,234 - freqtrade.freqtradebot - INFO - Found open order for Trade(id=4, pair=SUI/USDT, amount=0, is_short=False, leverage=1, open_rate=1.1406, open_since=2026-02-01 05:15:01)
2026-02-01 05:16:31,505 - freqtrade.freqtradebot - INFO - Found open order for Trade(id=4, pair=SUI/USDT, amount=0, is_short=False, leverage=1, open_rate=1.1406, open_since=2026-02-01 05:15:01)
2026-02-01 05:16:31,516 - freqtrade.freqtradebot - INFO - Fee for Trade Trade(id=4, pair=SUI/USDT, amount=0, is_short=False, leverage=1, open_rate=1.1406, open_since=2026-02-01 05:15:01) [buy]: 0.33237084 USDT - rate: 0.001
2026-02-01 05:16:31,518 - freqtrade.persistence.trade_model - INFO - Updating trade (id=4) ...
2026-02-01 05:16:31,518 - freqtrade.persistence.trade_model - INFO - LIMIT_BUY has been fulfilled for Trade(id=4, pair=SUI/USDT, amount=291.4, is_short=False, leverage=1, open_rate=1.1406, open_since=2026-02-01 05:15:01).
2026-02-01 05:16:31,525 - freqtrade.wallets - INFO - Wallets synced.
2026-02-01 05:16:31,527 - freqtrade.rpc.rpc_manager - INFO - Sending rpc message: {'trade_id': 4, 'type': entry_fill, 'buy_tag': '', 'enter_tag': '', 'exchange': 'Binance', 'pair': 'SUI/USDT', 'leverage': 1.0, 'direction': 'Long', 'limit': 1.1406, 'order_rate': 1.1406, 'open_rate': 1.1406, 'order_type': 'limit', 'stake_amount': 332.37084, 'stake_currency': 'USDT', 'base_currency': 'SUI', 'quote_currency': 'USDT', 'fiat_currency': 'USD', 'amount': 291.4, 'open_date': datetime.datetime(2026, 2, 1, 5, 15, 1, 992930, tzinfo=datetime.timezone.utc), 'current_rate': 1.1406, 'sub_trade': False}
2026-02-01 05:17:11,067 - freqtrade.worker - INFO - Bot heartbeat. PID=1, version='2026.1', state='RUNNING'
2026-02-01 05:18:11,100 - freqtrade.worker - INFO - Bot heartbeat. PID=1, version='2026.1', state='RUNNING'
2026-02-01 05:19:11,128 - freqtrade.worker - INFO - Bot heartbeat. PID=1, version='2026.1', state='RUNNING'
2026-02-01 05:20:16,004 - freqtrade.worker - INFO - Bot heartbeat. PID=1, version='2026.1', state='RUNNING'
2026-02-01 05:20:16,810 - freqtrade.plugins.pairlistmanager - INFO - Whitelist with 20 pairs: ['BTC/USDT', 'ETH/USDT', 'USDC/USDT', 'SOL/USDT', 'XRP/USDT', 'USD1/USDT', 'DOGE/USDT', 'SENT/USDT', 'SUI/USDT', 'FDUSD/USDT', 'ADA/USDT', 'ZEC/USDT', 'PAXG/USDT', 'LINK/USDT', 'AVAX/USDT', 'LTC/USDT', 'TRX/USDT', 'PEPE/USDT', 'ASTER/USDT', 'ENA/USDT']
2026-02-01 05:21:16,017 - freqtrade.worker - INFO - Bot heartbeat. PID=1, version='2026.1', state='RUNNING'
2026-02-01 05:22:16,039 - freqtrade.worker - INFO - Bot heartbeat. PID=1, version='2026.1', state='RUNNING'
2026-02-01 05:23:16,070 - freqtrade.worker - INFO - Bot heartbeat. PID=1, version='2026.1', state='RUNNING'
2026-02-01 05:24:16,099 - freqtrade.worker - INFO - Bot heartbeat. PID=1, version='2026.1', state='RUNNING'
2026-02-01 05:25:21,007 - freqtrade.worker - INFO - Bot heartbeat. PID=1, version='2026.1', state='RUNNING'
2026-02-01 05:26:21,044 - freqtrade.worker - INFO - Bot heartbeat. PID=1, version='2026.1', state='RUNNING'
2026-02-01 05:27:21,077 - freqtrade.worker - INFO - Bot heartbeat. PID=1, version='2026.1', state='RUNNING'
2026-02-01 05:27:51,270 - freqtrade.freqtradebot - INFO - Exit for PAXG/USDT detected. Reason: roi
2026-02-01 05:27:51,280 - freqtrade.wallets - INFO - Wallets synced.
2026-02-01 05:27:51,430 - freqtrade.rpc.rpc_manager - INFO - Sending rpc message: {'type': exit, 'trade_id': 1, 'exchange': 'Binance', 'pair': 'PAXG/USDT', 'leverage': 1.0, 'direction': 'Long', 'gain': 'profit', 'limit': 4884.02, 'order_rate': 4884.02, 'order_type': 'limit', 'amount': 0.0683, 'open_rate': 4825.85, 'close_rate': 4884.02, 'current_rate': 4884.02, 'profit_amount': 3.30982688, 'profit_ratio': 0.01003175, 'buy_tag': '', 'enter_tag': '', 'exit_reason': 'roi', 'open_date': datetime.datetime(2026, 1, 31, 23, 0, 1, 782700, tzinfo=datetime.timezone.utc), 'close_date': datetime.datetime(2026, 2, 1, 5, 27, 51, 430201, tzinfo=datetime.timezone.utc), 'stake_amount': 329.605555, 'stake_currency': 'USDT', 'base_currency': 'PAXG', 'quote_currency': 'USDT', 'fiat_currency': 'USD', 'sub_trade': False, 'cumulative_profit': 0.0, 'final_profit_ratio': None, 'is_final_exit': False}
2026-02-01 05:27:51,789 - freqtrade.wallets - INFO - Wallets synced.
2026-02-01 05:27:56,387 - freqtrade.freqtradebot - INFO - Found open order for Trade(id=1, pair=PAXG/USDT, amount=0.0683, is_short=False, leverage=1, open_rate=4825.85, open_since=2026-01-31 23:00:01)
2026-02-01 05:27:56,402 - freqtrade.freqtradebot - INFO - Fee for Trade Trade(id=1, pair=PAXG/USDT, amount=0.0683, is_short=False, leverage=1, open_rate=4825.85, open_since=2026-01-31 23:00:01) [sell]: 0.33357857 USDT - rate: 0.001
2026-02-01 05:27:56,403 - freqtrade.persistence.trade_model - INFO - Updating trade (id=1) ...
2026-02-01 05:27:56,404 - freqtrade.persistence.trade_model - INFO - LIMIT_SELL has been fulfilled for Trade(id=1, pair=PAXG/USDT, amount=0.0683, is_short=False, leverage=1, open_rate=4825.85, open_since=2026-01-31 23:00:01).
2026-02-01 05:27:56,417 - freqtrade.persistence.trade_model - INFO - Marking Trade(id=1, pair=PAXG/USDT, amount=0.0683, is_short=False, leverage=1, open_rate=4825.85, open_since=closed) as closed as the trade is fulfilled and found no open orders for it.
2026-02-01 05:27:56,428 - freqtrade.wallets - INFO - Wallets synced.
2026-02-01 05:27:56,430 - freqtrade.rpc.rpc_manager - INFO - Sending rpc message: {'type': exit_fill, 'trade_id': 1, 'exchange': 'Binance', 'pair': 'PAXG/USDT', 'leverage': 1.0, 'direction': 'Long', 'gain': 'profit', 'limit': 4884.02, 'order_rate': 4884.02, 'order_type': 'limit', 'amount': 0.0683, 'open_rate': 4825.85, 'close_rate': 4884.02, 'current_rate': None, 'profit_amount': 3.30982688, 'profit_ratio': 0.01003175, 'buy_tag': '', 'enter_tag': '', 'exit_reason': 'roi', 'open_date': datetime.datetime(2026, 1, 31, 23, 0, 1, 782700, tzinfo=datetime.timezone.utc), 'close_date': datetime.datetime(2026, 2, 1, 5, 27, 56, 395000, tzinfo=datetime.timezone.utc), 'stake_amount': 329.605555, 'stake_currency': 'USDT', 'base_currency': 'PAXG', 'quote_currency': 'USDT', 'fiat_currency': 'USD', 'sub_trade': False, 'cumulative_profit': 3.30982688, 'final_profit_ratio': 0.010031749494150243, 'is_final_exit': True}
2026-02-01 05:28:21,105 - freqtrade.worker - INFO - Bot heartbeat. PID=1, version='2026.1', state='RUNNING'
2026-02-01 05:29:21,141 - freqtrade.worker - INFO - Bot heartbeat. PID=1, version='2026.1', state='RUNNING'
2026-02-01 05:30:26,011 - freqtrade.worker - INFO - Bot heartbeat. PID=1, version='2026.1', state='RUNNING'
2026-02-01 05:31:26,044 - freqtrade.worker - INFO - Bot heartbeat. PID=1, version='2026.1', state='RUNNING'
2026-02-01 05:32:26,071 - freqtrade.worker - INFO - Bot heartbeat. PID=1, version='2026.1', state='RUNNING'
2026-02-01 05:33:26,101 - freqtrade.worker - INFO - Bot heartbeat. PID=1, version='2026.1', state='RUNNING'
2026-02-01 05:34:26,139 - freqtrade.worker - INFO - Bot heartbeat. PID=1, version='2026.1', state='RUNNING'
2026-02-01 05:35:31,006 - freqtrade.worker - INFO - Bot heartbeat. PID=1, version='2026.1', state='RUNNING'
2026-02-01 05:36:31,044 - freqtrade.worker - INFO - Bot heartbeat. PID=1, version='2026.1', state='RUNNING'
2026-02-01 05:37:31,073 - freqtrade.worker - INFO - Bot heartbeat. PID=1, version='2026.1', state='RUNNING'
2026-02-01 05:38:31,103 - freqtrade.worker - INFO - Bot heartbeat. PID=1, version='2026.1', state='RUNNING'
2026-02-01 05:39:31,139 - freqtrade.worker - INFO - Bot heartbeat. PID=1, version='2026.1', state='RUNNING'
2026-02-01 05:40:36,009 - freqtrade.worker - INFO - Bot heartbeat. PID=1, version='2026.1', state='RUNNING'
2026-02-01 05:41:36,042 - freqtrade.worker - INFO - Bot heartbeat. PID=1, version='2026.1', state='RUNNING'
2026-02-01 05:42:36,070 - freqtrade.worker - INFO - Bot heartbeat. PID=1, version='2026.1', state='RUNNING'
2026-02-01 05:43:36,107 - freqtrade.worker - INFO - Bot heartbeat. PID=1, version='2026.1', state='RUNNING'
2026-02-01 05:44:36,130 - freqtrade.worker - INFO - Bot heartbeat. PID=1, version='2026.1', state='RUNNING'
2026-02-01 05:45:41,013 - freqtrade.worker - INFO - Bot heartbeat. PID=1, version='2026.1', state='RUNNING'
2026-02-01 05:46:41,041 - freqtrade.worker - INFO - Bot heartbeat. PID=1, version='2026.1', state='RUNNING'
2026-02-01 05:47:00,373 - uvicorn.error - INFO - 172.18.0.1:62014 - "WebSocket /api/v1/message/ws?token=eyJhbGciOiJIUzI1NiIsInR5cCI6IkpXVCJ9.eyJpZGVudGl0eSI6eyJ1IjoiZnJlcXRyYWRlciJ9LCJleHAiOjE3Njk5MjQ5NjksImlhdCI6MTc2OTkyNDA2OSwidHlwZSI6ImFjY2VzcyJ9.OC83XfvCTskQ1euIok3_kxn5De2-JNWxHwELlyzzgto" [accepted]
2026-02-01 05:47:00,385 - freqtrade.rpc.api_server.ws.channel - INFO - Connected to channel - WebSocketChannel(d03aed83, ('172.18.0.1', 62014))
2026-02-01 05:47:00,400 - uvicorn.error - INFO - connection open
2026-02-01 05:47:00,594 - uvicorn.error - INFO - 172.18.0.1:62060 - "WebSocket /api/v1/message/ws?token=eyJhbGciOiJIUzI1NiIsInR5cCI6IkpXVCJ9.eyJpZGVudGl0eSI6eyJ1IjoiZnJlcXRyYWRlciJ9LCJleHAiOjE3Njk5MjQ5NjksImlhdCI6MTc2OTkyNDA2OSwidHlwZSI6ImFjY2VzcyJ9.OC83XfvCTskQ1euIok3_kxn5De2-JNWxHwELlyzzgto" [accepted]
2026-02-01 05:47:00,610 - freqtrade.rpc.api_server.ws.channel - INFO - Connected to channel - WebSocketChannel(dc6b211d, ('172.18.0.1', 62060))
2026-02-01 05:47:00,627 - uvicorn.error - INFO - connection open
2026-02-01 05:47:10,966 - uvicorn.error - INFO - connection closed
2026-02-01 05:47:10,974 - uvicorn.error - INFO - connection closed
2026-02-01 05:47:10,983 - freqtrade.rpc.api_server.ws.channel - INFO - Disconnected from channel - WebSocketChannel(dc6b211d, ('172.18.0.1', 62060))
2026-02-01 05:47:10,986 - freqtrade.rpc.api_server.ws.channel - INFO - Disconnected from channel - WebSocketChannel(d03aed83, ('172.18.0.1', 62014))
2026-02-01 05:47:11,189 - uvicorn.error - INFO - 172.18.0.1:63594 - "WebSocket /api/v1/message/ws?token=eyJhbGciOiJIUzI1NiIsInR5cCI6IkpXVCJ9.eyJpZGVudGl0eSI6eyJ1IjoiZnJlcXRyYWRlciJ9LCJleHAiOjE3Njk5MjQ5NjksImlhdCI6MTc2OTkyNDA2OSwidHlwZSI6ImFjY2VzcyJ9.OC83XfvCTskQ1euIok3_kxn5De2-JNWxHwELlyzzgto" [accepted]
2026-02-01 05:47:11,198 - freqtrade.rpc.api_server.ws.channel - INFO - Connected to channel - WebSocketChannel(86f5f9da, ('172.18.0.1', 63594))
2026-02-01 05:47:11,202 - uvicorn.error - INFO - connection open
2026-02-01 05:47:41,078 - freqtrade.worker - INFO - Bot heartbeat. PID=1, version='2026.1', state='RUNNING'
2026-02-01 05:48:41,104 - freqtrade.worker - INFO - Bot heartbeat. PID=1, version='2026.1', state='RUNNING'
2026-02-01 05:49:41,149 - freqtrade.worker - INFO - Bot heartbeat. PID=1, version='2026.1', state='RUNNING'
2026-02-01 05:50:21,828 - VolumePairList - INFO - Pair BNB/USDT in your blacklist. Removing it from whitelist...
2026-02-01 05:50:46,022 - freqtrade.worker - INFO - Bot heartbeat. PID=1, version='2026.1', state='RUNNING'
2026-02-01 05:51:31,485 - freqtrade.freqtradebot - INFO - Exit for SENT/USDT detected. Reason: roi
2026-02-01 05:51:31,499 - freqtrade.wallets - INFO - Wallets synced.
2026-02-01 05:51:31,724 - freqtrade.rpc.rpc_manager - INFO - Sending rpc message: {'type': exit, 'trade_id': 3, 'exchange': 'Binance', 'pair': 'SENT/USDT', 'leverage': 1.0, 'direction': 'Long', 'gain': 'profit', 'limit': 0.03605, 'order_rate': 0.03605, 'order_type': 'limit', 'amount': 9332.0, 'open_rate': 0.03562, 'close_rate': 0.03605, 'current_rate': 0.03605, 'profit_amount': 3.34393556, 'profit_ratio': 0.01004975, 'buy_tag': '', 'enter_tag': '', 'exit_reason': 'roi', 'open_date': datetime.datetime(2026, 2, 1, 4, 25, 2, 111337, tzinfo=datetime.timezone.utc), 'close_date': datetime.datetime(2026, 2, 1, 5, 51, 31, 723949, tzinfo=datetime.timezone.utc), 'stake_amount': 332.40584, 'stake_currency': 'USDT', 'base_currency': 'SENT', 'quote_currency': 'USDT', 'fiat_currency': 'USD', 'sub_trade': False, 'cumulative_profit': 0.0, 'final_profit_ratio': None, 'is_final_exit': False}
2026-02-01 05:51:31,880 - freqtrade.wallets - INFO - Wallets synced.
2026-02-01 05:51:36,223 - freqtrade.freqtradebot - INFO - Found open order for Trade(id=3, pair=SENT/USDT, amount=9332, is_short=False, leverage=1, open_rate=0.03562, open_since=2026-02-01 04:25:02)
2026-02-01 05:51:41,244 - freqtrade.freqtradebot - INFO - Found open order for Trade(id=3, pair=SENT/USDT, amount=9332, is_short=False, leverage=1, open_rate=0.03562, open_since=2026-02-01 04:25:02)
2026-02-01 05:51:46,060 - freqtrade.worker - INFO - Bot heartbeat. PID=1, version='2026.1', state='RUNNING'
2026-02-01 05:51:46,269 - freqtrade.freqtradebot - INFO - Found open order for Trade(id=3, pair=SENT/USDT, amount=9332, is_short=False, leverage=1, open_rate=0.03562, open_since=2026-02-01 04:25:02)
2026-02-01 05:51:51,232 - freqtrade.freqtradebot - INFO - Found open order for Trade(id=3, pair=SENT/USDT, amount=9332, is_short=False, leverage=1, open_rate=0.03562, open_since=2026-02-01 04:25:02)
2026-02-01 05:51:56,367 - freqtrade.freqtradebot - INFO - Found open order for Trade(id=3, pair=SENT/USDT, amount=9332, is_short=False, leverage=1, open_rate=0.03562, open_since=2026-02-01 04:25:02)
2026-02-01 05:52:01,298 - freqtrade.freqtradebot - INFO - Found open order for Trade(id=3, pair=SENT/USDT, amount=9332, is_short=False, leverage=1, open_rate=0.03562, open_since=2026-02-01 04:25:02)
2026-02-01 05:52:06,327 - freqtrade.freqtradebot - INFO - Found open order for Trade(id=3, pair=SENT/USDT, amount=9332, is_short=False, leverage=1, open_rate=0.03562, open_since=2026-02-01 04:25:02)
2026-02-01 05:52:11,279 - freqtrade.freqtradebot - INFO - Found open order for Trade(id=3, pair=SENT/USDT, amount=9332, is_short=False, leverage=1, open_rate=0.03562, open_since=2026-02-01 04:25:02)
2026-02-01 05:52:11,291 - freqtrade.freqtradebot - INFO - Fee for Trade Trade(id=3, pair=SENT/USDT, amount=9332, is_short=False, leverage=1, open_rate=0.03562, open_since=2026-02-01 04:25:02) [sell]: 0.3364186 USDT - rate: 0.001
2026-02-01 05:52:11,293 - freqtrade.persistence.trade_model - INFO - Updating trade (id=3) ...
2026-02-01 05:52:11,294 - freqtrade.persistence.trade_model - INFO - LIMIT_SELL has been fulfilled for Trade(id=3, pair=SENT/USDT, amount=9332, is_short=False, leverage=1, open_rate=0.03562, open_since=2026-02-01 04:25:02).
2026-02-01 05:52:11,296 - freqtrade.persistence.trade_model - INFO - Marking Trade(id=3, pair=SENT/USDT, amount=9332, is_short=False, leverage=1, open_rate=0.03562, open_since=closed) as closed as the trade is fulfilled and found no open orders for it.
2026-02-01 05:52:11,302 - freqtrade.wallets - INFO - Wallets synced.
2026-02-01 05:52:11,306 - freqtrade.rpc.rpc_manager - INFO - Sending rpc message: {'type': exit_fill, 'trade_id': 3, 'exchange': 'Binance', 'pair': 'SENT/USDT', 'leverage': 1.0, 'direction': 'Long', 'gain': 'profit', 'limit': 0.03605, 'order_rate': 0.03605, 'order_type': 'limit', 'amount': 9332.0, 'open_rate': 0.03562, 'close_rate': 0.03605, 'current_rate': None, 'profit_amount': 3.34393556, 'profit_ratio': 0.01004975, 'buy_tag': '', 'enter_tag': '', 'exit_reason': 'roi', 'open_date': datetime.datetime(2026, 2, 1, 4, 25, 2, 111337, tzinfo=datetime.timezone.utc), 'close_date': datetime.datetime(2026, 2, 1, 5, 52, 11, 287000, tzinfo=datetime.timezone.utc), 'stake_amount': 332.40584, 'stake_currency': 'USDT', 'base_currency': 'SENT', 'quote_currency': 'USDT', 'fiat_currency': 'USD', 'sub_trade': False, 'cumulative_profit': 3.34393556, 'final_profit_ratio': 0.01004974811824896, 'is_final_exit': True}
2026-02-01 05:52:46,079 - freqtrade.worker - INFO - Bot heartbeat. PID=1, version='2026.1', state='RUNNING'
2026-02-01 05:53:46,115 - freqtrade.worker - INFO - Bot heartbeat. PID=1, version='2026.1', state='RUNNING'
2026-02-01 05:54:46,158 - freqtrade.worker - INFO - Bot heartbeat. PID=1, version='2026.1', state='RUNNING'
2026-02-01 05:55:51,016 - freqtrade.worker - INFO - Bot heartbeat. PID=1, version='2026.1', state='RUNNING'
2026-02-01 05:56:51,048 - freqtrade.worker - INFO - Bot heartbeat. PID=1, version='2026.1', state='RUNNING'
2026-02-01 05:57:51,070 - freqtrade.worker - INFO - Bot heartbeat. PID=1, version='2026.1', state='RUNNING'
2026-02-01 05:58:51,110 - freqtrade.worker - INFO - Bot heartbeat. PID=1, version='2026.1', state='RUNNING'
2026-02-01 05:59:51,149 - freqtrade.worker - INFO - Bot heartbeat. PID=1, version='2026.1', state='RUNNING'
2026-02-01 06:00:56,017 - freqtrade.worker - INFO - Bot heartbeat. PID=1, version='2026.1', state='RUNNING'
2026-02-01 06:01:56,054 - freqtrade.worker - INFO - Bot heartbeat. PID=1, version='2026.1', state='RUNNING'
2026-02-01 06:02:56,102 - freqtrade.worker - INFO - Bot heartbeat. PID=1, version='2026.1', state='RUNNING'
2026-02-01 06:03:56,133 - freqtrade.worker - INFO - Bot heartbeat. PID=1, version='2026.1', state='RUNNING'
2026-02-01 06:04:56,155 - freqtrade.worker - INFO - Bot heartbeat. PID=1, version='2026.1', state='RUNNING'
2026-02-01 06:06:01,031 - freqtrade.worker - INFO - Bot heartbeat. PID=1, version='2026.1', state='RUNNING'
2026-02-01 06:07:01,072 - freqtrade.worker - INFO - Bot heartbeat. PID=1, version='2026.1', state='RUNNING'
2026-02-01 06:08:01,112 - freqtrade.worker - INFO - Bot heartbeat. PID=1, version='2026.1', state='RUNNING'
2026-02-01 06:09:01,154 - freqtrade.worker - INFO - Bot heartbeat. PID=1, version='2026.1', state='RUNNING'
2026-02-01 06:10:06,002 - freqtrade.worker - INFO - Bot heartbeat. PID=1, version='2026.1', state='RUNNING'
2026-02-01 06:11:06,053 - freqtrade.worker - INFO - Bot heartbeat. PID=1, version='2026.1', state='RUNNING'
2026-02-01 06:12:06,091 - freqtrade.worker - INFO - Bot heartbeat. PID=1, version='2026.1', state='RUNNING'
2026-02-01 06:13:06,124 - freqtrade.worker - INFO - Bot heartbeat. PID=1, version='2026.1', state='RUNNING'
2026-02-01 06:14:06,154 - freqtrade.worker - INFO - Bot heartbeat. PID=1, version='2026.1', state='RUNNING'
2026-02-01 06:15:11,009 - freqtrade.worker - INFO - Bot heartbeat. PID=1, version='2026.1', state='RUNNING'
2026-02-01 06:16:11,047 - freqtrade.worker - INFO - Bot heartbeat. PID=1, version='2026.1', state='RUNNING'
2026-02-01 06:17:11,076 - freqtrade.worker - INFO - Bot heartbeat. PID=1, version='2026.1', state='RUNNING'
2026-02-01 06:18:11,210 - freqtrade.worker - INFO - Bot heartbeat. PID=1, version='2026.1', state='RUNNING'
2026-02-01 06:19:11,347 - freqtrade.worker - INFO - Bot heartbeat. PID=1, version='2026.1', state='RUNNING'
2026-02-01 06:20:16,004 - freqtrade.worker - INFO - Bot heartbeat. PID=1, version='2026.1', state='RUNNING'
2026-02-01 06:20:21,081 - freqtrade.plugins.pairlistmanager - INFO - Whitelist with 20 pairs: ['BTC/USDT', 'ETH/USDT', 'USDC/USDT', 'SOL/USDT', 'XRP/USDT', 'USD1/USDT', 'DOGE/USDT', 'SENT/USDT', 'SUI/USDT', 'FDUSD/USDT', 'ADA/USDT', 'ZEC/USDT', 'PAXG/USDT', 'LINK/USDT', 'AVAX/USDT', 'LTC/USDT', 'TRX/USDT', 'PEPE/USDT', 'ASTER/USDT', 'ENA/USDT']
2026-02-01 06:21:16,044 - freqtrade.worker - INFO - Bot heartbeat. PID=1, version='2026.1', state='RUNNING'
2026-02-01 06:22:16,089 - freqtrade.worker - INFO - Bot heartbeat. PID=1, version='2026.1', state='RUNNING'
2026-02-01 06:23:16,124 - freqtrade.worker - INFO - Bot heartbeat. PID=1, version='2026.1', state='RUNNING'
2026-02-01 06:24:16,150 - freqtrade.worker - INFO - Bot heartbeat. PID=1, version='2026.1', state='RUNNING'
2026-02-01 06:25:21,006 - freqtrade.worker - INFO - Bot heartbeat. PID=1, version='2026.1', state='RUNNING'
2026-02-01 06:26:21,041 - freqtrade.worker - INFO - Bot heartbeat. PID=1, version='2026.1', state='RUNNING'
2026-02-01 06:27:21,075 - freqtrade.worker - INFO - Bot heartbeat. PID=1, version='2026.1', state='RUNNING'
2026-02-01 06:28:21,139 - freqtrade.worker - INFO - Bot heartbeat. PID=1, version='2026.1', state='RUNNING'
2026-02-01 06:29:21,165 - freqtrade.worker - INFO - Bot heartbeat. PID=1, version='2026.1', state='RUNNING'
2026-02-01 06:30:26,012 - freqtrade.worker - INFO - Bot heartbeat. PID=1, version='2026.1', state='RUNNING'
2026-02-01 06:31:26,042 - freqtrade.worker - INFO - Bot heartbeat. PID=1, version='2026.1', state='RUNNING'
2026-02-01 06:32:26,075 - freqtrade.worker - INFO - Bot heartbeat. PID=1, version='2026.1', state='RUNNING'
2026-02-01 06:33:26,121 - freqtrade.worker - INFO - Bot heartbeat. PID=1, version='2026.1', state='RUNNING'
2026-02-01 06:34:26,166 - freqtrade.worker - INFO - Bot heartbeat. PID=1, version='2026.1', state='RUNNING'
2026-02-01 06:35:31,015 - freqtrade.worker - INFO - Bot heartbeat. PID=1, version='2026.1', state='RUNNING'
2026-02-01 06:36:31,047 - freqtrade.worker - INFO - Bot heartbeat. PID=1, version='2026.1', state='RUNNING'
2026-02-01 06:37:31,087 - freqtrade.worker - INFO - Bot heartbeat. PID=1, version='2026.1', state='RUNNING'
2026-02-01 06:38:31,113 - freqtrade.worker - INFO - Bot heartbeat. PID=1, version='2026.1', state='RUNNING'
2026-02-01 06:39:31,147 - freqtrade.worker - INFO - Bot heartbeat. PID=1, version='2026.1', state='RUNNING'
2026-02-01 06:40:36,010 - freqtrade.worker - INFO - Bot heartbeat. PID=1, version='2026.1', state='RUNNING'
2026-02-01 06:41:36,038 - freqtrade.worker - INFO - Bot heartbeat. PID=1, version='2026.1', state='RUNNING'
2026-02-01 06:42:36,130 - freqtrade.worker - INFO - Bot heartbeat. PID=1, version='2026.1', state='RUNNING'
2026-02-01 06:43:36,163 - freqtrade.worker - INFO - Bot heartbeat. PID=1, version='2026.1', state='RUNNING'
2026-02-01 06:44:36,198 - freqtrade.worker - INFO - Bot heartbeat. PID=1, version='2026.1', state='RUNNING'
2026-02-01 06:45:41,017 - freqtrade.worker - INFO - Bot heartbeat. PID=1, version='2026.1', state='RUNNING'
2026-02-01 06:46:41,046 - freqtrade.worker - INFO - Bot heartbeat. PID=1, version='2026.1', state='RUNNING'
2026-02-01 06:47:41,093 - freqtrade.worker - INFO - Bot heartbeat. PID=1, version='2026.1', state='RUNNING'
2026-02-01 06:48:41,125 - freqtrade.worker - INFO - Bot heartbeat. PID=1, version='2026.1', state='RUNNING'
2026-02-01 06:49:41,163 - freqtrade.worker - INFO - Bot heartbeat. PID=1, version='2026.1', state='RUNNING'
2026-02-01 06:50:31,579 - VolumePairList - INFO - Pair BNB/USDT in your blacklist. Removing it from whitelist...
2026-02-01 06:50:31,624 - freqtrade.plugins.pairlistmanager - INFO - Whitelist with 20 pairs: ['BTC/USDT', 'ETH/USDT', 'USDC/USDT', 'SOL/USDT', 'XRP/USDT', 'USD1/USDT', 'DOGE/USDT', 'SENT/USDT', 'SUI/USDT', 'FDUSD/USDT', 'ZEC/USDT', 'ADA/USDT', 'PAXG/USDT', 'LINK/USDT', 'AVAX/USDT', 'LTC/USDT', 'TRX/USDT', 'ASTER/USDT', 'PEPE/USDT', 'ENA/USDT']
2026-02-01 06:50:46,021 - freqtrade.worker - INFO - Bot heartbeat. PID=1, version='2026.1', state='RUNNING'
2026-02-01 06:51:46,077 - freqtrade.worker - INFO - Bot heartbeat. PID=1, version='2026.1', state='RUNNING'
2026-02-01 06:52:46,134 - freqtrade.worker - INFO - Bot heartbeat. PID=1, version='2026.1', state='RUNNING'
2026-02-01 06:53:46,183 - freqtrade.worker - INFO - Bot heartbeat. PID=1, version='2026.1', state='RUNNING'
2026-02-01 06:54:46,236 - freqtrade.worker - INFO - Bot heartbeat. PID=1, version='2026.1', state='RUNNING'
2026-02-01 06:55:51,030 - freqtrade.worker - INFO - Bot heartbeat. PID=1, version='2026.1', state='RUNNING'
2026-02-01 06:56:51,065 - freqtrade.worker - INFO - Bot heartbeat. PID=1, version='2026.1', state='RUNNING'
2026-02-01 06:57:51,111 - freqtrade.worker - INFO - Bot heartbeat. PID=1, version='2026.1', state='RUNNING'
2026-02-01 06:58:51,139 - freqtrade.worker - INFO - Bot heartbeat. PID=1, version='2026.1', state='RUNNING'
2026-02-01 06:59:51,174 - freqtrade.worker - INFO - Bot heartbeat. PID=1, version='2026.1', state='RUNNING'
2026-02-01 07:00:56,027 - freqtrade.worker - INFO - Bot heartbeat. PID=1, version='2026.1', state='RUNNING'
2026-02-01 07:01:56,068 - freqtrade.worker - INFO - Bot heartbeat. PID=1, version='2026.1', state='RUNNING'
2026-02-01 07:02:56,611 - freqtrade.worker - INFO - Bot heartbeat. PID=1, version='2026.1', state='RUNNING'
2026-02-01 07:03:56,801 - freqtrade.worker - INFO - Bot heartbeat. PID=1, version='2026.1', state='RUNNING'
2026-02-01 07:04:56,859 - freqtrade.worker - INFO - Bot heartbeat. PID=1, version='2026.1', state='RUNNING'
2026-02-01 07:06:01,036 - freqtrade.worker - INFO - Bot heartbeat. PID=1, version='2026.1', state='RUNNING'
2026-02-01 07:07:01,114 - freqtrade.worker - INFO - Bot heartbeat. PID=1, version='2026.1', state='RUNNING'
2026-02-01 07:08:01,509 - freqtrade.worker - INFO - Bot heartbeat. PID=1, version='2026.1', state='RUNNING'
2026-02-01 07:09:04,885 - freqtrade.worker - INFO - Bot heartbeat. PID=1, version='2026.1', state='RUNNING'
2026-02-01 07:10:06,427 - freqtrade.worker - INFO - Bot heartbeat. PID=1, version='2026.1', state='RUNNING'
2026-02-01 07:11:06,669 - freqtrade.worker - INFO - Bot heartbeat. PID=1, version='2026.1', state='RUNNING'
2026-02-01 07:12:08,498 - freqtrade.worker - INFO - Bot heartbeat. PID=1, version='2026.1', state='RUNNING'
2026-02-01 07:13:09,003 - freqtrade.worker - INFO - Bot heartbeat. PID=1, version='2026.1', state='RUNNING'
2026-02-01 07:14:09,071 - freqtrade.worker - INFO - Bot heartbeat. PID=1, version='2026.1', state='RUNNING'
2026-02-01 07:15:18,225 - freqtrade.worker - INFO - Bot heartbeat. PID=1, version='2026.1', state='RUNNING'
2026-02-01 07:16:22,743 - freqtrade.worker - INFO - Bot heartbeat. PID=1, version='2026.1', state='RUNNING'
2026-02-01 07:17:22,864 - freqtrade.worker - INFO - Bot heartbeat. PID=1, version='2026.1', state='RUNNING'
2026-02-01 07:18:22,905 - freqtrade.worker - INFO - Bot heartbeat. PID=1, version='2026.1', state='RUNNING'
2026-02-01 07:19:22,950 - freqtrade.worker - INFO - Bot heartbeat. PID=1, version='2026.1', state='RUNNING'
2026-02-01 07:20:27,083 - freqtrade.worker - INFO - Bot heartbeat. PID=1, version='2026.1', state='RUNNING'
2026-02-01 07:21:28,139 - freqtrade.worker - INFO - Bot heartbeat. PID=1, version='2026.1', state='RUNNING'
2026-02-01 07:22:28,325 - freqtrade.worker - INFO - Bot heartbeat. PID=1, version='2026.1', state='RUNNING'
2026-02-01 07:23:28,612 - freqtrade.worker - INFO - Bot heartbeat. PID=1, version='2026.1', state='RUNNING'
2026-02-01 07:24:28,727 - freqtrade.worker - INFO - Bot heartbeat. PID=1, version='2026.1', state='RUNNING'
2026-02-01 07:25:21,925 - freqtrade.wallets - INFO - Wallets synced.
2026-02-01 07:25:22,493 - freqtrade.freqtradebot - INFO - Long signal found: about create a new trade for BTC/USDT with stake_amount: 334.6275630324001 and price: 78114.33 ...
2026-02-01 07:25:22,758 - freqtrade.freqtradebot - INFO - Order dry_run_buy_BTC/USDT_1769930722.529622 was created for BTC/USDT and status is open.
2026-02-01 07:25:22,964 - freqtrade.wallets - INFO - Wallets synced.
2026-02-01 07:25:22,981 - freqtrade.rpc.rpc_manager - INFO - Sending rpc message: {'trade_id': 5, 'type': entry, 'buy_tag': '', 'enter_tag': '', 'exchange': 'Binance', 'pair': 'BTC/USDT', 'leverage': 1.0, 'direction': 'Long', 'limit': 78114.33, 'order_rate': 78114.33, 'open_rate': 78114.33, 'order_type': 'limit', 'stake_amount': 334.6275630324001, 'stake_currency': 'USDT', 'base_currency': 'BTC', 'quote_currency': 'USDT', 'fiat_currency': 'USD', 'amount': 0.00428, 'open_date': datetime.datetime(2026, 2, 1, 7, 25, 22, 773173, tzinfo=datetime.timezone.utc), 'current_rate': 78114.33, 'sub_trade': False}
2026-02-01 07:25:24,031 - freqtrade.freqtradebot - INFO - Found open order for Trade(id=5, pair=BTC/USDT, amount=0, is_short=False, leverage=1, open_rate=78114.33, open_since=2026-02-01 07:25:22)
2026-02-01 07:25:32,067 - freqtrade.freqtradebot - INFO - Found open order for Trade(id=5, pair=BTC/USDT, amount=0, is_short=False, leverage=1, open_rate=78114.33, open_since=2026-02-01 07:25:22)
2026-02-01 07:25:33,720 - freqtrade.worker - INFO - Bot heartbeat. PID=1, version='2026.1', state='RUNNING'
2026-02-01 07:25:39,655 - freqtrade.freqtradebot - INFO - Found open order for Trade(id=5, pair=BTC/USDT, amount=0, is_short=False, leverage=1, open_rate=78114.33, open_since=2026-02-01 07:25:22)
2026-02-01 07:25:42,186 - freqtrade.freqtradebot - INFO - Found open order for Trade(id=5, pair=BTC/USDT, amount=0, is_short=False, leverage=1, open_rate=78114.33, open_since=2026-02-01 07:25:22)
2026-02-01 07:25:47,333 - freqtrade.freqtradebot - INFO - Found open order for Trade(id=5, pair=BTC/USDT, amount=0, is_short=False, leverage=1, open_rate=78114.33, open_since=2026-02-01 07:25:22)
2026-02-01 07:25:52,349 - freqtrade.freqtradebot - INFO - Found open order for Trade(id=5, pair=BTC/USDT, amount=0, is_short=False, leverage=1, open_rate=78114.33, open_since=2026-02-01 07:25:22)
2026-02-01 07:25:56,301 - freqtrade.freqtradebot - INFO - Found open order for Trade(id=5, pair=BTC/USDT, amount=0, is_short=False, leverage=1, open_rate=78114.33, open_since=2026-02-01 07:25:22)
2026-02-01 07:26:01,510 - freqtrade.freqtradebot - INFO - Found open order for Trade(id=5, pair=BTC/USDT, amount=0, is_short=False, leverage=1, open_rate=78114.33, open_since=2026-02-01 07:25:22)
2026-02-01 07:26:06,780 - freqtrade.freqtradebot - INFO - Found open order for Trade(id=5, pair=BTC/USDT, amount=0, is_short=False, leverage=1, open_rate=78114.33, open_since=2026-02-01 07:25:22)
2026-02-01 07:26:11,975 - freqtrade.freqtradebot - INFO - Found open order for Trade(id=5, pair=BTC/USDT, amount=0, is_short=False, leverage=1, open_rate=78114.33, open_since=2026-02-01 07:25:22)
2026-02-01 07:26:17,990 - freqtrade.freqtradebot - INFO - Found open order for Trade(id=5, pair=BTC/USDT, amount=0, is_short=False, leverage=1, open_rate=78114.33, open_since=2026-02-01 07:25:22)
2026-02-01 07:26:22,910 - freqtrade.freqtradebot - INFO - Found open order for Trade(id=5, pair=BTC/USDT, amount=0, is_short=False, leverage=1, open_rate=78114.33, open_since=2026-02-01 07:25:22)
2026-02-01 07:26:27,070 - freqtrade.freqtradebot - INFO - Found open order for Trade(id=5, pair=BTC/USDT, amount=0, is_short=False, leverage=1, open_rate=78114.33, open_since=2026-02-01 07:25:22)
2026-02-01 07:26:33,071 - freqtrade.freqtradebot - INFO - Found open order for Trade(id=5, pair=BTC/USDT, amount=0, is_short=False, leverage=1, open_rate=78114.33, open_since=2026-02-01 07:25:22)
2026-02-01 07:26:35,967 - freqtrade.worker - INFO - Bot heartbeat. PID=1, version='2026.1', state='RUNNING'
2026-02-01 07:26:39,323 - freqtrade.freqtradebot - INFO - Found open order for Trade(id=5, pair=BTC/USDT, amount=0, is_short=False, leverage=1, open_rate=78114.33, open_since=2026-02-01 07:25:22)
2026-02-01 07:26:42,749 - freqtrade.freqtradebot - INFO - Found open order for Trade(id=5, pair=BTC/USDT, amount=0, is_short=False, leverage=1, open_rate=78114.33, open_since=2026-02-01 07:25:22)
2026-02-01 07:26:48,257 - freqtrade.freqtradebot - INFO - Found open order for Trade(id=5, pair=BTC/USDT, amount=0, is_short=False, leverage=1, open_rate=78114.33, open_since=2026-02-01 07:25:22)
2026-02-01 07:26:52,797 - freqtrade.freqtradebot - INFO - Found open order for Trade(id=5, pair=BTC/USDT, amount=0, is_short=False, leverage=1, open_rate=78114.33, open_since=2026-02-01 07:25:22)
2026-02-01 07:26:57,583 - freqtrade.freqtradebot - INFO - Found open order for Trade(id=5, pair=BTC/USDT, amount=0, is_short=False, leverage=1, open_rate=78114.33, open_since=2026-02-01 07:25:22)
2026-02-01 07:27:02,447 - freqtrade.freqtradebot - INFO - Found open order for Trade(id=5, pair=BTC/USDT, amount=0, is_short=False, leverage=1, open_rate=78114.33, open_since=2026-02-01 07:25:22)
2026-02-01 07:27:08,949 - freqtrade.freqtradebot - INFO - Found open order for Trade(id=5, pair=BTC/USDT, amount=0, is_short=False, leverage=1, open_rate=78114.33, open_since=2026-02-01 07:25:22)
2026-02-01 07:27:12,548 - freqtrade.freqtradebot - INFO - Found open order for Trade(id=5, pair=BTC/USDT, amount=0, is_short=False, leverage=1, open_rate=78114.33, open_since=2026-02-01 07:25:22)
2026-02-01 07:27:17,433 - freqtrade.freqtradebot - INFO - Found open order for Trade(id=5, pair=BTC/USDT, amount=0, is_short=False, leverage=1, open_rate=78114.33, open_since=2026-02-01 07:25:22)
2026-02-01 07:27:23,412 - freqtrade.freqtradebot - INFO - Found open order for Trade(id=5, pair=BTC/USDT, amount=0, is_short=False, leverage=1, open_rate=78114.33, open_since=2026-02-01 07:25:22)
2026-02-01 07:27:28,508 - freqtrade.freqtradebot - INFO - Found open order for Trade(id=5, pair=BTC/USDT, amount=0, is_short=False, leverage=1, open_rate=78114.33, open_since=2026-02-01 07:25:22)
2026-02-01 07:27:32,694 - freqtrade.freqtradebot - INFO - Found open order for Trade(id=5, pair=BTC/USDT, amount=0, is_short=False, leverage=1, open_rate=78114.33, open_since=2026-02-01 07:25:22)
2026-02-01 07:27:36,807 - freqtrade.worker - INFO - Bot heartbeat. PID=1, version='2026.1', state='RUNNING'
2026-02-01 07:27:38,983 - freqtrade.freqtradebot - INFO - Found open order for Trade(id=5, pair=BTC/USDT, amount=0, is_short=False, leverage=1, open_rate=78114.33, open_since=2026-02-01 07:25:22)
2026-02-01 07:27:42,995 - freqtrade.freqtradebot - INFO - Found open order for Trade(id=5, pair=BTC/USDT, amount=0, is_short=False, leverage=1, open_rate=78114.33, open_since=2026-02-01 07:25:22)
2026-02-01 07:27:47,729 - freqtrade.freqtradebot - INFO - Found open order for Trade(id=5, pair=BTC/USDT, amount=0, is_short=False, leverage=1, open_rate=78114.33, open_since=2026-02-01 07:25:22)
2026-02-01 07:27:53,217 - freqtrade.freqtradebot - INFO - Found open order for Trade(id=5, pair=BTC/USDT, amount=0, is_short=False, leverage=1, open_rate=78114.33, open_since=2026-02-01 07:25:22)
2026-02-01 07:27:57,471 - freqtrade.freqtradebot - INFO - Found open order for Trade(id=5, pair=BTC/USDT, amount=0, is_short=False, leverage=1, open_rate=78114.33, open_since=2026-02-01 07:25:22)
2026-02-01 07:28:02,616 - freqtrade.freqtradebot - INFO - Found open order for Trade(id=5, pair=BTC/USDT, amount=0, is_short=False, leverage=1, open_rate=78114.33, open_since=2026-02-01 07:25:22)
2026-02-01 07:28:07,931 - freqtrade.freqtradebot - INFO - Found open order for Trade(id=5, pair=BTC/USDT, amount=0, is_short=False, leverage=1, open_rate=78114.33, open_since=2026-02-01 07:25:22)
2026-02-01 07:28:13,580 - freqtrade.freqtradebot - INFO - Found open order for Trade(id=5, pair=BTC/USDT, amount=0, is_short=False, leverage=1, open_rate=78114.33, open_since=2026-02-01 07:25:22)
2026-02-01 07:28:17,979 - freqtrade.freqtradebot - INFO - Found open order for Trade(id=5, pair=BTC/USDT, amount=0, is_short=False, leverage=1, open_rate=78114.33, open_since=2026-02-01 07:25:22)
2026-02-01 07:28:23,870 - freqtrade.freqtradebot - INFO - Found open order for Trade(id=5, pair=BTC/USDT, amount=0, is_short=False, leverage=1, open_rate=78114.33, open_since=2026-02-01 07:25:22)
2026-02-01 07:28:29,653 - freqtrade.freqtradebot - INFO - Found open order for Trade(id=5, pair=BTC/USDT, amount=0, is_short=False, leverage=1, open_rate=78114.33, open_since=2026-02-01 07:25:22)
2026-02-01 07:28:33,331 - freqtrade.freqtradebot - INFO - Found open order for Trade(id=5, pair=BTC/USDT, amount=0, is_short=False, leverage=1, open_rate=78114.33, open_since=2026-02-01 07:25:22)
2026-02-01 07:28:37,254 - freqtrade.worker - INFO - Bot heartbeat. PID=1, version='2026.1', state='RUNNING'
2026-02-01 07:28:39,296 - freqtrade.freqtradebot - INFO - Found open order for Trade(id=5, pair=BTC/USDT, amount=0, is_short=False, leverage=1, open_rate=78114.33, open_since=2026-02-01 07:25:22)
2026-02-01 07:28:43,257 - freqtrade.freqtradebot - INFO - Found open order for Trade(id=5, pair=BTC/USDT, amount=0, is_short=False, leverage=1, open_rate=78114.33, open_since=2026-02-01 07:25:22)
2026-02-01 07:28:47,879 - freqtrade.freqtradebot - INFO - Found open order for Trade(id=5, pair=BTC/USDT, amount=0, is_short=False, leverage=1, open_rate=78114.33, open_since=2026-02-01 07:25:22)
2026-02-01 07:28:54,094 - freqtrade.freqtradebot - INFO - Found open order for Trade(id=5, pair=BTC/USDT, amount=0, is_short=False, leverage=1, open_rate=78114.33, open_since=2026-02-01 07:25:22)
2026-02-01 07:28:58,165 - freqtrade.freqtradebot - INFO - Found open order for Trade(id=5, pair=BTC/USDT, amount=0, is_short=False, leverage=1, open_rate=78114.33, open_since=2026-02-01 07:25:22)
2026-02-01 07:29:03,147 - freqtrade.freqtradebot - INFO - Found open order for Trade(id=5, pair=BTC/USDT, amount=0, is_short=False, leverage=1, open_rate=78114.33, open_since=2026-02-01 07:25:22)
2026-02-01 07:29:11,652 - freqtrade.freqtradebot - INFO - Found open order for Trade(id=5, pair=BTC/USDT, amount=0, is_short=False, leverage=1, open_rate=78114.33, open_since=2026-02-01 07:25:22)
2026-02-01 07:29:17,884 - freqtrade.freqtradebot - INFO - Found open order for Trade(id=5, pair=BTC/USDT, amount=0, is_short=False, leverage=1, open_rate=78114.33, open_since=2026-02-01 07:25:22)
2026-02-01 07:29:21,439 - freqtrade.freqtradebot - INFO - Found open order for Trade(id=5, pair=BTC/USDT, amount=0, is_short=False, leverage=1, open_rate=78114.33, open_since=2026-02-01 07:25:22)
2026-02-01 07:29:59,850 - freqtrade.freqtradebot - INFO - Found open order for Trade(id=5, pair=BTC/USDT, amount=0, is_short=False, leverage=1, open_rate=78114.33, open_since=2026-02-01 07:25:22)
2026-02-01 07:30:02,209 - freqtrade.worker - INFO - Bot heartbeat. PID=1, version='2026.1', state='RUNNING'
2026-02-01 07:30:27,149 - freqtrade.freqtradebot - INFO - Found open order for Trade(id=5, pair=BTC/USDT, amount=0, is_short=False, leverage=1, open_rate=78114.33, open_since=2026-02-01 07:25:22)
2026-02-01 07:30:31,392 - freqtrade.freqtradebot - INFO - Found open order for Trade(id=5, pair=BTC/USDT, amount=0, is_short=False, leverage=1, open_rate=78114.33, open_since=2026-02-01 07:25:22)
2026-02-01 07:30:39,954 - freqtrade.freqtradebot - INFO - Found open order for Trade(id=5, pair=BTC/USDT, amount=0, is_short=False, leverage=1, open_rate=78114.33, open_since=2026-02-01 07:25:22)
2026-02-01 07:30:45,332 - freqtrade.freqtradebot - INFO - Found open order for Trade(id=5, pair=BTC/USDT, amount=0, is_short=False, leverage=1, open_rate=78114.33, open_since=2026-02-01 07:25:22)
2026-02-01 07:30:49,537 - freqtrade.freqtradebot - INFO - Found open order for Trade(id=5, pair=BTC/USDT, amount=0, is_short=False, leverage=1, open_rate=78114.33, open_since=2026-02-01 07:25:22)
2026-02-01 07:30:54,459 - freqtrade.freqtradebot - INFO - Found open order for Trade(id=5, pair=BTC/USDT, amount=0, is_short=False, leverage=1, open_rate=78114.33, open_since=2026-02-01 07:25:22)
2026-02-01 07:30:59,458 - freqtrade.freqtradebot - INFO - Found open order for Trade(id=5, pair=BTC/USDT, amount=0, is_short=False, leverage=1, open_rate=78114.33, open_since=2026-02-01 07:25:22)
2026-02-01 07:31:04,095 - freqtrade.worker - INFO - Bot heartbeat. PID=1, version='2026.1', state='RUNNING'
2026-02-01 07:31:04,379 - freqtrade.freqtradebot - INFO - Found open order for Trade(id=5, pair=BTC/USDT, amount=0, is_short=False, leverage=1, open_rate=78114.33, open_since=2026-02-01 07:25:22)
2026-02-01 07:31:10,027 - freqtrade.freqtradebot - INFO - Found open order for Trade(id=5, pair=BTC/USDT, amount=0, is_short=False, leverage=1, open_rate=78114.33, open_since=2026-02-01 07:25:22)
2026-02-01 07:31:14,779 - freqtrade.freqtradebot - INFO - Found open order for Trade(id=5, pair=BTC/USDT, amount=0, is_short=False, leverage=1, open_rate=78114.33, open_since=2026-02-01 07:25:22)
2026-02-01 07:31:21,154 - freqtrade.freqtradebot - INFO - Found open order for Trade(id=5, pair=BTC/USDT, amount=0, is_short=False, leverage=1, open_rate=78114.33, open_since=2026-02-01 07:25:22)
2026-02-01 07:31:24,622 - freqtrade.freqtradebot - INFO - Found open order for Trade(id=5, pair=BTC/USDT, amount=0, is_short=False, leverage=1, open_rate=78114.33, open_since=2026-02-01 07:25:22)
2026-02-01 07:31:29,897 - freqtrade.freqtradebot - INFO - Found open order for Trade(id=5, pair=BTC/USDT, amount=0, is_short=False, leverage=1, open_rate=78114.33, open_since=2026-02-01 07:25:22)
2026-02-01 07:31:34,446 - freqtrade.freqtradebot - INFO - Found open order for Trade(id=5, pair=BTC/USDT, amount=0, is_short=False, leverage=1, open_rate=78114.33, open_since=2026-02-01 07:25:22)
2026-02-01 07:31:39,481 - freqtrade.freqtradebot - INFO - Found open order for Trade(id=5, pair=BTC/USDT, amount=0, is_short=False, leverage=1, open_rate=78114.33, open_since=2026-02-01 07:25:22)
2026-02-01 07:31:44,414 - freqtrade.freqtradebot - INFO - Found open order for Trade(id=5, pair=BTC/USDT, amount=0, is_short=False, leverage=1, open_rate=78114.33, open_since=2026-02-01 07:25:22)
2026-02-01 07:31:49,451 - freqtrade.freqtradebot - INFO - Found open order for Trade(id=5, pair=BTC/USDT, amount=0, is_short=False, leverage=1, open_rate=78114.33, open_since=2026-02-01 07:25:22)
2026-02-01 07:31:54,734 - freqtrade.freqtradebot - INFO - Found open order for Trade(id=5, pair=BTC/USDT, amount=0, is_short=False, leverage=1, open_rate=78114.33, open_since=2026-02-01 07:25:22)
2026-02-01 07:31:59,480 - freqtrade.freqtradebot - INFO - Found open order for Trade(id=5, pair=BTC/USDT, amount=0, is_short=False, leverage=1, open_rate=78114.33, open_since=2026-02-01 07:25:22)
2026-02-01 07:32:04,246 - freqtrade.worker - INFO - Bot heartbeat. PID=1, version='2026.1', state='RUNNING'
2026-02-01 07:32:04,760 - freqtrade.freqtradebot - INFO - Found open order for Trade(id=5, pair=BTC/USDT, amount=0, is_short=False, leverage=1, open_rate=78114.33, open_since=2026-02-01 07:25:22)
2026-02-01 07:32:09,587 - freqtrade.freqtradebot - INFO - Found open order for Trade(id=5, pair=BTC/USDT, amount=0, is_short=False, leverage=1, open_rate=78114.33, open_since=2026-02-01 07:25:22)
2026-02-01 07:32:14,501 - freqtrade.freqtradebot - INFO - Found open order for Trade(id=5, pair=BTC/USDT, amount=0, is_short=False, leverage=1, open_rate=78114.33, open_since=2026-02-01 07:25:22)
2026-02-01 07:32:19,548 - freqtrade.freqtradebot - INFO - Found open order for Trade(id=5, pair=BTC/USDT, amount=0, is_short=False, leverage=1, open_rate=78114.33, open_since=2026-02-01 07:25:22)
2026-02-01 07:32:24,502 - freqtrade.freqtradebot - INFO - Found open order for Trade(id=5, pair=BTC/USDT, amount=0, is_short=False, leverage=1, open_rate=78114.33, open_since=2026-02-01 07:25:22)
2026-02-01 07:32:29,770 - freqtrade.freqtradebot - INFO - Found open order for Trade(id=5, pair=BTC/USDT, amount=0, is_short=False, leverage=1, open_rate=78114.33, open_since=2026-02-01 07:25:22)
2026-02-01 07:32:34,634 - freqtrade.freqtradebot - INFO - Found open order for Trade(id=5, pair=BTC/USDT, amount=0, is_short=False, leverage=1, open_rate=78114.33, open_since=2026-02-01 07:25:22)
2026-02-01 07:32:39,591 - freqtrade.freqtradebot - INFO - Found open order for Trade(id=5, pair=BTC/USDT, amount=0, is_short=False, leverage=1, open_rate=78114.33, open_since=2026-02-01 07:25:22)
2026-02-01 07:32:44,547 - freqtrade.freqtradebot - INFO - Found open order for Trade(id=5, pair=BTC/USDT, amount=0, is_short=False, leverage=1, open_rate=78114.33, open_since=2026-02-01 07:25:22)
2026-02-01 07:32:49,552 - freqtrade.freqtradebot - INFO - Found open order for Trade(id=5, pair=BTC/USDT, amount=0, is_short=False, leverage=1, open_rate=78114.33, open_since=2026-02-01 07:25:22)
2026-02-01 07:32:54,511 - freqtrade.freqtradebot - INFO - Found open order for Trade(id=5, pair=BTC/USDT, amount=0, is_short=False, leverage=1, open_rate=78114.33, open_since=2026-02-01 07:25:22)
2026-02-01 07:32:59,519 - freqtrade.freqtradebot - INFO - Found open order for Trade(id=5, pair=BTC/USDT, amount=0, is_short=False, leverage=1, open_rate=78114.33, open_since=2026-02-01 07:25:22)
2026-02-01 07:33:04,283 - freqtrade.worker - INFO - Bot heartbeat. PID=1, version='2026.1', state='RUNNING'
2026-02-01 07:33:04,636 - freqtrade.freqtradebot - INFO - Found open order for Trade(id=5, pair=BTC/USDT, amount=0, is_short=False, leverage=1, open_rate=78114.33, open_since=2026-02-01 07:25:22)
2026-02-01 07:33:09,588 - freqtrade.freqtradebot - INFO - Found open order for Trade(id=5, pair=BTC/USDT, amount=0, is_short=False, leverage=1, open_rate=78114.33, open_since=2026-02-01 07:25:22)
2026-02-01 07:33:14,597 - freqtrade.freqtradebot - INFO - Found open order for Trade(id=5, pair=BTC/USDT, amount=0, is_short=False, leverage=1, open_rate=78114.33, open_since=2026-02-01 07:25:22)
2026-02-01 07:33:19,547 - freqtrade.freqtradebot - INFO - Found open order for Trade(id=5, pair=BTC/USDT, amount=0, is_short=False, leverage=1, open_rate=78114.33, open_since=2026-02-01 07:25:22)
2026-02-01 07:33:24,576 - freqtrade.freqtradebot - INFO - Found open order for Trade(id=5, pair=BTC/USDT, amount=0, is_short=False, leverage=1, open_rate=78114.33, open_since=2026-02-01 07:25:22)
2026-02-01 07:33:29,809 - freqtrade.freqtradebot - INFO - Found open order for Trade(id=5, pair=BTC/USDT, amount=0, is_short=False, leverage=1, open_rate=78114.33, open_since=2026-02-01 07:25:22)
2026-02-01 07:33:34,647 - freqtrade.freqtradebot - INFO - Found open order for Trade(id=5, pair=BTC/USDT, amount=0, is_short=False, leverage=1, open_rate=78114.33, open_since=2026-02-01 07:25:22)
2026-02-01 07:33:39,590 - freqtrade.freqtradebot - INFO - Found open order for Trade(id=5, pair=BTC/USDT, amount=0, is_short=False, leverage=1, open_rate=78114.33, open_since=2026-02-01 07:25:22)
2026-02-01 07:33:44,608 - freqtrade.freqtradebot - INFO - Found open order for Trade(id=5, pair=BTC/USDT, amount=0, is_short=False, leverage=1, open_rate=78114.33, open_since=2026-02-01 07:25:22)
2026-02-01 07:33:49,602 - freqtrade.freqtradebot - INFO - Found open order for Trade(id=5, pair=BTC/USDT, amount=0, is_short=False, leverage=1, open_rate=78114.33, open_since=2026-02-01 07:25:22)
2026-02-01 07:33:54,678 - freqtrade.freqtradebot - INFO - Found open order for Trade(id=5, pair=BTC/USDT, amount=0, is_short=False, leverage=1, open_rate=78114.33, open_since=2026-02-01 07:25:22)
2026-02-01 07:33:59,691 - freqtrade.freqtradebot - INFO - Found open order for Trade(id=5, pair=BTC/USDT, amount=0, is_short=False, leverage=1, open_rate=78114.33, open_since=2026-02-01 07:25:22)
2026-02-01 07:34:04,344 - freqtrade.worker - INFO - Bot heartbeat. PID=1, version='2026.1', state='RUNNING'
2026-02-01 07:34:04,626 - freqtrade.freqtradebot - INFO - Found open order for Trade(id=5, pair=BTC/USDT, amount=0, is_short=False, leverage=1, open_rate=78114.33, open_since=2026-02-01 07:25:22)
2026-02-01 07:34:09,774 - freqtrade.freqtradebot - INFO - Found open order for Trade(id=5, pair=BTC/USDT, amount=0, is_short=False, leverage=1, open_rate=78114.33, open_since=2026-02-01 07:25:22)
2026-02-01 07:34:14,643 - freqtrade.freqtradebot - INFO - Found open order for Trade(id=5, pair=BTC/USDT, amount=0, is_short=False, leverage=1, open_rate=78114.33, open_since=2026-02-01 07:25:22)
2026-02-01 07:34:19,737 - freqtrade.freqtradebot - INFO - Found open order for Trade(id=5, pair=BTC/USDT, amount=0, is_short=False, leverage=1, open_rate=78114.33, open_since=2026-02-01 07:25:22)
2026-02-01 07:34:24,642 - freqtrade.freqtradebot - INFO - Found open order for Trade(id=5, pair=BTC/USDT, amount=0, is_short=False, leverage=1, open_rate=78114.33, open_since=2026-02-01 07:25:22)
2026-02-01 07:34:29,788 - freqtrade.freqtradebot - INFO - Found open order for Trade(id=5, pair=BTC/USDT, amount=0, is_short=False, leverage=1, open_rate=78114.33, open_since=2026-02-01 07:25:22)
2026-02-01 07:34:34,725 - freqtrade.freqtradebot - INFO - Found open order for Trade(id=5, pair=BTC/USDT, amount=0, is_short=False, leverage=1, open_rate=78114.33, open_since=2026-02-01 07:25:22)
2026-02-01 07:34:39,722 - freqtrade.freqtradebot - INFO - Found open order for Trade(id=5, pair=BTC/USDT, amount=0, is_short=False, leverage=1, open_rate=78114.33, open_since=2026-02-01 07:25:22)
2026-02-01 07:34:44,679 - freqtrade.freqtradebot - INFO - Found open order for Trade(id=5, pair=BTC/USDT, amount=0, is_short=False, leverage=1, open_rate=78114.33, open_since=2026-02-01 07:25:22)
2026-02-01 07:34:49,921 - freqtrade.freqtradebot - INFO - Found open order for Trade(id=5, pair=BTC/USDT, amount=0, is_short=False, leverage=1, open_rate=78114.33, open_since=2026-02-01 07:25:22)
2026-02-01 07:34:54,746 - freqtrade.freqtradebot - INFO - Found open order for Trade(id=5, pair=BTC/USDT, amount=0, is_short=False, leverage=1, open_rate=78114.33, open_since=2026-02-01 07:25:22)
2026-02-01 07:34:59,691 - freqtrade.freqtradebot - INFO - Found open order for Trade(id=5, pair=BTC/USDT, amount=0, is_short=False, leverage=1, open_rate=78114.33, open_since=2026-02-01 07:25:22)
2026-02-01 07:35:04,461 - freqtrade.worker - INFO - Bot heartbeat. PID=1, version='2026.1', state='RUNNING'
2026-02-01 07:35:05,456 - freqtrade.freqtradebot - INFO - Found open order for Trade(id=5, pair=BTC/USDT, amount=0, is_short=False, leverage=1, open_rate=78114.33, open_since=2026-02-01 07:25:22)
2026-02-01 07:35:05,794 - freqtrade.wallets - INFO - Wallets synced.
2026-02-01 07:35:06,175 - freqtrade.freqtradebot - INFO - Long signal found: about create a new trade for USD1/USDT with stake_amount: 334.6275630324 and price: 0.9994 ...
2026-02-01 07:35:06,632 - freqtrade.freqtradebot - INFO - Order dry_run_buy_USD1/USDT_1769931306.187473 was created for USD1/USDT and status is open.
2026-02-01 07:35:06,676 - freqtrade.wallets - INFO - Wallets synced.
2026-02-01 07:35:06,678 - freqtrade.rpc.rpc_manager - INFO - Sending rpc message: {'trade_id': 6, 'type': entry, 'buy_tag': '', 'enter_tag': '', 'exchange': 'Binance', 'pair': 'USD1/USDT', 'leverage': 1.0, 'direction': 'Long', 'limit': 0.9994, 'order_rate': 0.9994, 'open_rate': 0.9994, 'order_type': 'limit', 'stake_amount': 334.6275630324, 'stake_currency': 'USDT', 'base_currency': 'USD1', 'quote_currency': 'USDT', 'fiat_currency': 'USD', 'amount': 334.0, 'open_date': datetime.datetime(2026, 2, 1, 7, 35, 6, 638005, tzinfo=datetime.timezone.utc), 'current_rate': 0.9994, 'sub_trade': False}
2026-02-01 07:35:09,729 - freqtrade.freqtradebot - INFO - Found open order for Trade(id=5, pair=BTC/USDT, amount=0, is_short=False, leverage=1, open_rate=78114.33, open_since=2026-02-01 07:25:22)
2026-02-01 07:35:10,088 - freqtrade.freqtradebot - INFO - Found open order for Trade(id=6, pair=USD1/USDT, amount=0, is_short=False, leverage=1, open_rate=0.9994, open_since=2026-02-01 07:35:06)
2026-02-01 07:35:14,792 - freqtrade.freqtradebot - INFO - Found open order for Trade(id=5, pair=BTC/USDT, amount=0, is_short=False, leverage=1, open_rate=78114.33, open_since=2026-02-01 07:25:22)
2026-02-01 07:35:15,072 - freqtrade.freqtradebot - INFO - Found open order for Trade(id=6, pair=USD1/USDT, amount=0, is_short=False, leverage=1, open_rate=0.9994, open_since=2026-02-01 07:35:06)
2026-02-01 07:35:19,730 - freqtrade.freqtradebot - INFO - Found open order for Trade(id=5, pair=BTC/USDT, amount=0, is_short=False, leverage=1, open_rate=78114.33, open_since=2026-02-01 07:25:22)
2026-02-01 07:35:20,043 - freqtrade.freqtradebot - INFO - Found open order for Trade(id=6, pair=USD1/USDT, amount=0, is_short=False, leverage=1, open_rate=0.9994, open_since=2026-02-01 07:35:06)
2026-02-01 07:35:24,757 - freqtrade.freqtradebot - INFO - Found open order for Trade(id=5, pair=BTC/USDT, amount=0, is_short=False, leverage=1, open_rate=78114.33, open_since=2026-02-01 07:25:22)
2026-02-01 07:35:25,042 - freqtrade.freqtradebot - INFO - Buy order cancelled due to timeout for Trade(id=5, pair=BTC/USDT, amount=0, is_short=False, leverage=1, open_rate=78114.33, open_since=2026-02-01 07:25:22).
2026-02-01 07:35:25,047 - freqtrade.freqtradebot - INFO - Buy order fully cancelled. Removing Trade(id=5, pair=BTC/USDT, amount=0, is_short=False, leverage=1, open_rate=78114.33, open_since=2026-02-01 07:25:22) from database.
2026-02-01 07:35:25,106 - freqtrade.wallets - INFO - Wallets synced.
2026-02-01 07:35:25,108 - freqtrade.rpc.rpc_manager - INFO - Sending rpc message: {'trade_id': 5, 'type': entry_cancel, 'buy_tag': '', 'enter_tag': '', 'exchange': 'Binance', 'pair': 'BTC/USDT', 'leverage': 1.0, 'direction': 'Long', 'limit': 78114.33, 'order_rate': 78114.33, 'order_type': 'limit', 'stake_amount': 334.6275630324001, 'open_rate': 78114.33, 'stake_currency': 'USDT', 'base_currency': 'BTC', 'quote_currency': 'USDT', 'fiat_currency': 'USD', 'amount': 0.0, 'open_date': datetime.datetime(2026, 2, 1, 7, 25, 22, 773173), 'current_rate': 78313.03, 'reason': 'cancelled due to timeout, fully cancelled', 'sub_trade': False}
2026-02-01 07:35:25,272 - freqtrade.freqtradebot - INFO - Found open order for Trade(id=6, pair=USD1/USDT, amount=0, is_short=False, leverage=1, open_rate=0.9994, open_since=2026-02-01 07:35:06)
2026-02-01 07:35:29,742 - freqtrade.freqtradebot - INFO - Found open order for Trade(id=6, pair=USD1/USDT, amount=0, is_short=False, leverage=1, open_rate=0.9994, open_since=2026-02-01 07:35:06)
2026-02-01 07:35:34,793 - freqtrade.freqtradebot - INFO - Found open order for Trade(id=6, pair=USD1/USDT, amount=0, is_short=False, leverage=1, open_rate=0.9994, open_since=2026-02-01 07:35:06)
2026-02-01 07:35:39,832 - freqtrade.freqtradebot - INFO - Found open order for Trade(id=6, pair=USD1/USDT, amount=0, is_short=False, leverage=1, open_rate=0.9994, open_since=2026-02-01 07:35:06)
2026-02-01 07:35:44,787 - freqtrade.freqtradebot - INFO - Found open order for Trade(id=6, pair=USD1/USDT, amount=0, is_short=False, leverage=1, open_rate=0.9994, open_since=2026-02-01 07:35:06)
2026-02-01 07:35:49,793 - freqtrade.freqtradebot - INFO - Found open order for Trade(id=6, pair=USD1/USDT, amount=0, is_short=False, leverage=1, open_rate=0.9994, open_since=2026-02-01 07:35:06)
2026-02-01 07:35:54,763 - freqtrade.freqtradebot - INFO - Found open order for Trade(id=6, pair=USD1/USDT, amount=0, is_short=False, leverage=1, open_rate=0.9994, open_since=2026-02-01 07:35:06)
2026-02-01 07:35:59,756 - freqtrade.freqtradebot - INFO - Found open order for Trade(id=6, pair=USD1/USDT, amount=0, is_short=False, leverage=1, open_rate=0.9994, open_since=2026-02-01 07:35:06)
2026-02-01 07:36:04,507 - freqtrade.worker - INFO - Bot heartbeat. PID=1, version='2026.1', state='RUNNING'
2026-02-01 07:36:04,786 - freqtrade.freqtradebot - INFO - Found open order for Trade(id=6, pair=USD1/USDT, amount=0, is_short=False, leverage=1, open_rate=0.9994, open_since=2026-02-01 07:35:06)
2026-02-01 07:36:09,841 - freqtrade.freqtradebot - INFO - Found open order for Trade(id=6, pair=USD1/USDT, amount=0, is_short=False, leverage=1, open_rate=0.9994, open_since=2026-02-01 07:35:06)
2026-02-01 07:36:14,751 - freqtrade.freqtradebot - INFO - Found open order for Trade(id=6, pair=USD1/USDT, amount=0, is_short=False, leverage=1, open_rate=0.9994, open_since=2026-02-01 07:35:06)
2026-02-01 07:36:19,808 - freqtrade.freqtradebot - INFO - Found open order for Trade(id=6, pair=USD1/USDT, amount=0, is_short=False, leverage=1, open_rate=0.9994, open_since=2026-02-01 07:35:06)
2026-02-01 07:36:24,762 - freqtrade.freqtradebot - INFO - Found open order for Trade(id=6, pair=USD1/USDT, amount=0, is_short=False, leverage=1, open_rate=0.9994, open_since=2026-02-01 07:35:06)
2026-02-01 07:36:29,784 - freqtrade.freqtradebot - INFO - Found open order for Trade(id=6, pair=USD1/USDT, amount=0, is_short=False, leverage=1, open_rate=0.9994, open_since=2026-02-01 07:35:06)
2026-02-01 07:36:34,792 - freqtrade.freqtradebot - INFO - Found open order for Trade(id=6, pair=USD1/USDT, amount=0, is_short=False, leverage=1, open_rate=0.9994, open_since=2026-02-01 07:35:06)
2026-02-01 07:36:39,768 - freqtrade.freqtradebot - INFO - Found open order for Trade(id=6, pair=USD1/USDT, amount=0, is_short=False, leverage=1, open_rate=0.9994, open_since=2026-02-01 07:35:06)
2026-02-01 07:36:44,736 - freqtrade.freqtradebot - INFO - Found open order for Trade(id=6, pair=USD1/USDT, amount=0, is_short=False, leverage=1, open_rate=0.9994, open_since=2026-02-01 07:35:06)
2026-02-01 07:36:49,766 - freqtrade.freqtradebot - INFO - Found open order for Trade(id=6, pair=USD1/USDT, amount=0, is_short=False, leverage=1, open_rate=0.9994, open_since=2026-02-01 07:35:06)
2026-02-01 07:36:54,803 - freqtrade.freqtradebot - INFO - Found open order for Trade(id=6, pair=USD1/USDT, amount=0, is_short=False, leverage=1, open_rate=0.9994, open_since=2026-02-01 07:35:06)
2026-02-01 07:36:59,763 - freqtrade.freqtradebot - INFO - Found open order for Trade(id=6, pair=USD1/USDT, amount=0, is_short=False, leverage=1, open_rate=0.9994, open_since=2026-02-01 07:35:06)
2026-02-01 07:37:04,553 - freqtrade.worker - INFO - Bot heartbeat. PID=1, version='2026.1', state='RUNNING'
2026-02-01 07:37:04,770 - freqtrade.freqtradebot - INFO - Found open order for Trade(id=6, pair=USD1/USDT, amount=0, is_short=False, leverage=1, open_rate=0.9994, open_since=2026-02-01 07:35:06)
2026-02-01 07:37:09,823 - freqtrade.freqtradebot - INFO - Found open order for Trade(id=6, pair=USD1/USDT, amount=0, is_short=False, leverage=1, open_rate=0.9994, open_since=2026-02-01 07:35:06)
2026-02-01 07:37:14,866 - freqtrade.freqtradebot - INFO - Found open order for Trade(id=6, pair=USD1/USDT, amount=0, is_short=False, leverage=1, open_rate=0.9994, open_since=2026-02-01 07:35:06)
2026-02-01 07:37:19,818 - freqtrade.freqtradebot - INFO - Found open order for Trade(id=6, pair=USD1/USDT, amount=0, is_short=False, leverage=1, open_rate=0.9994, open_since=2026-02-01 07:35:06)
2026-02-01 07:37:24,822 - freqtrade.freqtradebot - INFO - Found open order for Trade(id=6, pair=USD1/USDT, amount=0, is_short=False, leverage=1, open_rate=0.9994, open_since=2026-02-01 07:35:06)
2026-02-01 07:37:30,003 - freqtrade.freqtradebot - INFO - Found open order for Trade(id=6, pair=USD1/USDT, amount=0, is_short=False, leverage=1, open_rate=0.9994, open_since=2026-02-01 07:35:06)
2026-02-01 07:37:35,050 - freqtrade.freqtradebot - INFO - Found open order for Trade(id=6, pair=USD1/USDT, amount=0, is_short=False, leverage=1, open_rate=0.9994, open_since=2026-02-01 07:35:06)
2026-02-01 07:37:39,899 - freqtrade.freqtradebot - INFO - Found open order for Trade(id=6, pair=USD1/USDT, amount=0, is_short=False, leverage=1, open_rate=0.9994, open_since=2026-02-01 07:35:06)
2026-02-01 07:37:44,782 - freqtrade.freqtradebot - INFO - Found open order for Trade(id=6, pair=USD1/USDT, amount=0, is_short=False, leverage=1, open_rate=0.9994, open_since=2026-02-01 07:35:06)
2026-02-01 07:37:49,862 - freqtrade.freqtradebot - INFO - Found open order for Trade(id=6, pair=USD1/USDT, amount=0, is_short=False, leverage=1, open_rate=0.9994, open_since=2026-02-01 07:35:06)
2026-02-01 07:37:54,932 - freqtrade.freqtradebot - INFO - Found open order for Trade(id=6, pair=USD1/USDT, amount=0, is_short=False, leverage=1, open_rate=0.9994, open_since=2026-02-01 07:35:06)
2026-02-01 07:37:59,946 - freqtrade.freqtradebot - INFO - Found open order for Trade(id=6, pair=USD1/USDT, amount=0, is_short=False, leverage=1, open_rate=0.9994, open_since=2026-02-01 07:35:06)
2026-02-01 07:38:04,658 - freqtrade.worker - INFO - Bot heartbeat. PID=1, version='2026.1', state='RUNNING'
2026-02-01 07:38:05,066 - freqtrade.freqtradebot - INFO - Found open order for Trade(id=6, pair=USD1/USDT, amount=0, is_short=False, leverage=1, open_rate=0.9994, open_since=2026-02-01 07:35:06)
2026-02-01 07:38:09,925 - freqtrade.freqtradebot - INFO - Found open order for Trade(id=6, pair=USD1/USDT, amount=0, is_short=False, leverage=1, open_rate=0.9994, open_since=2026-02-01 07:35:06)
2026-02-01 07:38:14,890 - freqtrade.freqtradebot - INFO - Found open order for Trade(id=6, pair=USD1/USDT, amount=0, is_short=False, leverage=1, open_rate=0.9994, open_since=2026-02-01 07:35:06)
2026-02-01 07:38:19,929 - freqtrade.freqtradebot - INFO - Found open order for Trade(id=6, pair=USD1/USDT, amount=0, is_short=False, leverage=1, open_rate=0.9994, open_since=2026-02-01 07:35:06)
2026-02-01 07:38:25,144 - freqtrade.freqtradebot - INFO - Found open order for Trade(id=6, pair=USD1/USDT, amount=0, is_short=False, leverage=1, open_rate=0.9994, open_since=2026-02-01 07:35:06)
2026-02-01 07:38:30,136 - freqtrade.freqtradebot - INFO - Found open order for Trade(id=6, pair=USD1/USDT, amount=0, is_short=False, leverage=1, open_rate=0.9994, open_since=2026-02-01 07:35:06)
2026-02-01 07:38:35,219 - freqtrade.freqtradebot - INFO - Found open order for Trade(id=6, pair=USD1/USDT, amount=0, is_short=False, leverage=1, open_rate=0.9994, open_since=2026-02-01 07:35:06)
2026-02-01 07:38:39,931 - freqtrade.freqtradebot - INFO - Found open order for Trade(id=6, pair=USD1/USDT, amount=0, is_short=False, leverage=1, open_rate=0.9994, open_since=2026-02-01 07:35:06)
2026-02-01 07:38:44,929 - freqtrade.freqtradebot - INFO - Found open order for Trade(id=6, pair=USD1/USDT, amount=0, is_short=False, leverage=1, open_rate=0.9994, open_since=2026-02-01 07:35:06)
2026-02-01 07:38:49,941 - freqtrade.freqtradebot - INFO - Found open order for Trade(id=6, pair=USD1/USDT, amount=0, is_short=False, leverage=1, open_rate=0.9994, open_since=2026-02-01 07:35:06)
2026-02-01 07:38:54,999 - freqtrade.freqtradebot - INFO - Found open order for Trade(id=6, pair=USD1/USDT, amount=0, is_short=False, leverage=1, open_rate=0.9994, open_since=2026-02-01 07:35:06)
2026-02-01 07:38:59,916 - freqtrade.freqtradebot - INFO - Found open order for Trade(id=6, pair=USD1/USDT, amount=0, is_short=False, leverage=1, open_rate=0.9994, open_since=2026-02-01 07:35:06)
2026-02-01 07:39:04,693 - freqtrade.worker - INFO - Bot heartbeat. PID=1, version='2026.1', state='RUNNING'
2026-02-01 07:39:04,958 - freqtrade.freqtradebot - INFO - Found open order for Trade(id=6, pair=USD1/USDT, amount=0, is_short=False, leverage=1, open_rate=0.9994, open_since=2026-02-01 07:35:06)
2026-02-01 07:39:09,958 - freqtrade.freqtradebot - INFO - Found open order for Trade(id=6, pair=USD1/USDT, amount=0, is_short=False, leverage=1, open_rate=0.9994, open_since=2026-02-01 07:35:06)
2026-02-01 07:39:14,955 - freqtrade.freqtradebot - INFO - Found open order for Trade(id=6, pair=USD1/USDT, amount=0, is_short=False, leverage=1, open_rate=0.9994, open_since=2026-02-01 07:35:06)
2026-02-01 07:39:20,206 - freqtrade.freqtradebot - INFO - Found open order for Trade(id=6, pair=USD1/USDT, amount=0, is_short=False, leverage=1, open_rate=0.9994, open_since=2026-02-01 07:35:06)
2026-02-01 07:39:25,287 - freqtrade.freqtradebot - INFO - Found open order for Trade(id=6, pair=USD1/USDT, amount=0, is_short=False, leverage=1, open_rate=0.9994, open_since=2026-02-01 07:35:06)
2026-02-01 07:39:30,173 - freqtrade.freqtradebot - INFO - Found open order for Trade(id=6, pair=USD1/USDT, amount=0, is_short=False, leverage=1, open_rate=0.9994, open_since=2026-02-01 07:35:06)
2026-02-01 07:39:34,952 - freqtrade.freqtradebot - INFO - Found open order for Trade(id=6, pair=USD1/USDT, amount=0, is_short=False, leverage=1, open_rate=0.9994, open_since=2026-02-01 07:35:06)
2026-02-01 07:39:40,196 - freqtrade.freqtradebot - INFO - Found open order for Trade(id=6, pair=USD1/USDT, amount=0, is_short=False, leverage=1, open_rate=0.9994, open_since=2026-02-01 07:35:06)
2026-02-01 07:39:44,958 - freqtrade.freqtradebot - INFO - Found open order for Trade(id=6, pair=USD1/USDT, amount=0, is_short=False, leverage=1, open_rate=0.9994, open_since=2026-02-01 07:35:06)
2026-02-01 07:39:50,056 - freqtrade.freqtradebot - INFO - Found open order for Trade(id=6, pair=USD1/USDT, amount=0, is_short=False, leverage=1, open_rate=0.9994, open_since=2026-02-01 07:35:06)
2026-02-01 07:39:54,957 - freqtrade.freqtradebot - INFO - Found open order for Trade(id=6, pair=USD1/USDT, amount=0, is_short=False, leverage=1, open_rate=0.9994, open_since=2026-02-01 07:35:06)
2026-02-01 07:40:00,014 - freqtrade.freqtradebot - INFO - Found open order for Trade(id=6, pair=USD1/USDT, amount=0, is_short=False, leverage=1, open_rate=0.9994, open_since=2026-02-01 07:35:06)
2026-02-01 07:40:04,735 - freqtrade.worker - INFO - Bot heartbeat. PID=1, version='2026.1', state='RUNNING'
2026-02-01 07:40:05,504 - freqtrade.freqtradebot - INFO - Found open order for Trade(id=6, pair=USD1/USDT, amount=0, is_short=False, leverage=1, open_rate=0.9994, open_since=2026-02-01 07:35:06)
2026-02-01 07:40:06,093 - freqtrade.wallets - INFO - Wallets synced.
2026-02-01 07:40:06,308 - freqtrade.freqtradebot - INFO - Long signal found: about create a new trade for ZEC/USDT with stake_amount: 334.6275630324 and price: 299.58 ...
2026-02-01 07:40:06,455 - freqtrade.freqtradebot - INFO - Order dry_run_buy_ZEC/USDT_1769931606.312622 was created for ZEC/USDT and status is open.
2026-02-01 07:40:06,488 - freqtrade.wallets - INFO - Wallets synced.
2026-02-01 07:40:06,489 - freqtrade.rpc.rpc_manager - INFO - Sending rpc message: {'trade_id': 7, 'type': entry, 'buy_tag': '', 'enter_tag': '', 'exchange': 'Binance', 'pair': 'ZEC/USDT', 'leverage': 1.0, 'direction': 'Long', 'limit': 299.58, 'order_rate': 299.58, 'open_rate': 299.58, 'order_type': 'limit', 'stake_amount': 334.6275630324, 'stake_currency': 'USDT', 'base_currency': 'ZEC', 'quote_currency': 'USDT', 'fiat_currency': 'USD', 'amount': 1.116, 'open_date': datetime.datetime(2026, 2, 1, 7, 40, 6, 456768, tzinfo=datetime.timezone.utc), 'current_rate': 299.58, 'sub_trade': False}
2026-02-01 07:40:09,986 - freqtrade.freqtradebot - INFO - Found open order for Trade(id=6, pair=USD1/USDT, amount=0, is_short=False, leverage=1, open_rate=0.9994, open_since=2026-02-01 07:35:06)
2026-02-01 07:40:10,266 - freqtrade.freqtradebot - INFO - Found open order for Trade(id=7, pair=ZEC/USDT, amount=0, is_short=False, leverage=1, open_rate=299.58, open_since=2026-02-01 07:40:06)
2026-02-01 07:40:15,255 - freqtrade.freqtradebot - INFO - Found open order for Trade(id=6, pair=USD1/USDT, amount=0, is_short=False, leverage=1, open_rate=0.9994, open_since=2026-02-01 07:35:06)
2026-02-01 07:40:15,806 - freqtrade.freqtradebot - INFO - Found open order for Trade(id=7, pair=ZEC/USDT, amount=0, is_short=False, leverage=1, open_rate=299.58, open_since=2026-02-01 07:40:06)
2026-02-01 07:40:19,988 - freqtrade.freqtradebot - INFO - Found open order for Trade(id=6, pair=USD1/USDT, amount=0, is_short=False, leverage=1, open_rate=0.9994, open_since=2026-02-01 07:35:06)
2026-02-01 07:40:20,339 - freqtrade.freqtradebot - INFO - Found open order for Trade(id=7, pair=ZEC/USDT, amount=0, is_short=False, leverage=1, open_rate=299.58, open_since=2026-02-01 07:40:06)
2026-02-01 07:40:25,058 - freqtrade.freqtradebot - INFO - Found open order for Trade(id=6, pair=USD1/USDT, amount=0, is_short=False, leverage=1, open_rate=0.9994, open_since=2026-02-01 07:35:06)
2026-02-01 07:40:25,583 - freqtrade.freqtradebot - INFO - Found open order for Trade(id=7, pair=ZEC/USDT, amount=0, is_short=False, leverage=1, open_rate=299.58, open_since=2026-02-01 07:40:06)
2026-02-01 07:40:30,033 - freqtrade.freqtradebot - INFO - Found open order for Trade(id=6, pair=USD1/USDT, amount=0, is_short=False, leverage=1, open_rate=0.9994, open_since=2026-02-01 07:35:06)
2026-02-01 07:40:30,318 - freqtrade.freqtradebot - INFO - Found open order for Trade(id=7, pair=ZEC/USDT, amount=0, is_short=False, leverage=1, open_rate=299.58, open_since=2026-02-01 07:40:06)
2026-02-01 07:40:35,025 - freqtrade.freqtradebot - INFO - Found open order for Trade(id=6, pair=USD1/USDT, amount=0, is_short=False, leverage=1, open_rate=0.9994, open_since=2026-02-01 07:35:06)
2026-02-01 07:40:35,316 - freqtrade.freqtradebot - INFO - Found open order for Trade(id=7, pair=ZEC/USDT, amount=0, is_short=False, leverage=1, open_rate=299.58, open_since=2026-02-01 07:40:06)
2026-02-01 07:40:40,012 - freqtrade.freqtradebot - INFO - Found open order for Trade(id=6, pair=USD1/USDT, amount=0, is_short=False, leverage=1, open_rate=0.9994, open_since=2026-02-01 07:35:06)
2026-02-01 07:40:40,384 - freqtrade.freqtradebot - INFO - Found open order for Trade(id=7, pair=ZEC/USDT, amount=0, is_short=False, leverage=1, open_rate=299.58, open_since=2026-02-01 07:40:06)
2026-02-01 07:40:45,115 - freqtrade.freqtradebot - INFO - Found open order for Trade(id=6, pair=USD1/USDT, amount=0, is_short=False, leverage=1, open_rate=0.9994, open_since=2026-02-01 07:35:06)
2026-02-01 07:40:45,399 - freqtrade.freqtradebot - INFO - Found open order for Trade(id=7, pair=ZEC/USDT, amount=0, is_short=False, leverage=1, open_rate=299.58, open_since=2026-02-01 07:40:06)
2026-02-01 07:40:50,014 - freqtrade.freqtradebot - INFO - Found open order for Trade(id=6, pair=USD1/USDT, amount=0, is_short=False, leverage=1, open_rate=0.9994, open_since=2026-02-01 07:35:06)
2026-02-01 07:40:50,358 - freqtrade.freqtradebot - INFO - Found open order for Trade(id=7, pair=ZEC/USDT, amount=0, is_short=False, leverage=1, open_rate=299.58, open_since=2026-02-01 07:40:06)
2026-02-01 07:40:55,067 - freqtrade.freqtradebot - INFO - Found open order for Trade(id=6, pair=USD1/USDT, amount=0, is_short=False, leverage=1, open_rate=0.9994, open_since=2026-02-01 07:35:06)
2026-02-01 07:40:55,351 - freqtrade.freqtradebot - INFO - Found open order for Trade(id=7, pair=ZEC/USDT, amount=0, is_short=False, leverage=1, open_rate=299.58, open_since=2026-02-01 07:40:06)
2026-02-01 07:41:00,050 - freqtrade.freqtradebot - INFO - Found open order for Trade(id=6, pair=USD1/USDT, amount=0, is_short=False, leverage=1, open_rate=0.9994, open_since=2026-02-01 07:35:06)
2026-02-01 07:41:00,338 - freqtrade.freqtradebot - INFO - Found open order for Trade(id=7, pair=ZEC/USDT, amount=0, is_short=False, leverage=1, open_rate=299.58, open_since=2026-02-01 07:40:06)
2026-02-01 07:41:04,782 - freqtrade.worker - INFO - Bot heartbeat. PID=1, version='2026.1', state='RUNNING'
2026-02-01 07:41:05,264 - freqtrade.freqtradebot - INFO - Found open order for Trade(id=6, pair=USD1/USDT, amount=0, is_short=False, leverage=1, open_rate=0.9994, open_since=2026-02-01 07:35:06)
2026-02-01 07:41:05,813 - freqtrade.freqtradebot - INFO - Found open order for Trade(id=7, pair=ZEC/USDT, amount=0, is_short=False, leverage=1, open_rate=299.58, open_since=2026-02-01 07:40:06)
2026-02-01 07:41:10,030 - freqtrade.freqtradebot - INFO - Found open order for Trade(id=6, pair=USD1/USDT, amount=0, is_short=False, leverage=1, open_rate=0.9994, open_since=2026-02-01 07:35:06)
2026-02-01 07:41:10,409 - freqtrade.freqtradebot - INFO - Found open order for Trade(id=7, pair=ZEC/USDT, amount=0, is_short=False, leverage=1, open_rate=299.58, open_since=2026-02-01 07:40:06)
2026-02-01 07:41:15,023 - freqtrade.freqtradebot - INFO - Found open order for Trade(id=6, pair=USD1/USDT, amount=0, is_short=False, leverage=1, open_rate=0.9994, open_since=2026-02-01 07:35:06)
2026-02-01 07:41:15,397 - freqtrade.freqtradebot - INFO - Found open order for Trade(id=7, pair=ZEC/USDT, amount=0, is_short=False, leverage=1, open_rate=299.58, open_since=2026-02-01 07:40:06)
2026-02-01 07:41:20,112 - freqtrade.freqtradebot - INFO - Found open order for Trade(id=6, pair=USD1/USDT, amount=0, is_short=False, leverage=1, open_rate=0.9994, open_since=2026-02-01 07:35:06)
2026-02-01 07:41:20,393 - freqtrade.freqtradebot - INFO - Found open order for Trade(id=7, pair=ZEC/USDT, amount=0, is_short=False, leverage=1, open_rate=299.58, open_since=2026-02-01 07:40:06)
2026-02-01 07:41:25,048 - freqtrade.freqtradebot - INFO - Found open order for Trade(id=6, pair=USD1/USDT, amount=0, is_short=False, leverage=1, open_rate=0.9994, open_since=2026-02-01 07:35:06)
2026-02-01 07:41:25,353 - freqtrade.freqtradebot - INFO - Found open order for Trade(id=7, pair=ZEC/USDT, amount=0, is_short=False, leverage=1, open_rate=299.58, open_since=2026-02-01 07:40:06)
2026-02-01 07:41:30,078 - freqtrade.freqtradebot - INFO - Found open order for Trade(id=6, pair=USD1/USDT, amount=0, is_short=False, leverage=1, open_rate=0.9994, open_since=2026-02-01 07:35:06)
2026-02-01 07:41:30,369 - freqtrade.freqtradebot - INFO - Found open order for Trade(id=7, pair=ZEC/USDT, amount=0, is_short=False, leverage=1, open_rate=299.58, open_since=2026-02-01 07:40:06)
2026-02-01 07:41:35,081 - freqtrade.freqtradebot - INFO - Found open order for Trade(id=6, pair=USD1/USDT, amount=0, is_short=False, leverage=1, open_rate=0.9994, open_since=2026-02-01 07:35:06)
2026-02-01 07:41:35,440 - freqtrade.freqtradebot - INFO - Found open order for Trade(id=7, pair=ZEC/USDT, amount=0, is_short=False, leverage=1, open_rate=299.58, open_since=2026-02-01 07:40:06)
2026-02-01 07:41:40,033 - freqtrade.freqtradebot - INFO - Found open order for Trade(id=6, pair=USD1/USDT, amount=0, is_short=False, leverage=1, open_rate=0.9994, open_since=2026-02-01 07:35:06)
2026-02-01 07:41:40,314 - freqtrade.freqtradebot - INFO - Found open order for Trade(id=7, pair=ZEC/USDT, amount=0, is_short=False, leverage=1, open_rate=299.58, open_since=2026-02-01 07:40:06)
2026-02-01 07:41:45,047 - freqtrade.freqtradebot - INFO - Found open order for Trade(id=6, pair=USD1/USDT, amount=0, is_short=False, leverage=1, open_rate=0.9994, open_since=2026-02-01 07:35:06)
2026-02-01 07:41:45,413 - freqtrade.freqtradebot - INFO - Found open order for Trade(id=7, pair=ZEC/USDT, amount=0, is_short=False, leverage=1, open_rate=299.58, open_since=2026-02-01 07:40:06)
2026-02-01 07:41:50,117 - freqtrade.freqtradebot - INFO - Found open order for Trade(id=6, pair=USD1/USDT, amount=0, is_short=False, leverage=1, open_rate=0.9994, open_since=2026-02-01 07:35:06)
2026-02-01 07:41:50,396 - freqtrade.freqtradebot - INFO - Found open order for Trade(id=7, pair=ZEC/USDT, amount=0, is_short=False, leverage=1, open_rate=299.58, open_since=2026-02-01 07:40:06)
2026-02-01 07:41:55,058 - freqtrade.freqtradebot - INFO - Found open order for Trade(id=6, pair=USD1/USDT, amount=0, is_short=False, leverage=1, open_rate=0.9994, open_since=2026-02-01 07:35:06)
2026-02-01 07:41:55,370 - freqtrade.freqtradebot - INFO - Found open order for Trade(id=7, pair=ZEC/USDT, amount=0, is_short=False, leverage=1, open_rate=299.58, open_since=2026-02-01 07:40:06)
2026-02-01 07:42:00,316 - freqtrade.freqtradebot - INFO - Found open order for Trade(id=6, pair=USD1/USDT, amount=0, is_short=False, leverage=1, open_rate=0.9994, open_since=2026-02-01 07:35:06)
2026-02-01 07:42:00,611 - freqtrade.freqtradebot - INFO - Found open order for Trade(id=7, pair=ZEC/USDT, amount=0, is_short=False, leverage=1, open_rate=299.58, open_since=2026-02-01 07:40:06)
2026-02-01 07:42:04,816 - freqtrade.worker - INFO - Bot heartbeat. PID=1, version='2026.1', state='RUNNING'
2026-02-01 07:42:05,062 - freqtrade.freqtradebot - INFO - Found open order for Trade(id=6, pair=USD1/USDT, amount=0, is_short=False, leverage=1, open_rate=0.9994, open_since=2026-02-01 07:35:06)
2026-02-01 07:42:05,586 - freqtrade.freqtradebot - INFO - Found open order for Trade(id=7, pair=ZEC/USDT, amount=0, is_short=False, leverage=1, open_rate=299.58, open_since=2026-02-01 07:40:06)
2026-02-01 07:42:10,076 - freqtrade.freqtradebot - INFO - Found open order for Trade(id=6, pair=USD1/USDT, amount=0, is_short=False, leverage=1, open_rate=0.9994, open_since=2026-02-01 07:35:06)
2026-02-01 07:42:10,345 - freqtrade.freqtradebot - INFO - Found open order for Trade(id=7, pair=ZEC/USDT, amount=0, is_short=False, leverage=1, open_rate=299.58, open_since=2026-02-01 07:40:06)
2026-02-01 07:42:15,073 - freqtrade.freqtradebot - INFO - Found open order for Trade(id=6, pair=USD1/USDT, amount=0, is_short=False, leverage=1, open_rate=0.9994, open_since=2026-02-01 07:35:06)
2026-02-01 07:42:15,889 - freqtrade.freqtradebot - INFO - Found open order for Trade(id=7, pair=ZEC/USDT, amount=0, is_short=False, leverage=1, open_rate=299.58, open_since=2026-02-01 07:40:06)
2026-02-01 07:42:20,047 - freqtrade.freqtradebot - INFO - Found open order for Trade(id=6, pair=USD1/USDT, amount=0, is_short=False, leverage=1, open_rate=0.9994, open_since=2026-02-01 07:35:06)
2026-02-01 07:42:20,403 - freqtrade.freqtradebot - INFO - Found open order for Trade(id=7, pair=ZEC/USDT, amount=0, is_short=False, leverage=1, open_rate=299.58, open_since=2026-02-01 07:40:06)
2026-02-01 07:42:25,128 - freqtrade.freqtradebot - INFO - Found open order for Trade(id=6, pair=USD1/USDT, amount=0, is_short=False, leverage=1, open_rate=0.9994, open_since=2026-02-01 07:35:06)
2026-02-01 07:42:25,416 - freqtrade.freqtradebot - INFO - Found open order for Trade(id=7, pair=ZEC/USDT, amount=0, is_short=False, leverage=1, open_rate=299.58, open_since=2026-02-01 07:40:06)
2026-02-01 07:42:30,060 - freqtrade.freqtradebot - INFO - Found open order for Trade(id=6, pair=USD1/USDT, amount=0, is_short=False, leverage=1, open_rate=0.9994, open_since=2026-02-01 07:35:06)
2026-02-01 07:42:30,394 - freqtrade.freqtradebot - INFO - Found open order for Trade(id=7, pair=ZEC/USDT, amount=0, is_short=False, leverage=1, open_rate=299.58, open_since=2026-02-01 07:40:06)
2026-02-01 07:42:35,107 - freqtrade.freqtradebot - INFO - Found open order for Trade(id=6, pair=USD1/USDT, amount=0, is_short=False, leverage=1, open_rate=0.9994, open_since=2026-02-01 07:35:06)
2026-02-01 07:42:35,510 - freqtrade.freqtradebot - INFO - Found open order for Trade(id=7, pair=ZEC/USDT, amount=0, is_short=False, leverage=1, open_rate=299.58, open_since=2026-02-01 07:40:06)
2026-02-01 07:42:40,102 - freqtrade.freqtradebot - INFO - Found open order for Trade(id=6, pair=USD1/USDT, amount=0, is_short=False, leverage=1, open_rate=0.9994, open_since=2026-02-01 07:35:06)
2026-02-01 07:42:40,387 - freqtrade.freqtradebot - INFO - Found open order for Trade(id=7, pair=ZEC/USDT, amount=0, is_short=False, leverage=1, open_rate=299.58, open_since=2026-02-01 07:40:06)
2026-02-01 07:42:45,107 - freqtrade.freqtradebot - INFO - Found open order for Trade(id=6, pair=USD1/USDT, amount=0, is_short=False, leverage=1, open_rate=0.9994, open_since=2026-02-01 07:35:06)
2026-02-01 07:42:45,399 - freqtrade.freqtradebot - INFO - Found open order for Trade(id=7, pair=ZEC/USDT, amount=0, is_short=False, leverage=1, open_rate=299.58, open_since=2026-02-01 07:40:06)
2026-02-01 07:42:50,163 - freqtrade.freqtradebot - INFO - Found open order for Trade(id=6, pair=USD1/USDT, amount=0, is_short=False, leverage=1, open_rate=0.9994, open_since=2026-02-01 07:35:06)
2026-02-01 07:42:50,480 - freqtrade.freqtradebot - INFO - Found open order for Trade(id=7, pair=ZEC/USDT, amount=0, is_short=False, leverage=1, open_rate=299.58, open_since=2026-02-01 07:40:06)
2026-02-01 07:42:55,105 - freqtrade.freqtradebot - INFO - Found open order for Trade(id=6, pair=USD1/USDT, amount=0, is_short=False, leverage=1, open_rate=0.9994, open_since=2026-02-01 07:35:06)
2026-02-01 07:42:55,916 - freqtrade.freqtradebot - INFO - Found open order for Trade(id=7, pair=ZEC/USDT, amount=0, is_short=False, leverage=1, open_rate=299.58, open_since=2026-02-01 07:40:06)
2026-02-01 07:43:00,072 - freqtrade.freqtradebot - INFO - Found open order for Trade(id=6, pair=USD1/USDT, amount=0, is_short=False, leverage=1, open_rate=0.9994, open_since=2026-02-01 07:35:06)
2026-02-01 07:43:00,375 - freqtrade.freqtradebot - INFO - Found open order for Trade(id=7, pair=ZEC/USDT, amount=0, is_short=False, leverage=1, open_rate=299.58, open_since=2026-02-01 07:40:06)
2026-02-01 07:43:04,842 - freqtrade.worker - INFO - Bot heartbeat. PID=1, version='2026.1', state='RUNNING'
2026-02-01 07:43:05,108 - freqtrade.freqtradebot - INFO - Found open order for Trade(id=6, pair=USD1/USDT, amount=0, is_short=False, leverage=1, open_rate=0.9994, open_since=2026-02-01 07:35:06)
2026-02-01 07:43:05,631 - freqtrade.freqtradebot - INFO - Found open order for Trade(id=7, pair=ZEC/USDT, amount=0, is_short=False, leverage=1, open_rate=299.58, open_since=2026-02-01 07:40:06)
2026-02-01 07:43:10,112 - freqtrade.freqtradebot - INFO - Found open order for Trade(id=6, pair=USD1/USDT, amount=0, is_short=False, leverage=1, open_rate=0.9994, open_since=2026-02-01 07:35:06)
2026-02-01 07:43:10,425 - freqtrade.freqtradebot - INFO - Found open order for Trade(id=7, pair=ZEC/USDT, amount=0, is_short=False, leverage=1, open_rate=299.58, open_since=2026-02-01 07:40:06)
2026-02-01 07:43:15,116 - freqtrade.freqtradebot - INFO - Found open order for Trade(id=6, pair=USD1/USDT, amount=0, is_short=False, leverage=1, open_rate=0.9994, open_since=2026-02-01 07:35:06)
2026-02-01 07:43:15,499 - freqtrade.freqtradebot - INFO - Found open order for Trade(id=7, pair=ZEC/USDT, amount=0, is_short=False, leverage=1, open_rate=299.58, open_since=2026-02-01 07:40:06)
2026-02-01 07:43:20,124 - freqtrade.freqtradebot - INFO - Found open order for Trade(id=6, pair=USD1/USDT, amount=0, is_short=False, leverage=1, open_rate=0.9994, open_since=2026-02-01 07:35:06)
2026-02-01 07:43:20,409 - freqtrade.freqtradebot - INFO - Found open order for Trade(id=7, pair=ZEC/USDT, amount=0, is_short=False, leverage=1, open_rate=299.58, open_since=2026-02-01 07:40:06)
2026-02-01 07:43:25,120 - freqtrade.freqtradebot - INFO - Found open order for Trade(id=6, pair=USD1/USDT, amount=0, is_short=False, leverage=1, open_rate=0.9994, open_since=2026-02-01 07:35:06)
2026-02-01 07:43:25,482 - freqtrade.freqtradebot - INFO - Found open order for Trade(id=7, pair=ZEC/USDT, amount=0, is_short=False, leverage=1, open_rate=299.58, open_since=2026-02-01 07:40:06)
2026-02-01 07:43:30,131 - freqtrade.freqtradebot - INFO - Found open order for Trade(id=6, pair=USD1/USDT, amount=0, is_short=False, leverage=1, open_rate=0.9994, open_since=2026-02-01 07:35:06)
2026-02-01 07:43:30,630 - freqtrade.freqtradebot - INFO - Found open order for Trade(id=7, pair=ZEC/USDT, amount=0, is_short=False, leverage=1, open_rate=299.58, open_since=2026-02-01 07:40:06)
2026-02-01 07:43:35,110 - freqtrade.freqtradebot - INFO - Found open order for Trade(id=6, pair=USD1/USDT, amount=0, is_short=False, leverage=1, open_rate=0.9994, open_since=2026-02-01 07:35:06)
2026-02-01 07:43:35,398 - freqtrade.freqtradebot - INFO - Found open order for Trade(id=7, pair=ZEC/USDT, amount=0, is_short=False, leverage=1, open_rate=299.58, open_since=2026-02-01 07:40:06)
2026-02-01 07:43:40,108 - freqtrade.freqtradebot - INFO - Found open order for Trade(id=6, pair=USD1/USDT, amount=0, is_short=False, leverage=1, open_rate=0.9994, open_since=2026-02-01 07:35:06)
2026-02-01 07:43:40,405 - freqtrade.freqtradebot - INFO - Found open order for Trade(id=7, pair=ZEC/USDT, amount=0, is_short=False, leverage=1, open_rate=299.58, open_since=2026-02-01 07:40:06)
2026-02-01 07:43:45,076 - freqtrade.freqtradebot - INFO - Found open order for Trade(id=6, pair=USD1/USDT, amount=0, is_short=False, leverage=1, open_rate=0.9994, open_since=2026-02-01 07:35:06)
2026-02-01 07:43:45,358 - freqtrade.freqtradebot - INFO - Found open order for Trade(id=7, pair=ZEC/USDT, amount=0, is_short=False, leverage=1, open_rate=299.58, open_since=2026-02-01 07:40:06)
2026-02-01 07:43:50,122 - freqtrade.freqtradebot - INFO - Found open order for Trade(id=6, pair=USD1/USDT, amount=0, is_short=False, leverage=1, open_rate=0.9994, open_since=2026-02-01 07:35:06)
2026-02-01 07:43:50,649 - freqtrade.freqtradebot - INFO - Found open order for Trade(id=7, pair=ZEC/USDT, amount=0, is_short=False, leverage=1, open_rate=299.58, open_since=2026-02-01 07:40:06)
2026-02-01 07:43:55,395 - freqtrade.freqtradebot - INFO - Found open order for Trade(id=6, pair=USD1/USDT, amount=0, is_short=False, leverage=1, open_rate=0.9994, open_since=2026-02-01 07:35:06)
2026-02-01 07:43:55,706 - freqtrade.freqtradebot - INFO - Found open order for Trade(id=7, pair=ZEC/USDT, amount=0, is_short=False, leverage=1, open_rate=299.58, open_since=2026-02-01 07:40:06)
2026-02-01 07:44:00,079 - freqtrade.freqtradebot - INFO - Found open order for Trade(id=6, pair=USD1/USDT, amount=0, is_short=False, leverage=1, open_rate=0.9994, open_since=2026-02-01 07:35:06)
2026-02-01 07:44:00,421 - freqtrade.freqtradebot - INFO - Found open order for Trade(id=7, pair=ZEC/USDT, amount=0, is_short=False, leverage=1, open_rate=299.58, open_since=2026-02-01 07:40:06)
2026-02-01 07:44:04,868 - freqtrade.worker - INFO - Bot heartbeat. PID=1, version='2026.1', state='RUNNING'
2026-02-01 07:44:05,142 - freqtrade.freqtradebot - INFO - Found open order for Trade(id=6, pair=USD1/USDT, amount=0, is_short=False, leverage=1, open_rate=0.9994, open_since=2026-02-01 07:35:06)
2026-02-01 07:44:05,463 - freqtrade.freqtradebot - INFO - Found open order for Trade(id=7, pair=ZEC/USDT, amount=0, is_short=False, leverage=1, open_rate=299.58, open_since=2026-02-01 07:40:06)
2026-02-01 07:44:10,141 - freqtrade.freqtradebot - INFO - Found open order for Trade(id=6, pair=USD1/USDT, amount=0, is_short=False, leverage=1, open_rate=0.9994, open_since=2026-02-01 07:35:06)
2026-02-01 07:44:10,440 - freqtrade.freqtradebot - INFO - Found open order for Trade(id=7, pair=ZEC/USDT, amount=0, is_short=False, leverage=1, open_rate=299.58, open_since=2026-02-01 07:40:06)
2026-02-01 07:44:15,220 - freqtrade.freqtradebot - INFO - Found open order for Trade(id=6, pair=USD1/USDT, amount=0, is_short=False, leverage=1, open_rate=0.9994, open_since=2026-02-01 07:35:06)
2026-02-01 07:44:15,521 - freqtrade.freqtradebot - INFO - Found open order for Trade(id=7, pair=ZEC/USDT, amount=0, is_short=False, leverage=1, open_rate=299.58, open_since=2026-02-01 07:40:06)
2026-02-01 07:44:20,121 - freqtrade.freqtradebot - INFO - Found open order for Trade(id=6, pair=USD1/USDT, amount=0, is_short=False, leverage=1, open_rate=0.9994, open_since=2026-02-01 07:35:06)
2026-02-01 07:44:20,510 - freqtrade.freqtradebot - INFO - Found open order for Trade(id=7, pair=ZEC/USDT, amount=0, is_short=False, leverage=1, open_rate=299.58, open_since=2026-02-01 07:40:06)
2026-02-01 07:44:25,152 - freqtrade.freqtradebot - INFO - Found open order for Trade(id=6, pair=USD1/USDT, amount=0, is_short=False, leverage=1, open_rate=0.9994, open_since=2026-02-01 07:35:06)
2026-02-01 07:44:25,436 - freqtrade.freqtradebot - INFO - Found open order for Trade(id=7, pair=ZEC/USDT, amount=0, is_short=False, leverage=1, open_rate=299.58, open_since=2026-02-01 07:40:06)
2026-02-01 07:44:30,111 - freqtrade.freqtradebot - INFO - Found open order for Trade(id=6, pair=USD1/USDT, amount=0, is_short=False, leverage=1, open_rate=0.9994, open_since=2026-02-01 07:35:06)
2026-02-01 07:44:30,425 - freqtrade.freqtradebot - INFO - Found open order for Trade(id=7, pair=ZEC/USDT, amount=0, is_short=False, leverage=1, open_rate=299.58, open_since=2026-02-01 07:40:06)
2026-02-01 07:44:35,172 - freqtrade.freqtradebot - INFO - Found open order for Trade(id=6, pair=USD1/USDT, amount=0, is_short=False, leverage=1, open_rate=0.9994, open_since=2026-02-01 07:35:06)
2026-02-01 07:44:35,459 - freqtrade.freqtradebot - INFO - Found open order for Trade(id=7, pair=ZEC/USDT, amount=0, is_short=False, leverage=1, open_rate=299.58, open_since=2026-02-01 07:40:06)
2026-02-01 07:44:40,276 - freqtrade.freqtradebot - INFO - Found open order for Trade(id=6, pair=USD1/USDT, amount=0, is_short=False, leverage=1, open_rate=0.9994, open_since=2026-02-01 07:35:06)
2026-02-01 07:44:40,621 - freqtrade.freqtradebot - INFO - Found open order for Trade(id=7, pair=ZEC/USDT, amount=0, is_short=False, leverage=1, open_rate=299.58, open_since=2026-02-01 07:40:06)
2026-02-01 07:44:40,853 - freqtrade.freqtradebot - INFO - Exit for SUI/USDT detected. Reason: roi
2026-02-01 07:44:40,860 - freqtrade.wallets - INFO - Wallets synced.
2026-02-01 07:44:41,073 - freqtrade.rpc.rpc_manager - INFO - Sending rpc message: {'type': exit, 'trade_id': 4, 'exchange': 'Binance', 'pair': 'SUI/USDT', 'leverage': 1.0, 'direction': 'Long', 'gain': 'profit', 'limit': 1.1547, 'order_rate': 1.1547, 'order_type': 'limit', 'amount': 291.4, 'open_rate': 1.1406, 'close_rate': 1.1547, 'current_rate': 1.1547, 'profit_amount': 3.43988958, 'profit_ratio': 0.01033921, 'buy_tag': '', 'enter_tag': '', 'exit_reason': 'roi', 'open_date': datetime.datetime(2026, 2, 1, 5, 15, 1, 992930, tzinfo=datetime.timezone.utc), 'close_date': datetime.datetime(2026, 2, 1, 7, 44, 41, 73128, tzinfo=datetime.timezone.utc), 'stake_amount': 332.37084, 'stake_currency': 'USDT', 'base_currency': 'SUI', 'quote_currency': 'USDT', 'fiat_currency': 'USD', 'sub_trade': False, 'cumulative_profit': 0.0, 'final_profit_ratio': None, 'is_final_exit': False}
2026-02-01 07:44:41,091 - freqtrade.wallets - INFO - Wallets synced.
2026-02-01 07:44:45,363 - freqtrade.freqtradebot - INFO - Found open order for Trade(id=4, pair=SUI/USDT, amount=291.4, is_short=False, leverage=1, open_rate=1.1406, open_since=2026-02-01 05:15:01)
2026-02-01 07:44:45,513 - freqtrade.freqtradebot - INFO - Found open order for Trade(id=6, pair=USD1/USDT, amount=0, is_short=False, leverage=1, open_rate=0.9994, open_since=2026-02-01 07:35:06)
2026-02-01 07:44:46,379 - freqtrade.freqtradebot - INFO - Found open order for Trade(id=7, pair=ZEC/USDT, amount=0, is_short=False, leverage=1, open_rate=299.58, open_since=2026-02-01 07:40:06)
2026-02-01 07:44:50,140 - freqtrade.freqtradebot - INFO - Found open order for Trade(id=4, pair=SUI/USDT, amount=291.4, is_short=False, leverage=1, open_rate=1.1406, open_since=2026-02-01 05:15:01)
2026-02-01 07:44:50,286 - freqtrade.freqtradebot - INFO - Found open order for Trade(id=6, pair=USD1/USDT, amount=0, is_short=False, leverage=1, open_rate=0.9994, open_since=2026-02-01 07:35:06)
2026-02-01 07:44:51,120 - freqtrade.freqtradebot - INFO - Found open order for Trade(id=7, pair=ZEC/USDT, amount=0, is_short=False, leverage=1, open_rate=299.58, open_since=2026-02-01 07:40:06)
2026-02-01 07:44:55,412 - freqtrade.freqtradebot - INFO - Found open order for Trade(id=4, pair=SUI/USDT, amount=291.4, is_short=False, leverage=1, open_rate=1.1406, open_since=2026-02-01 05:15:01)
2026-02-01 07:44:55,604 - freqtrade.freqtradebot - INFO - Found open order for Trade(id=6, pair=USD1/USDT, amount=0, is_short=False, leverage=1, open_rate=0.9994, open_since=2026-02-01 07:35:06)
2026-02-01 07:44:55,870 - freqtrade.freqtradebot - INFO - Found open order for Trade(id=7, pair=ZEC/USDT, amount=0, is_short=False, leverage=1, open_rate=299.58, open_since=2026-02-01 07:40:06)
2026-02-01 07:45:00,187 - freqtrade.freqtradebot - INFO - Found open order for Trade(id=4, pair=SUI/USDT, amount=291.4, is_short=False, leverage=1, open_rate=1.1406, open_since=2026-02-01 05:15:01)
2026-02-01 07:45:00,340 - freqtrade.freqtradebot - INFO - Found open order for Trade(id=6, pair=USD1/USDT, amount=0, is_short=False, leverage=1, open_rate=0.9994, open_since=2026-02-01 07:35:06)
2026-02-01 07:45:00,918 - freqtrade.freqtradebot - INFO - Found open order for Trade(id=7, pair=ZEC/USDT, amount=0, is_short=False, leverage=1, open_rate=299.58, open_since=2026-02-01 07:40:06)
2026-02-01 07:45:04,903 - freqtrade.worker - INFO - Bot heartbeat. PID=1, version='2026.1', state='RUNNING'
2026-02-01 07:45:05,606 - freqtrade.freqtradebot - INFO - Found open order for Trade(id=4, pair=SUI/USDT, amount=291.4, is_short=False, leverage=1, open_rate=1.1406, open_since=2026-02-01 05:15:01)
2026-02-01 07:45:06,166 - freqtrade.freqtradebot - INFO - Found open order for Trade(id=6, pair=USD1/USDT, amount=0, is_short=False, leverage=1, open_rate=0.9994, open_since=2026-02-01 07:35:06)
2026-02-01 07:45:06,487 - freqtrade.freqtradebot - INFO - Found open order for Trade(id=7, pair=ZEC/USDT, amount=0, is_short=False, leverage=1, open_rate=299.58, open_since=2026-02-01 07:40:06)
2026-02-01 07:45:10,158 - freqtrade.freqtradebot - INFO - Found open order for Trade(id=4, pair=SUI/USDT, amount=291.4, is_short=False, leverage=1, open_rate=1.1406, open_since=2026-02-01 05:15:01)
2026-02-01 07:45:10,444 - freqtrade.freqtradebot - INFO - Found open order for Trade(id=6, pair=USD1/USDT, amount=0, is_short=False, leverage=1, open_rate=0.9994, open_since=2026-02-01 07:35:06)
2026-02-01 07:45:10,808 - freqtrade.freqtradebot - INFO - Buy order cancelled due to timeout for Trade(id=6, pair=USD1/USDT, amount=0, is_short=False, leverage=1, open_rate=0.9994, open_since=2026-02-01 07:35:06).
2026-02-01 07:45:10,820 - freqtrade.freqtradebot - INFO - Buy order fully cancelled. Removing Trade(id=6, pair=USD1/USDT, amount=0, is_short=False, leverage=1, open_rate=0.9994, open_since=2026-02-01 07:35:06) from database.
2026-02-01 07:45:10,847 - freqtrade.wallets - INFO - Wallets synced.
2026-02-01 07:45:10,856 - freqtrade.rpc.rpc_manager - INFO - Sending rpc message: {'trade_id': 6, 'type': entry_cancel, 'buy_tag': '', 'enter_tag': '', 'exchange': 'Binance', 'pair': 'USD1/USDT', 'leverage': 1.0, 'direction': 'Long', 'limit': 0.9994, 'order_rate': 0.9994, 'order_type': 'limit', 'stake_amount': 334.6275630324, 'open_rate': 0.9994, 'stake_currency': 'USDT', 'base_currency': 'USD1', 'quote_currency': 'USDT', 'fiat_currency': 'USD', 'amount': 0.0, 'open_date': datetime.datetime(2026, 2, 1, 7, 35, 6, 638005), 'current_rate': 0.9994, 'reason': 'cancelled due to timeout, fully cancelled', 'sub_trade': False}
2026-02-01 07:45:11,241 - freqtrade.freqtradebot - INFO - Found open order for Trade(id=7, pair=ZEC/USDT, amount=0, is_short=False, leverage=1, open_rate=299.58, open_since=2026-02-01 07:40:06)
2026-02-01 07:45:15,172 - freqtrade.freqtradebot - INFO - Found open order for Trade(id=4, pair=SUI/USDT, amount=291.4, is_short=False, leverage=1, open_rate=1.1406, open_since=2026-02-01 05:15:01)
2026-02-01 07:45:15,468 - freqtrade.freqtradebot - INFO - Found open order for Trade(id=7, pair=ZEC/USDT, amount=0, is_short=False, leverage=1, open_rate=299.58, open_since=2026-02-01 07:40:06)
2026-02-01 07:45:20,233 - freqtrade.freqtradebot - INFO - Found open order for Trade(id=4, pair=SUI/USDT, amount=291.4, is_short=False, leverage=1, open_rate=1.1406, open_since=2026-02-01 05:15:01)
2026-02-01 07:45:20,520 - freqtrade.freqtradebot - INFO - Found open order for Trade(id=7, pair=ZEC/USDT, amount=0, is_short=False, leverage=1, open_rate=299.58, open_since=2026-02-01 07:40:06)
2026-02-01 07:45:25,183 - freqtrade.freqtradebot - INFO - Found open order for Trade(id=4, pair=SUI/USDT, amount=291.4, is_short=False, leverage=1, open_rate=1.1406, open_since=2026-02-01 05:15:01)
2026-02-01 07:45:25,512 - freqtrade.freqtradebot - INFO - Found open order for Trade(id=7, pair=ZEC/USDT, amount=0, is_short=False, leverage=1, open_rate=299.58, open_since=2026-02-01 07:40:06)
2026-02-01 07:45:30,126 - freqtrade.freqtradebot - INFO - Found open order for Trade(id=4, pair=SUI/USDT, amount=291.4, is_short=False, leverage=1, open_rate=1.1406, open_since=2026-02-01 05:15:01)
2026-02-01 07:45:30,420 - freqtrade.freqtradebot - INFO - Found open order for Trade(id=7, pair=ZEC/USDT, amount=0, is_short=False, leverage=1, open_rate=299.58, open_since=2026-02-01 07:40:06)
2026-02-01 07:45:35,232 - freqtrade.freqtradebot - INFO - Found open order for Trade(id=4, pair=SUI/USDT, amount=291.4, is_short=False, leverage=1, open_rate=1.1406, open_since=2026-02-01 05:15:01)
2026-02-01 07:45:35,519 - freqtrade.freqtradebot - INFO - Found open order for Trade(id=7, pair=ZEC/USDT, amount=0, is_short=False, leverage=1, open_rate=299.58, open_since=2026-02-01 07:40:06)
2026-02-01 07:45:40,172 - freqtrade.freqtradebot - INFO - Found open order for Trade(id=4, pair=SUI/USDT, amount=291.4, is_short=False, leverage=1, open_rate=1.1406, open_since=2026-02-01 05:15:01)
2026-02-01 07:45:40,703 - freqtrade.freqtradebot - INFO - Found open order for Trade(id=7, pair=ZEC/USDT, amount=0, is_short=False, leverage=1, open_rate=299.58, open_since=2026-02-01 07:40:06)
2026-02-01 07:45:45,427 - freqtrade.freqtradebot - INFO - Found open order for Trade(id=4, pair=SUI/USDT, amount=291.4, is_short=False, leverage=1, open_rate=1.1406, open_since=2026-02-01 05:15:01)
2026-02-01 07:45:45,951 - freqtrade.freqtradebot - INFO - Found open order for Trade(id=7, pair=ZEC/USDT, amount=0, is_short=False, leverage=1, open_rate=299.58, open_since=2026-02-01 07:40:06)
2026-02-01 07:45:50,185 - freqtrade.freqtradebot - INFO - Found open order for Trade(id=4, pair=SUI/USDT, amount=291.4, is_short=False, leverage=1, open_rate=1.1406, open_since=2026-02-01 05:15:01)
2026-02-01 07:45:50,519 - freqtrade.freqtradebot - INFO - Found open order for Trade(id=7, pair=ZEC/USDT, amount=0, is_short=False, leverage=1, open_rate=299.58, open_since=2026-02-01 07:40:06)
2026-02-01 07:45:55,189 - freqtrade.freqtradebot - INFO - Found open order for Trade(id=4, pair=SUI/USDT, amount=291.4, is_short=False, leverage=1, open_rate=1.1406, open_since=2026-02-01 05:15:01)
2026-02-01 07:45:55,498 - freqtrade.freqtradebot - INFO - Found open order for Trade(id=7, pair=ZEC/USDT, amount=0, is_short=False, leverage=1, open_rate=299.58, open_since=2026-02-01 07:40:06)
2026-02-01 07:46:00,583 - freqtrade.freqtradebot - INFO - Found open order for Trade(id=4, pair=SUI/USDT, amount=291.4, is_short=False, leverage=1, open_rate=1.1406, open_since=2026-02-01 05:15:01)
2026-02-01 07:46:00,869 - freqtrade.freqtradebot - INFO - Found open order for Trade(id=7, pair=ZEC/USDT, amount=0, is_short=False, leverage=1, open_rate=299.58, open_since=2026-02-01 07:40:06)
2026-02-01 07:46:04,945 - freqtrade.worker - INFO - Bot heartbeat. PID=1, version='2026.1', state='RUNNING'
2026-02-01 07:46:05,200 - freqtrade.freqtradebot - INFO - Found open order for Trade(id=4, pair=SUI/USDT, amount=291.4, is_short=False, leverage=1, open_rate=1.1406, open_since=2026-02-01 05:15:01)
2026-02-01 07:46:05,489 - freqtrade.freqtradebot - INFO - Found open order for Trade(id=7, pair=ZEC/USDT, amount=0, is_short=False, leverage=1, open_rate=299.58, open_since=2026-02-01 07:40:06)
2026-02-01 07:46:10,454 - freqtrade.freqtradebot - INFO - Found open order for Trade(id=4, pair=SUI/USDT, amount=291.4, is_short=False, leverage=1, open_rate=1.1406, open_since=2026-02-01 05:15:01)
2026-02-01 07:46:10,729 - freqtrade.freqtradebot - INFO - Found open order for Trade(id=7, pair=ZEC/USDT, amount=0, is_short=False, leverage=1, open_rate=299.58, open_since=2026-02-01 07:40:06)
2026-02-01 07:46:15,209 - freqtrade.freqtradebot - INFO - Found open order for Trade(id=4, pair=SUI/USDT, amount=291.4, is_short=False, leverage=1, open_rate=1.1406, open_since=2026-02-01 05:15:01)
2026-02-01 07:46:15,499 - freqtrade.freqtradebot - INFO - Found open order for Trade(id=7, pair=ZEC/USDT, amount=0, is_short=False, leverage=1, open_rate=299.58, open_since=2026-02-01 07:40:06)
2026-02-01 07:46:20,184 - freqtrade.freqtradebot - INFO - Found open order for Trade(id=4, pair=SUI/USDT, amount=291.4, is_short=False, leverage=1, open_rate=1.1406, open_since=2026-02-01 05:15:01)
2026-02-01 07:46:20,715 - freqtrade.freqtradebot - INFO - Found open order for Trade(id=7, pair=ZEC/USDT, amount=0, is_short=False, leverage=1, open_rate=299.58, open_since=2026-02-01 07:40:06)
2026-02-01 07:46:25,251 - freqtrade.freqtradebot - INFO - Found open order for Trade(id=4, pair=SUI/USDT, amount=291.4, is_short=False, leverage=1, open_rate=1.1406, open_since=2026-02-01 05:15:01)
2026-02-01 07:46:25,555 - freqtrade.freqtradebot - INFO - Found open order for Trade(id=7, pair=ZEC/USDT, amount=0, is_short=False, leverage=1, open_rate=299.58, open_since=2026-02-01 07:40:06)
2026-02-01 07:46:30,206 - freqtrade.freqtradebot - INFO - Found open order for Trade(id=4, pair=SUI/USDT, amount=291.4, is_short=False, leverage=1, open_rate=1.1406, open_since=2026-02-01 05:15:01)
2026-02-01 07:46:30,500 - freqtrade.freqtradebot - INFO - Found open order for Trade(id=7, pair=ZEC/USDT, amount=0, is_short=False, leverage=1, open_rate=299.58, open_since=2026-02-01 07:40:06)
2026-02-01 07:46:35,227 - freqtrade.freqtradebot - INFO - Found open order for Trade(id=4, pair=SUI/USDT, amount=291.4, is_short=False, leverage=1, open_rate=1.1406, open_since=2026-02-01 05:15:01)
2026-02-01 07:46:35,608 - freqtrade.freqtradebot - INFO - Found open order for Trade(id=7, pair=ZEC/USDT, amount=0, is_short=False, leverage=1, open_rate=299.58, open_since=2026-02-01 07:40:06)
2026-02-01 07:46:40,517 - freqtrade.freqtradebot - INFO - Found open order for Trade(id=4, pair=SUI/USDT, amount=291.4, is_short=False, leverage=1, open_rate=1.1406, open_since=2026-02-01 05:15:01)
2026-02-01 07:46:40,988 - freqtrade.freqtradebot - INFO - Found open order for Trade(id=7, pair=ZEC/USDT, amount=0, is_short=False, leverage=1, open_rate=299.58, open_since=2026-02-01 07:40:06)
2026-02-01 07:46:41,532 - freqtrade.freqtradebot - INFO - Exit for SUI/USDT detected. Reason: roi
2026-02-01 07:46:41,537 - freqtrade.wallets - INFO - Wallets synced.
2026-02-01 07:46:42,035 - freqtrade.freqtradebot - INFO - Found open order for Trade(id=4, pair=SUI/USDT, amount=291.4, is_short=False, leverage=1, open_rate=1.1406, open_since=2026-02-01 05:15:01)
2026-02-01 07:46:42,061 - freqtrade.freqtradebot - INFO - Sell order cancelled to be replaced by new limit order for Trade(id=4, pair=SUI/USDT, amount=291.4, is_short=False, leverage=1, open_rate=1.1406, open_since=2026-02-01 05:15:01).
2026-02-01 07:46:42,063 - freqtrade.rpc.rpc_manager - INFO - Sending rpc message: {'type': exit_cancel, 'trade_id': 4, 'exchange': 'Binance', 'pair': 'SUI/USDT', 'leverage': 1.0, 'direction': 'Long', 'gain': 'loss', 'limit': 0, 'order_rate': 0, 'order_type': 'limit', 'amount': 0.0, 'open_rate': 1.1406, 'current_rate': 1.1545, 'profit_amount': -332.70321084, 'profit_ratio': -1.0, 'buy_tag': '', 'enter_tag': '', 'exit_reason': None, 'open_date': datetime.datetime(2026, 2, 1, 5, 15, 1, 992930), 'close_date': datetime.datetime(2026, 2, 1, 7, 46, 42, 63571, tzinfo=datetime.timezone.utc), 'stake_currency': 'USDT', 'base_currency': 'SUI', 'quote_currency': 'USDT', 'fiat_currency': 'USD', 'reason': 'cancelled to be replaced by new limit order', 'sub_trade': False, 'stake_amount': 332.37084}
2026-02-01 07:46:42,199 - freqtrade.rpc.rpc_manager - INFO - Sending rpc message: {'type': exit, 'trade_id': 4, 'exchange': 'Binance', 'pair': 'SUI/USDT', 'leverage': 1.0, 'direction': 'Long', 'gain': 'profit', 'limit': 1.1545, 'order_rate': 1.1545, 'order_type': 'limit', 'amount': 291.4, 'open_rate': 1.1406, 'close_rate': 1.1545, 'current_rate': 1.1545, 'profit_amount': 3.38166786, 'profit_ratio': 0.01016422, 'buy_tag': '', 'enter_tag': '', 'exit_reason': 'roi', 'open_date': datetime.datetime(2026, 2, 1, 5, 15, 1, 992930, tzinfo=datetime.timezone.utc), 'close_date': datetime.datetime(2026, 2, 1, 7, 46, 42, 199129, tzinfo=datetime.timezone.utc), 'stake_amount': 332.37084, 'stake_currency': 'USDT', 'base_currency': 'SUI', 'quote_currency': 'USDT', 'fiat_currency': 'USD', 'sub_trade': False, 'cumulative_profit': 0.0, 'final_profit_ratio': None, 'is_final_exit': False}
2026-02-01 07:46:42,213 - freqtrade.wallets - INFO - Wallets synced.
2026-02-01 07:46:45,465 - freqtrade.freqtradebot - INFO - Found open order for Trade(id=4, pair=SUI/USDT, amount=291.4, is_short=False, leverage=1, open_rate=1.1406, open_since=2026-02-01 05:15:01)
2026-02-01 07:46:45,614 - freqtrade.freqtradebot - INFO - Found open order for Trade(id=7, pair=ZEC/USDT, amount=0, is_short=False, leverage=1, open_rate=299.58, open_since=2026-02-01 07:40:06)
2026-02-01 07:46:50,296 - freqtrade.freqtradebot - INFO - Found open order for Trade(id=4, pair=SUI/USDT, amount=291.4, is_short=False, leverage=1, open_rate=1.1406, open_since=2026-02-01 05:15:01)
2026-02-01 07:46:50,439 - freqtrade.freqtradebot - INFO - Found open order for Trade(id=7, pair=ZEC/USDT, amount=0, is_short=False, leverage=1, open_rate=299.58, open_since=2026-02-01 07:40:06)
2026-02-01 07:46:55,236 - freqtrade.freqtradebot - INFO - Found open order for Trade(id=4, pair=SUI/USDT, amount=291.4, is_short=False, leverage=1, open_rate=1.1406, open_since=2026-02-01 05:15:01)
2026-02-01 07:46:55,614 - freqtrade.freqtradebot - INFO - Found open order for Trade(id=7, pair=ZEC/USDT, amount=0, is_short=False, leverage=1, open_rate=299.58, open_since=2026-02-01 07:40:06)
2026-02-01 07:47:00,415 - freqtrade.freqtradebot - INFO - Found open order for Trade(id=4, pair=SUI/USDT, amount=291.4, is_short=False, leverage=1, open_rate=1.1406, open_since=2026-02-01 05:15:01)
2026-02-01 07:47:00,565 - freqtrade.freqtradebot - INFO - Found open order for Trade(id=7, pair=ZEC/USDT, amount=0, is_short=False, leverage=1, open_rate=299.58, open_since=2026-02-01 07:40:06)
2026-02-01 07:47:04,977 - freqtrade.worker - INFO - Bot heartbeat. PID=1, version='2026.1', state='RUNNING'
2026-02-01 07:47:05,232 - freqtrade.freqtradebot - INFO - Found open order for Trade(id=4, pair=SUI/USDT, amount=291.4, is_short=False, leverage=1, open_rate=1.1406, open_since=2026-02-01 05:15:01)
2026-02-01 07:47:05,443 - freqtrade.freqtradebot - INFO - Found open order for Trade(id=7, pair=ZEC/USDT, amount=0, is_short=False, leverage=1, open_rate=299.58, open_since=2026-02-01 07:40:06)
2026-02-01 07:47:10,225 - freqtrade.freqtradebot - INFO - Found open order for Trade(id=4, pair=SUI/USDT, amount=291.4, is_short=False, leverage=1, open_rate=1.1406, open_since=2026-02-01 05:15:01)
2026-02-01 07:47:10,379 - freqtrade.freqtradebot - INFO - Found open order for Trade(id=7, pair=ZEC/USDT, amount=0, is_short=False, leverage=1, open_rate=299.58, open_since=2026-02-01 07:40:06)
2026-02-01 07:47:15,299 - freqtrade.freqtradebot - INFO - Found open order for Trade(id=4, pair=SUI/USDT, amount=291.4, is_short=False, leverage=1, open_rate=1.1406, open_since=2026-02-01 05:15:01)
2026-02-01 07:47:15,453 - freqtrade.freqtradebot - INFO - Found open order for Trade(id=7, pair=ZEC/USDT, amount=0, is_short=False, leverage=1, open_rate=299.58, open_since=2026-02-01 07:40:06)
2026-02-01 07:47:20,248 - freqtrade.freqtradebot - INFO - Found open order for Trade(id=4, pair=SUI/USDT, amount=291.4, is_short=False, leverage=1, open_rate=1.1406, open_since=2026-02-01 05:15:01)
2026-02-01 07:47:20,411 - freqtrade.freqtradebot - INFO - Found open order for Trade(id=7, pair=ZEC/USDT, amount=0, is_short=False, leverage=1, open_rate=299.58, open_since=2026-02-01 07:40:06)
2026-02-01 07:47:25,246 - freqtrade.freqtradebot - INFO - Found open order for Trade(id=4, pair=SUI/USDT, amount=291.4, is_short=False, leverage=1, open_rate=1.1406, open_since=2026-02-01 05:15:01)
2026-02-01 07:47:25,422 - freqtrade.freqtradebot - INFO - Found open order for Trade(id=7, pair=ZEC/USDT, amount=0, is_short=False, leverage=1, open_rate=299.58, open_since=2026-02-01 07:40:06)
2026-02-01 07:47:30,258 - freqtrade.freqtradebot - INFO - Found open order for Trade(id=4, pair=SUI/USDT, amount=291.4, is_short=False, leverage=1, open_rate=1.1406, open_since=2026-02-01 05:15:01)
2026-02-01 07:47:30,399 - freqtrade.freqtradebot - INFO - Found open order for Trade(id=7, pair=ZEC/USDT, amount=0, is_short=False, leverage=1, open_rate=299.58, open_since=2026-02-01 07:40:06)
2026-02-01 07:47:35,276 - freqtrade.freqtradebot - INFO - Found open order for Trade(id=4, pair=SUI/USDT, amount=291.4, is_short=False, leverage=1, open_rate=1.1406, open_since=2026-02-01 05:15:01)
2026-02-01 07:47:35,496 - freqtrade.freqtradebot - INFO - Found open order for Trade(id=7, pair=ZEC/USDT, amount=0, is_short=False, leverage=1, open_rate=299.58, open_since=2026-02-01 07:40:06)
2026-02-01 07:47:40,261 - freqtrade.freqtradebot - INFO - Found open order for Trade(id=4, pair=SUI/USDT, amount=291.4, is_short=False, leverage=1, open_rate=1.1406, open_since=2026-02-01 05:15:01)
2026-02-01 07:47:40,413 - freqtrade.freqtradebot - INFO - Found open order for Trade(id=7, pair=ZEC/USDT, amount=0, is_short=False, leverage=1, open_rate=299.58, open_since=2026-02-01 07:40:06)
2026-02-01 07:47:45,243 - freqtrade.freqtradebot - INFO - Found open order for Trade(id=4, pair=SUI/USDT, amount=291.4, is_short=False, leverage=1, open_rate=1.1406, open_since=2026-02-01 05:15:01)
2026-02-01 07:47:45,391 - freqtrade.freqtradebot - INFO - Found open order for Trade(id=7, pair=ZEC/USDT, amount=0, is_short=False, leverage=1, open_rate=299.58, open_since=2026-02-01 07:40:06)
2026-02-01 07:47:50,278 - freqtrade.freqtradebot - INFO - Found open order for Trade(id=4, pair=SUI/USDT, amount=291.4, is_short=False, leverage=1, open_rate=1.1406, open_since=2026-02-01 05:15:01)
2026-02-01 07:47:50,456 - freqtrade.freqtradebot - INFO - Found open order for Trade(id=7, pair=ZEC/USDT, amount=0, is_short=False, leverage=1, open_rate=299.58, open_since=2026-02-01 07:40:06)
2026-02-01 07:47:55,310 - freqtrade.freqtradebot - INFO - Found open order for Trade(id=4, pair=SUI/USDT, amount=291.4, is_short=False, leverage=1, open_rate=1.1406, open_since=2026-02-01 05:15:01)
2026-02-01 07:47:55,465 - freqtrade.freqtradebot - INFO - Found open order for Trade(id=7, pair=ZEC/USDT, amount=0, is_short=False, leverage=1, open_rate=299.58, open_since=2026-02-01 07:40:06)
2026-02-01 07:48:00,278 - freqtrade.freqtradebot - INFO - Found open order for Trade(id=4, pair=SUI/USDT, amount=291.4, is_short=False, leverage=1, open_rate=1.1406, open_since=2026-02-01 05:15:01)
2026-02-01 07:48:00,426 - freqtrade.freqtradebot - INFO - Found open order for Trade(id=7, pair=ZEC/USDT, amount=0, is_short=False, leverage=1, open_rate=299.58, open_since=2026-02-01 07:40:06)
2026-02-01 07:48:05,033 - freqtrade.worker - INFO - Bot heartbeat. PID=1, version='2026.1', state='RUNNING'
2026-02-01 07:48:05,319 - freqtrade.freqtradebot - INFO - Found open order for Trade(id=4, pair=SUI/USDT, amount=291.4, is_short=False, leverage=1, open_rate=1.1406, open_since=2026-02-01 05:15:01)
2026-02-01 07:48:05,462 - freqtrade.freqtradebot - INFO - Found open order for Trade(id=7, pair=ZEC/USDT, amount=0, is_short=False, leverage=1, open_rate=299.58, open_since=2026-02-01 07:40:06)
2026-02-01 07:48:10,322 - freqtrade.freqtradebot - INFO - Found open order for Trade(id=4, pair=SUI/USDT, amount=291.4, is_short=False, leverage=1, open_rate=1.1406, open_since=2026-02-01 05:15:01)
2026-02-01 07:48:10,475 - freqtrade.freqtradebot - INFO - Found open order for Trade(id=7, pair=ZEC/USDT, amount=0, is_short=False, leverage=1, open_rate=299.58, open_since=2026-02-01 07:40:06)
2026-02-01 07:48:15,382 - freqtrade.freqtradebot - INFO - Found open order for Trade(id=4, pair=SUI/USDT, amount=291.4, is_short=False, leverage=1, open_rate=1.1406, open_since=2026-02-01 05:15:01)
2026-02-01 07:48:15,551 - freqtrade.freqtradebot - INFO - Found open order for Trade(id=7, pair=ZEC/USDT, amount=0, is_short=False, leverage=1, open_rate=299.58, open_since=2026-02-01 07:40:06)
2026-02-01 07:48:20,294 - freqtrade.freqtradebot - INFO - Found open order for Trade(id=4, pair=SUI/USDT, amount=291.4, is_short=False, leverage=1, open_rate=1.1406, open_since=2026-02-01 05:15:01)
2026-02-01 07:48:20,475 - freqtrade.freqtradebot - INFO - Found open order for Trade(id=7, pair=ZEC/USDT, amount=0, is_short=False, leverage=1, open_rate=299.58, open_since=2026-02-01 07:40:06)
2026-02-01 07:48:25,325 - freqtrade.freqtradebot - INFO - Found open order for Trade(id=4, pair=SUI/USDT, amount=291.4, is_short=False, leverage=1, open_rate=1.1406, open_since=2026-02-01 05:15:01)
2026-02-01 07:48:25,493 - freqtrade.freqtradebot - INFO - Found open order for Trade(id=7, pair=ZEC/USDT, amount=0, is_short=False, leverage=1, open_rate=299.58, open_since=2026-02-01 07:40:06)
2026-02-01 07:48:30,535 - freqtrade.freqtradebot - INFO - Found open order for Trade(id=4, pair=SUI/USDT, amount=291.4, is_short=False, leverage=1, open_rate=1.1406, open_since=2026-02-01 05:15:01)
2026-02-01 07:48:30,693 - freqtrade.freqtradebot - INFO - Found open order for Trade(id=7, pair=ZEC/USDT, amount=0, is_short=False, leverage=1, open_rate=299.58, open_since=2026-02-01 07:40:06)
2026-02-01 07:48:35,539 - freqtrade.freqtradebot - INFO - Found open order for Trade(id=4, pair=SUI/USDT, amount=291.4, is_short=False, leverage=1, open_rate=1.1406, open_since=2026-02-01 05:15:01)
2026-02-01 07:48:35,704 - freqtrade.freqtradebot - INFO - Found open order for Trade(id=7, pair=ZEC/USDT, amount=0, is_short=False, leverage=1, open_rate=299.58, open_since=2026-02-01 07:40:06)
2026-02-01 07:48:40,394 - freqtrade.freqtradebot - INFO - Found open order for Trade(id=4, pair=SUI/USDT, amount=291.4, is_short=False, leverage=1, open_rate=1.1406, open_since=2026-02-01 05:15:01)
2026-02-01 07:48:40,713 - freqtrade.freqtradebot - INFO - Found open order for Trade(id=7, pair=ZEC/USDT, amount=0, is_short=False, leverage=1, open_rate=299.58, open_since=2026-02-01 07:40:06)
2026-02-01 07:48:45,338 - freqtrade.freqtradebot - INFO - Found open order for Trade(id=4, pair=SUI/USDT, amount=291.4, is_short=False, leverage=1, open_rate=1.1406, open_since=2026-02-01 05:15:01)
2026-02-01 07:48:45,717 - freqtrade.freqtradebot - INFO - Found open order for Trade(id=7, pair=ZEC/USDT, amount=0, is_short=False, leverage=1, open_rate=299.58, open_since=2026-02-01 07:40:06)
2026-02-01 07:48:50,328 - freqtrade.freqtradebot - INFO - Found open order for Trade(id=4, pair=SUI/USDT, amount=291.4, is_short=False, leverage=1, open_rate=1.1406, open_since=2026-02-01 05:15:01)
2026-02-01 07:48:50,486 - freqtrade.freqtradebot - INFO - Found open order for Trade(id=7, pair=ZEC/USDT, amount=0, is_short=False, leverage=1, open_rate=299.58, open_since=2026-02-01 07:40:06)
2026-02-01 07:48:55,432 - freqtrade.freqtradebot - INFO - Found open order for Trade(id=4, pair=SUI/USDT, amount=291.4, is_short=False, leverage=1, open_rate=1.1406, open_since=2026-02-01 05:15:01)
2026-02-01 07:48:55,581 - freqtrade.freqtradebot - INFO - Found open order for Trade(id=7, pair=ZEC/USDT, amount=0, is_short=False, leverage=1, open_rate=299.58, open_since=2026-02-01 07:40:06)
2026-02-01 07:49:00,441 - freqtrade.freqtradebot - INFO - Found open order for Trade(id=4, pair=SUI/USDT, amount=291.4, is_short=False, leverage=1, open_rate=1.1406, open_since=2026-02-01 05:15:01)
2026-02-01 07:49:00,614 - freqtrade.freqtradebot - INFO - Found open order for Trade(id=7, pair=ZEC/USDT, amount=0, is_short=False, leverage=1, open_rate=299.58, open_since=2026-02-01 07:40:06)
2026-02-01 07:49:05,167 - freqtrade.worker - INFO - Bot heartbeat. PID=1, version='2026.1', state='RUNNING'
2026-02-01 07:49:05,389 - freqtrade.freqtradebot - INFO - Found open order for Trade(id=4, pair=SUI/USDT, amount=291.4, is_short=False, leverage=1, open_rate=1.1406, open_since=2026-02-01 05:15:01)
2026-02-01 07:49:05,562 - freqtrade.freqtradebot - INFO - Found open order for Trade(id=7, pair=ZEC/USDT, amount=0, is_short=False, leverage=1, open_rate=299.58, open_since=2026-02-01 07:40:06)
2026-02-01 07:49:10,418 - freqtrade.freqtradebot - INFO - Found open order for Trade(id=4, pair=SUI/USDT, amount=291.4, is_short=False, leverage=1, open_rate=1.1406, open_since=2026-02-01 05:15:01)
2026-02-01 07:49:10,569 - freqtrade.freqtradebot - INFO - Found open order for Trade(id=7, pair=ZEC/USDT, amount=0, is_short=False, leverage=1, open_rate=299.58, open_since=2026-02-01 07:40:06)
2026-02-01 07:49:15,445 - freqtrade.freqtradebot - INFO - Found open order for Trade(id=4, pair=SUI/USDT, amount=291.4, is_short=False, leverage=1, open_rate=1.1406, open_since=2026-02-01 05:15:01)
2026-02-01 07:49:15,595 - freqtrade.freqtradebot - INFO - Found open order for Trade(id=7, pair=ZEC/USDT, amount=0, is_short=False, leverage=1, open_rate=299.58, open_since=2026-02-01 07:40:06)
2026-02-01 07:49:20,440 - freqtrade.freqtradebot - INFO - Found open order for Trade(id=4, pair=SUI/USDT, amount=291.4, is_short=False, leverage=1, open_rate=1.1406, open_since=2026-02-01 05:15:01)
2026-02-01 07:49:20,590 - freqtrade.freqtradebot - INFO - Found open order for Trade(id=7, pair=ZEC/USDT, amount=0, is_short=False, leverage=1, open_rate=299.58, open_since=2026-02-01 07:40:06)
2026-02-01 07:49:25,498 - freqtrade.freqtradebot - INFO - Found open order for Trade(id=4, pair=SUI/USDT, amount=291.4, is_short=False, leverage=1, open_rate=1.1406, open_since=2026-02-01 05:15:01)
2026-02-01 07:49:25,712 - freqtrade.freqtradebot - INFO - Found open order for Trade(id=7, pair=ZEC/USDT, amount=0, is_short=False, leverage=1, open_rate=299.58, open_since=2026-02-01 07:40:06)
2026-02-01 07:49:30,405 - freqtrade.freqtradebot - INFO - Found open order for Trade(id=4, pair=SUI/USDT, amount=291.4, is_short=False, leverage=1, open_rate=1.1406, open_since=2026-02-01 05:15:01)
2026-02-01 07:49:30,553 - freqtrade.freqtradebot - INFO - Found open order for Trade(id=7, pair=ZEC/USDT, amount=0, is_short=False, leverage=1, open_rate=299.58, open_since=2026-02-01 07:40:06)
2026-02-01 07:49:35,459 - freqtrade.freqtradebot - INFO - Found open order for Trade(id=4, pair=SUI/USDT, amount=291.4, is_short=False, leverage=1, open_rate=1.1406, open_since=2026-02-01 05:15:01)
2026-02-01 07:49:35,834 - freqtrade.freqtradebot - INFO - Found open order for Trade(id=7, pair=ZEC/USDT, amount=0, is_short=False, leverage=1, open_rate=299.58, open_since=2026-02-01 07:40:06)
2026-02-01 07:49:40,439 - freqtrade.freqtradebot - INFO - Found open order for Trade(id=4, pair=SUI/USDT, amount=291.4, is_short=False, leverage=1, open_rate=1.1406, open_since=2026-02-01 05:15:01)
2026-02-01 07:49:40,586 - freqtrade.freqtradebot - INFO - Found open order for Trade(id=7, pair=ZEC/USDT, amount=0, is_short=False, leverage=1, open_rate=299.58, open_since=2026-02-01 07:40:06)
2026-02-01 07:49:45,538 - freqtrade.freqtradebot - INFO - Found open order for Trade(id=4, pair=SUI/USDT, amount=291.4, is_short=False, leverage=1, open_rate=1.1406, open_since=2026-02-01 05:15:01)
2026-02-01 07:49:45,687 - freqtrade.freqtradebot - INFO - Found open order for Trade(id=7, pair=ZEC/USDT, amount=0, is_short=False, leverage=1, open_rate=299.58, open_since=2026-02-01 07:40:06)
2026-02-01 07:49:55,740 - freqtrade.freqtradebot - INFO - Found open order for Trade(id=4, pair=SUI/USDT, amount=291.4, is_short=False, leverage=1, open_rate=1.1406, open_since=2026-02-01 05:15:01)
2026-02-01 07:49:55,919 - freqtrade.freqtradebot - INFO - Found open order for Trade(id=7, pair=ZEC/USDT, amount=0, is_short=False, leverage=1, open_rate=299.58, open_since=2026-02-01 07:40:06)
2026-02-01 07:49:56,493 - freqtrade.freqtradebot - INFO - Found open order for Trade(id=4, pair=SUI/USDT, amount=291.4, is_short=False, leverage=1, open_rate=1.1406, open_since=2026-02-01 05:15:01)
2026-02-01 07:49:56,654 - freqtrade.freqtradebot - INFO - Found open order for Trade(id=7, pair=ZEC/USDT, amount=0, is_short=False, leverage=1, open_rate=299.58, open_since=2026-02-01 07:40:06)
2026-02-01 07:50:02,086 - freqtrade.freqtradebot - INFO - Found open order for Trade(id=4, pair=SUI/USDT, amount=291.4, is_short=False, leverage=1, open_rate=1.1406, open_since=2026-02-01 05:15:01)
2026-02-01 07:50:02,521 - freqtrade.freqtradebot - INFO - Found open order for Trade(id=7, pair=ZEC/USDT, amount=0, is_short=False, leverage=1, open_rate=299.58, open_since=2026-02-01 07:40:06)
2026-02-01 07:50:06,152 - freqtrade.worker - INFO - Bot heartbeat. PID=1, version='2026.1', state='RUNNING'
2026-02-01 07:50:06,525 - freqtrade.freqtradebot - INFO - Found open order for Trade(id=4, pair=SUI/USDT, amount=291.4, is_short=False, leverage=1, open_rate=1.1406, open_since=2026-02-01 05:15:01)
2026-02-01 07:50:06,971 - freqtrade.freqtradebot - INFO - Found open order for Trade(id=7, pair=ZEC/USDT, amount=0, is_short=False, leverage=1, open_rate=299.58, open_since=2026-02-01 07:40:06)
2026-02-01 07:50:07,467 - freqtrade.freqtradebot - INFO - Buy order cancelled due to timeout for Trade(id=7, pair=ZEC/USDT, amount=0, is_short=False, leverage=1, open_rate=299.58, open_since=2026-02-01 07:40:06).
2026-02-01 07:50:07,472 - freqtrade.freqtradebot - INFO - Buy order fully cancelled. Removing Trade(id=7, pair=ZEC/USDT, amount=0, is_short=False, leverage=1, open_rate=299.58, open_since=2026-02-01 07:40:06) from database.
2026-02-01 07:50:07,520 - freqtrade.wallets - INFO - Wallets synced.
2026-02-01 07:50:07,521 - freqtrade.rpc.rpc_manager - INFO - Sending rpc message: {'trade_id': 7, 'type': entry_cancel, 'buy_tag': '', 'enter_tag': '', 'exchange': 'Binance', 'pair': 'ZEC/USDT', 'leverage': 1.0, 'direction': 'Long', 'limit': 299.58, 'order_rate': 299.58, 'order_type': 'limit', 'stake_amount': 334.6275630324, 'open_rate': 299.58, 'stake_currency': 'USDT', 'base_currency': 'ZEC', 'quote_currency': 'USDT', 'fiat_currency': 'USD', 'amount': 0.0, 'open_date': datetime.datetime(2026, 2, 1, 7, 40, 6, 456768), 'current_rate': 302.57, 'reason': 'cancelled due to timeout, fully cancelled', 'sub_trade': False}
2026-02-01 07:50:11,454 - freqtrade.freqtradebot - INFO - Found open order for Trade(id=4, pair=SUI/USDT, amount=291.4, is_short=False, leverage=1, open_rate=1.1406, open_since=2026-02-01 05:15:01)
2026-02-01 07:50:16,477 - freqtrade.freqtradebot - INFO - Found open order for Trade(id=4, pair=SUI/USDT, amount=291.4, is_short=False, leverage=1, open_rate=1.1406, open_since=2026-02-01 05:15:01)
2026-02-01 07:50:21,457 - freqtrade.freqtradebot - INFO - Found open order for Trade(id=4, pair=SUI/USDT, amount=291.4, is_short=False, leverage=1, open_rate=1.1406, open_since=2026-02-01 05:15:01)
2026-02-01 07:50:26,633 - freqtrade.freqtradebot - INFO - Found open order for Trade(id=4, pair=SUI/USDT, amount=291.4, is_short=False, leverage=1, open_rate=1.1406, open_since=2026-02-01 05:15:01)
2026-02-01 07:50:31,424 - freqtrade.freqtradebot - INFO - Found open order for Trade(id=4, pair=SUI/USDT, amount=291.4, is_short=False, leverage=1, open_rate=1.1406, open_since=2026-02-01 05:15:01)
2026-02-01 07:50:36,241 - freqtrade.plugins.pairlistmanager - INFO - Whitelist with 20 pairs: ['BTC/USDT', 'ETH/USDT', 'USDC/USDT', 'SOL/USDT', 'XRP/USDT', 'USD1/USDT', 'DOGE/USDT', 'SENT/USDT', 'SUI/USDT', 'FDUSD/USDT', 'ZEC/USDT', 'ADA/USDT', 'PAXG/USDT', 'LINK/USDT', 'AVAX/USDT', 'LTC/USDT', 'TRX/USDT', 'ASTER/USDT', 'PEPE/USDT', 'ENA/USDT']
2026-02-01 07:50:36,458 - freqtrade.freqtradebot - INFO - Found open order for Trade(id=4, pair=SUI/USDT, amount=291.4, is_short=False, leverage=1, open_rate=1.1406, open_since=2026-02-01 05:15:01)
2026-02-01 07:50:42,827 - VolumePairList - INFO - Pair BNB/USDT in your blacklist. Removing it from whitelist...
2026-02-01 07:50:42,940 - freqtrade.plugins.pairlistmanager - INFO - Whitelist with 20 pairs: ['BTC/USDT', 'ETH/USDT', 'USDC/USDT', 'SOL/USDT', 'XRP/USDT', 'USD1/USDT', 'DOGE/USDT', 'SENT/USDT', 'SUI/USDT', 'FDUSD/USDT', 'ZEC/USDT', 'ADA/USDT', 'PAXG/USDT', 'LINK/USDT', 'AVAX/USDT', 'LTC/USDT', 'TRX/USDT', 'PEPE/USDT', 'ASTER/USDT', 'ENA/USDT']
2026-02-01 07:50:43,208 - freqtrade.freqtradebot - INFO - Found open order for Trade(id=4, pair=SUI/USDT, amount=291.4, is_short=False, leverage=1, open_rate=1.1406, open_since=2026-02-01 05:15:01)
2026-02-01 07:50:46,465 - freqtrade.freqtradebot - INFO - Found open order for Trade(id=4, pair=SUI/USDT, amount=291.4, is_short=False, leverage=1, open_rate=1.1406, open_since=2026-02-01 05:15:01)
2026-02-01 07:50:51,599 - freqtrade.freqtradebot - INFO - Found open order for Trade(id=4, pair=SUI/USDT, amount=291.4, is_short=False, leverage=1, open_rate=1.1406, open_since=2026-02-01 05:15:01)
2026-02-01 07:50:56,483 - freqtrade.freqtradebot - INFO - Found open order for Trade(id=4, pair=SUI/USDT, amount=291.4, is_short=False, leverage=1, open_rate=1.1406, open_since=2026-02-01 05:15:01)
2026-02-01 07:51:01,501 - freqtrade.freqtradebot - INFO - Found open order for Trade(id=4, pair=SUI/USDT, amount=291.4, is_short=False, leverage=1, open_rate=1.1406, open_since=2026-02-01 05:15:01)
2026-02-01 07:51:06,198 - freqtrade.worker - INFO - Bot heartbeat. PID=1, version='2026.1', state='RUNNING'
2026-02-01 07:51:06,669 - freqtrade.freqtradebot - INFO - Found open order for Trade(id=4, pair=SUI/USDT, amount=291.4, is_short=False, leverage=1, open_rate=1.1406, open_since=2026-02-01 05:15:01)
2026-02-01 07:51:11,556 - freqtrade.freqtradebot - INFO - Found open order for Trade(id=4, pair=SUI/USDT, amount=291.4, is_short=False, leverage=1, open_rate=1.1406, open_since=2026-02-01 05:15:01)
2026-02-01 07:51:16,523 - freqtrade.freqtradebot - INFO - Found open order for Trade(id=4, pair=SUI/USDT, amount=291.4, is_short=False, leverage=1, open_rate=1.1406, open_since=2026-02-01 05:15:01)
2026-02-01 07:51:21,506 - freqtrade.freqtradebot - INFO - Found open order for Trade(id=4, pair=SUI/USDT, amount=291.4, is_short=False, leverage=1, open_rate=1.1406, open_since=2026-02-01 05:15:01)
2026-02-01 07:51:26,518 - freqtrade.freqtradebot - INFO - Found open order for Trade(id=4, pair=SUI/USDT, amount=291.4, is_short=False, leverage=1, open_rate=1.1406, open_since=2026-02-01 05:15:01)
2026-02-01 07:51:31,535 - freqtrade.freqtradebot - INFO - Found open order for Trade(id=4, pair=SUI/USDT, amount=291.4, is_short=False, leverage=1, open_rate=1.1406, open_since=2026-02-01 05:15:01)
2026-02-01 07:51:36,568 - freqtrade.freqtradebot - INFO - Found open order for Trade(id=4, pair=SUI/USDT, amount=291.4, is_short=False, leverage=1, open_rate=1.1406, open_since=2026-02-01 05:15:01)
2026-02-01 07:51:41,562 - freqtrade.freqtradebot - INFO - Found open order for Trade(id=4, pair=SUI/USDT, amount=291.4, is_short=False, leverage=1, open_rate=1.1406, open_since=2026-02-01 05:15:01)
2026-02-01 07:51:46,453 - freqtrade.freqtradebot - INFO - Found open order for Trade(id=4, pair=SUI/USDT, amount=291.4, is_short=False, leverage=1, open_rate=1.1406, open_since=2026-02-01 05:15:01)
2026-02-01 07:51:51,482 - freqtrade.freqtradebot - INFO - Found open order for Trade(id=4, pair=SUI/USDT, amount=291.4, is_short=False, leverage=1, open_rate=1.1406, open_since=2026-02-01 05:15:01)
2026-02-01 07:51:56,495 - freqtrade.freqtradebot - INFO - Found open order for Trade(id=4, pair=SUI/USDT, amount=291.4, is_short=False, leverage=1, open_rate=1.1406, open_since=2026-02-01 05:15:01)
2026-02-01 07:52:01,567 - freqtrade.freqtradebot - INFO - Found open order for Trade(id=4, pair=SUI/USDT, amount=291.4, is_short=False, leverage=1, open_rate=1.1406, open_since=2026-02-01 05:15:01)
2026-02-01 07:52:06,235 - freqtrade.worker - INFO - Bot heartbeat. PID=1, version='2026.1', state='RUNNING'
2026-02-01 07:52:06,481 - freqtrade.freqtradebot - INFO - Found open order for Trade(id=4, pair=SUI/USDT, amount=291.4, is_short=False, leverage=1, open_rate=1.1406, open_since=2026-02-01 05:15:01)
2026-02-01 07:52:11,769 - freqtrade.freqtradebot - INFO - Found open order for Trade(id=4, pair=SUI/USDT, amount=291.4, is_short=False, leverage=1, open_rate=1.1406, open_since=2026-02-01 05:15:01)
2026-02-01 07:52:16,776 - freqtrade.freqtradebot - INFO - Found open order for Trade(id=4, pair=SUI/USDT, amount=291.4, is_short=False, leverage=1, open_rate=1.1406, open_since=2026-02-01 05:15:01)
2026-02-01 07:52:21,504 - freqtrade.freqtradebot - INFO - Found open order for Trade(id=4, pair=SUI/USDT, amount=291.4, is_short=False, leverage=1, open_rate=1.1406, open_since=2026-02-01 05:15:01)
2026-02-01 07:52:26,549 - freqtrade.freqtradebot - INFO - Found open order for Trade(id=4, pair=SUI/USDT, amount=291.4, is_short=False, leverage=1, open_rate=1.1406, open_since=2026-02-01 05:15:01)
2026-02-01 07:52:31,495 - freqtrade.freqtradebot - INFO - Found open order for Trade(id=4, pair=SUI/USDT, amount=291.4, is_short=False, leverage=1, open_rate=1.1406, open_since=2026-02-01 05:15:01)
2026-02-01 07:52:36,508 - freqtrade.freqtradebot - INFO - Found open order for Trade(id=4, pair=SUI/USDT, amount=291.4, is_short=False, leverage=1, open_rate=1.1406, open_since=2026-02-01 05:15:01)
2026-02-01 07:52:41,584 - freqtrade.freqtradebot - INFO - Found open order for Trade(id=4, pair=SUI/USDT, amount=291.4, is_short=False, leverage=1, open_rate=1.1406, open_since=2026-02-01 05:15:01)
2026-02-01 07:52:46,511 - freqtrade.freqtradebot - INFO - Found open order for Trade(id=4, pair=SUI/USDT, amount=291.4, is_short=False, leverage=1, open_rate=1.1406, open_since=2026-02-01 05:15:01)
2026-02-01 07:52:51,513 - freqtrade.freqtradebot - INFO - Found open order for Trade(id=4, pair=SUI/USDT, amount=291.4, is_short=False, leverage=1, open_rate=1.1406, open_since=2026-02-01 05:15:01)
2026-02-01 07:52:56,876 - freqtrade.freqtradebot - INFO - Found open order for Trade(id=4, pair=SUI/USDT, amount=291.4, is_short=False, leverage=1, open_rate=1.1406, open_since=2026-02-01 05:15:01)
2026-02-01 07:53:01,535 - freqtrade.freqtradebot - INFO - Found open order for Trade(id=4, pair=SUI/USDT, amount=291.4, is_short=False, leverage=1, open_rate=1.1406, open_since=2026-02-01 05:15:01)
2026-02-01 07:53:06,297 - freqtrade.worker - INFO - Bot heartbeat. PID=1, version='2026.1', state='RUNNING'
2026-02-01 07:53:06,550 - freqtrade.freqtradebot - INFO - Found open order for Trade(id=4, pair=SUI/USDT, amount=291.4, is_short=False, leverage=1, open_rate=1.1406, open_since=2026-02-01 05:15:01)
2026-02-01 07:53:11,598 - freqtrade.freqtradebot - INFO - Found open order for Trade(id=4, pair=SUI/USDT, amount=291.4, is_short=False, leverage=1, open_rate=1.1406, open_since=2026-02-01 05:15:01)
2026-02-01 07:53:16,609 - freqtrade.freqtradebot - INFO - Found open order for Trade(id=4, pair=SUI/USDT, amount=291.4, is_short=False, leverage=1, open_rate=1.1406, open_since=2026-02-01 05:15:01)
2026-02-01 07:53:21,583 - freqtrade.freqtradebot - INFO - Found open order for Trade(id=4, pair=SUI/USDT, amount=291.4, is_short=False, leverage=1, open_rate=1.1406, open_since=2026-02-01 05:15:01)
2026-02-01 07:53:26,547 - freqtrade.freqtradebot - INFO - Found open order for Trade(id=4, pair=SUI/USDT, amount=291.4, is_short=False, leverage=1, open_rate=1.1406, open_since=2026-02-01 05:15:01)
2026-02-01 07:53:31,546 - freqtrade.freqtradebot - INFO - Found open order for Trade(id=4, pair=SUI/USDT, amount=291.4, is_short=False, leverage=1, open_rate=1.1406, open_since=2026-02-01 05:15:01)
2026-02-01 07:53:36,563 - freqtrade.freqtradebot - INFO - Found open order for Trade(id=4, pair=SUI/USDT, amount=291.4, is_short=False, leverage=1, open_rate=1.1406, open_since=2026-02-01 05:15:01)
2026-02-01 07:53:41,556 - freqtrade.freqtradebot - INFO - Found open order for Trade(id=4, pair=SUI/USDT, amount=291.4, is_short=False, leverage=1, open_rate=1.1406, open_since=2026-02-01 05:15:01)
2026-02-01 07:53:46,595 - freqtrade.freqtradebot - INFO - Found open order for Trade(id=4, pair=SUI/USDT, amount=291.4, is_short=False, leverage=1, open_rate=1.1406, open_since=2026-02-01 05:15:01)
2026-02-01 07:53:51,613 - freqtrade.freqtradebot - INFO - Found open order for Trade(id=4, pair=SUI/USDT, amount=291.4, is_short=False, leverage=1, open_rate=1.1406, open_since=2026-02-01 05:15:01)
2026-02-01 07:53:56,576 - freqtrade.freqtradebot - INFO - Found open order for Trade(id=4, pair=SUI/USDT, amount=291.4, is_short=False, leverage=1, open_rate=1.1406, open_since=2026-02-01 05:15:01)
2026-02-01 07:54:01,564 - freqtrade.freqtradebot - INFO - Found open order for Trade(id=4, pair=SUI/USDT, amount=291.4, is_short=False, leverage=1, open_rate=1.1406, open_since=2026-02-01 05:15:01)
2026-02-01 07:54:06,330 - freqtrade.worker - INFO - Bot heartbeat. PID=1, version='2026.1', state='RUNNING'
2026-02-01 07:54:06,650 - freqtrade.freqtradebot - INFO - Found open order for Trade(id=4, pair=SUI/USDT, amount=291.4, is_short=False, leverage=1, open_rate=1.1406, open_since=2026-02-01 05:15:01)
2026-02-01 07:54:11,595 - freqtrade.freqtradebot - INFO - Found open order for Trade(id=4, pair=SUI/USDT, amount=291.4, is_short=False, leverage=1, open_rate=1.1406, open_since=2026-02-01 05:15:01)
2026-02-01 07:54:16,606 - freqtrade.freqtradebot - INFO - Found open order for Trade(id=4, pair=SUI/USDT, amount=291.4, is_short=False, leverage=1, open_rate=1.1406, open_since=2026-02-01 05:15:01)
2026-02-01 07:54:21,588 - freqtrade.freqtradebot - INFO - Found open order for Trade(id=4, pair=SUI/USDT, amount=291.4, is_short=False, leverage=1, open_rate=1.1406, open_since=2026-02-01 05:15:01)
2026-02-01 07:54:26,624 - freqtrade.freqtradebot - INFO - Found open order for Trade(id=4, pair=SUI/USDT, amount=291.4, is_short=False, leverage=1, open_rate=1.1406, open_since=2026-02-01 05:15:01)
2026-02-01 07:54:31,688 - freqtrade.freqtradebot - INFO - Found open order for Trade(id=4, pair=SUI/USDT, amount=291.4, is_short=False, leverage=1, open_rate=1.1406, open_since=2026-02-01 05:15:01)
2026-02-01 07:54:36,607 - freqtrade.freqtradebot - INFO - Found open order for Trade(id=4, pair=SUI/USDT, amount=291.4, is_short=False, leverage=1, open_rate=1.1406, open_since=2026-02-01 05:15:01)
2026-02-01 07:54:41,658 - freqtrade.freqtradebot - INFO - Found open order for Trade(id=4, pair=SUI/USDT, amount=291.4, is_short=False, leverage=1, open_rate=1.1406, open_since=2026-02-01 05:15:01)
2026-02-01 07:54:46,649 - freqtrade.freqtradebot - INFO - Found open order for Trade(id=4, pair=SUI/USDT, amount=291.4, is_short=False, leverage=1, open_rate=1.1406, open_since=2026-02-01 05:15:01)
2026-02-01 07:54:51,627 - freqtrade.freqtradebot - INFO - Found open order for Trade(id=4, pair=SUI/USDT, amount=291.4, is_short=False, leverage=1, open_rate=1.1406, open_since=2026-02-01 05:15:01)
2026-02-01 07:54:56,878 - freqtrade.freqtradebot - INFO - Found open order for Trade(id=4, pair=SUI/USDT, amount=291.4, is_short=False, leverage=1, open_rate=1.1406, open_since=2026-02-01 05:15:01)
2026-02-01 07:55:01,787 - freqtrade.freqtradebot - INFO - Found open order for Trade(id=4, pair=SUI/USDT, amount=291.4, is_short=False, leverage=1, open_rate=1.1406, open_since=2026-02-01 05:15:01)
2026-02-01 07:55:06,291 - freqtrade.freqtradebot - INFO - Found open order for Trade(id=4, pair=SUI/USDT, amount=291.4, is_short=False, leverage=1, open_rate=1.1406, open_since=2026-02-01 05:15:01)
2026-02-01 07:55:11,004 - freqtrade.worker - INFO - Bot heartbeat. PID=1, version='2026.1', state='RUNNING'
2026-02-01 07:55:11,224 - freqtrade.freqtradebot - INFO - Found open order for Trade(id=4, pair=SUI/USDT, amount=291.4, is_short=False, leverage=1, open_rate=1.1406, open_since=2026-02-01 05:15:01)
2026-02-01 07:55:16,270 - freqtrade.freqtradebot - INFO - Found open order for Trade(id=4, pair=SUI/USDT, amount=291.4, is_short=False, leverage=1, open_rate=1.1406, open_since=2026-02-01 05:15:01)
2026-02-01 07:55:21,233 - freqtrade.freqtradebot - INFO - Found open order for Trade(id=4, pair=SUI/USDT, amount=291.4, is_short=False, leverage=1, open_rate=1.1406, open_since=2026-02-01 05:15:01)
2026-02-01 07:55:26,357 - freqtrade.freqtradebot - INFO - Found open order for Trade(id=4, pair=SUI/USDT, amount=291.4, is_short=False, leverage=1, open_rate=1.1406, open_since=2026-02-01 05:15:01)
2026-02-01 07:55:31,235 - freqtrade.freqtradebot - INFO - Found open order for Trade(id=4, pair=SUI/USDT, amount=291.4, is_short=False, leverage=1, open_rate=1.1406, open_since=2026-02-01 05:15:01)
2026-02-01 07:55:36,245 - freqtrade.freqtradebot - INFO - Found open order for Trade(id=4, pair=SUI/USDT, amount=291.4, is_short=False, leverage=1, open_rate=1.1406, open_since=2026-02-01 05:15:01)
2026-02-01 07:55:41,267 - freqtrade.freqtradebot - INFO - Found open order for Trade(id=4, pair=SUI/USDT, amount=291.4, is_short=False, leverage=1, open_rate=1.1406, open_since=2026-02-01 05:15:01)
2026-02-01 07:55:46,286 - freqtrade.freqtradebot - INFO - Found open order for Trade(id=4, pair=SUI/USDT, amount=291.4, is_short=False, leverage=1, open_rate=1.1406, open_since=2026-02-01 05:15:01)
2026-02-01 07:55:51,257 - freqtrade.freqtradebot - INFO - Found open order for Trade(id=4, pair=SUI/USDT, amount=291.4, is_short=False, leverage=1, open_rate=1.1406, open_since=2026-02-01 05:15:01)
2026-02-01 07:55:56,277 - freqtrade.freqtradebot - INFO - Found open order for Trade(id=4, pair=SUI/USDT, amount=291.4, is_short=False, leverage=1, open_rate=1.1406, open_since=2026-02-01 05:15:01)
2026-02-01 07:56:01,288 - freqtrade.freqtradebot - INFO - Found open order for Trade(id=4, pair=SUI/USDT, amount=291.4, is_short=False, leverage=1, open_rate=1.1406, open_since=2026-02-01 05:15:01)
2026-02-01 07:56:06,269 - freqtrade.freqtradebot - INFO - Found open order for Trade(id=4, pair=SUI/USDT, amount=291.4, is_short=False, leverage=1, open_rate=1.1406, open_since=2026-02-01 05:15:01)
2026-02-01 07:56:11,032 - freqtrade.worker - INFO - Bot heartbeat. PID=1, version='2026.1', state='RUNNING'
2026-02-01 07:56:11,306 - freqtrade.freqtradebot - INFO - Found open order for Trade(id=4, pair=SUI/USDT, amount=291.4, is_short=False, leverage=1, open_rate=1.1406, open_since=2026-02-01 05:15:01)
2026-02-01 07:56:16,301 - freqtrade.freqtradebot - INFO - Found open order for Trade(id=4, pair=SUI/USDT, amount=291.4, is_short=False, leverage=1, open_rate=1.1406, open_since=2026-02-01 05:15:01)
2026-02-01 07:56:21,299 - freqtrade.freqtradebot - INFO - Found open order for Trade(id=4, pair=SUI/USDT, amount=291.4, is_short=False, leverage=1, open_rate=1.1406, open_since=2026-02-01 05:15:01)
2026-02-01 07:56:26,287 - freqtrade.freqtradebot - INFO - Found open order for Trade(id=4, pair=SUI/USDT, amount=291.4, is_short=False, leverage=1, open_rate=1.1406, open_since=2026-02-01 05:15:01)
2026-02-01 07:56:31,419 - freqtrade.freqtradebot - INFO - Found open order for Trade(id=4, pair=SUI/USDT, amount=291.4, is_short=False, leverage=1, open_rate=1.1406, open_since=2026-02-01 05:15:01)
2026-02-01 07:56:36,294 - freqtrade.freqtradebot - INFO - Found open order for Trade(id=4, pair=SUI/USDT, amount=291.4, is_short=False, leverage=1, open_rate=1.1406, open_since=2026-02-01 05:15:01)
2026-02-01 07:56:41,280 - freqtrade.freqtradebot - INFO - Found open order for Trade(id=4, pair=SUI/USDT, amount=291.4, is_short=False, leverage=1, open_rate=1.1406, open_since=2026-02-01 05:15:01)
2026-02-01 07:56:46,499 - freqtrade.freqtradebot - INFO - Found open order for Trade(id=4, pair=SUI/USDT, amount=291.4, is_short=False, leverage=1, open_rate=1.1406, open_since=2026-02-01 05:15:01)
2026-02-01 07:56:47,037 - freqtrade.freqtradebot - INFO - Found open order for Trade(id=4, pair=SUI/USDT, amount=291.4, is_short=False, leverage=1, open_rate=1.1406, open_since=2026-02-01 05:15:01)
2026-02-01 07:56:47,045 - freqtrade.freqtradebot - INFO - Sell order cancelled due to timeout for Trade(id=4, pair=SUI/USDT, amount=291.4, is_short=False, leverage=1, open_rate=1.1406, open_since=2026-02-01 05:15:01).
2026-02-01 07:56:47,046 - freqtrade.rpc.rpc_manager - INFO - Sending rpc message: {'type': exit_cancel, 'trade_id': 4, 'exchange': 'Binance', 'pair': 'SUI/USDT', 'leverage': 1.0, 'direction': 'Long', 'gain': 'loss', 'limit': 0, 'order_rate': 0, 'order_type': 'limit', 'amount': 0.0, 'open_rate': 1.1406, 'current_rate': 1.1492, 'profit_amount': -332.70321084, 'profit_ratio': -1.0, 'buy_tag': '', 'enter_tag': '', 'exit_reason': None, 'open_date': datetime.datetime(2026, 2, 1, 5, 15, 1, 992930), 'close_date': datetime.datetime(2026, 2, 1, 7, 56, 47, 46253, tzinfo=datetime.timezone.utc), 'stake_currency': 'USDT', 'base_currency': 'SUI', 'quote_currency': 'USDT', 'fiat_currency': 'USD', 'reason': 'cancelled due to timeout', 'sub_trade': False, 'stake_amount': 332.37084}
2026-02-01 07:57:11,117 - freqtrade.worker - INFO - Bot heartbeat. PID=1, version='2026.1', state='RUNNING'
2026-02-01 07:58:11,166 - freqtrade.worker - INFO - Bot heartbeat. PID=1, version='2026.1', state='RUNNING'
2026-02-01 07:59:11,314 - freqtrade.worker - INFO - Bot heartbeat. PID=1, version='2026.1', state='RUNNING'
2026-02-01 08:00:16,008 - freqtrade.worker - INFO - Bot heartbeat. PID=1, version='2026.1', state='RUNNING'
2026-02-01 08:01:16,045 - freqtrade.worker - INFO - Bot heartbeat. PID=1, version='2026.1', state='RUNNING'
2026-02-01 08:02:16,077 - freqtrade.worker - INFO - Bot heartbeat. PID=1, version='2026.1', state='RUNNING'
2026-02-01 08:03:16,122 - freqtrade.worker - INFO - Bot heartbeat. PID=1, version='2026.1', state='RUNNING'
2026-02-01 08:04:16,170 - freqtrade.worker - INFO - Bot heartbeat. PID=1, version='2026.1', state='RUNNING'
2026-02-01 08:05:21,010 - freqtrade.worker - INFO - Bot heartbeat. PID=1, version='2026.1', state='RUNNING'
2026-02-01 08:06:21,043 - freqtrade.worker - INFO - Bot heartbeat. PID=1, version='2026.1', state='RUNNING'
2026-02-01 08:07:21,089 - freqtrade.worker - INFO - Bot heartbeat. PID=1, version='2026.1', state='RUNNING'
2026-02-01 08:08:21,114 - freqtrade.worker - INFO - Bot heartbeat. PID=1, version='2026.1', state='RUNNING'
2026-02-01 08:09:21,146 - freqtrade.worker - INFO - Bot heartbeat. PID=1, version='2026.1', state='RUNNING'
2026-02-01 08:10:26,012 - freqtrade.worker - INFO - Bot heartbeat. PID=1, version='2026.1', state='RUNNING'
2026-02-01 08:11:26,048 - freqtrade.worker - INFO - Bot heartbeat. PID=1, version='2026.1', state='RUNNING'
2026-02-01 08:12:26,094 - freqtrade.worker - INFO - Bot heartbeat. PID=1, version='2026.1', state='RUNNING'
2026-02-01 08:13:26,255 - freqtrade.worker - INFO - Bot heartbeat. PID=1, version='2026.1', state='RUNNING'
2026-02-01 08:14:26,319 - freqtrade.worker - INFO - Bot heartbeat. PID=1, version='2026.1', state='RUNNING'
2026-02-01 08:15:31,022 - freqtrade.worker - INFO - Bot heartbeat. PID=1, version='2026.1', state='RUNNING'
2026-02-01 08:16:31,047 - freqtrade.worker - INFO - Bot heartbeat. PID=1, version='2026.1', state='RUNNING'
2026-02-01 08:17:31,074 - freqtrade.worker - INFO - Bot heartbeat. PID=1, version='2026.1', state='RUNNING'
2026-02-01 08:18:31,111 - freqtrade.worker - INFO - Bot heartbeat. PID=1, version='2026.1', state='RUNNING'
2026-02-01 08:19:31,145 - freqtrade.worker - INFO - Bot heartbeat. PID=1, version='2026.1', state='RUNNING'
2026-02-01 08:20:36,021 - freqtrade.worker - INFO - Bot heartbeat. PID=1, version='2026.1', state='RUNNING'
2026-02-01 08:21:36,072 - freqtrade.worker - INFO - Bot heartbeat. PID=1, version='2026.1', state='RUNNING'
2026-02-01 08:22:36,108 - freqtrade.worker - INFO - Bot heartbeat. PID=1, version='2026.1', state='RUNNING'
2026-02-01 08:23:36,136 - freqtrade.worker - INFO - Bot heartbeat. PID=1, version='2026.1', state='RUNNING'
2026-02-01 08:24:36,175 - freqtrade.worker - INFO - Bot heartbeat. PID=1, version='2026.1', state='RUNNING'
2026-02-01 08:25:41,030 - freqtrade.worker - INFO - Bot heartbeat. PID=1, version='2026.1', state='RUNNING'
2026-02-01 08:26:41,082 - freqtrade.worker - INFO - Bot heartbeat. PID=1, version='2026.1', state='RUNNING'
2026-02-01 08:27:41,130 - freqtrade.worker - INFO - Bot heartbeat. PID=1, version='2026.1', state='RUNNING'
2026-02-01 08:28:41,176 - freqtrade.worker - INFO - Bot heartbeat. PID=1, version='2026.1', state='RUNNING'
2026-02-01 08:29:41,216 - freqtrade.worker - INFO - Bot heartbeat. PID=1, version='2026.1', state='RUNNING'
2026-02-01 08:30:46,073 - freqtrade.worker - INFO - Bot heartbeat. PID=1, version='2026.1', state='RUNNING'
2026-02-01 08:31:46,117 - freqtrade.worker - INFO - Bot heartbeat. PID=1, version='2026.1', state='RUNNING'
2026-02-01 08:32:46,149 - freqtrade.worker - INFO - Bot heartbeat. PID=1, version='2026.1', state='RUNNING'
2026-02-01 08:33:46,195 - freqtrade.worker - INFO - Bot heartbeat. PID=1, version='2026.1', state='RUNNING'
2026-02-01 08:34:46,233 - freqtrade.worker - INFO - Bot heartbeat. PID=1, version='2026.1', state='RUNNING'
2026-02-01 08:35:51,041 - freqtrade.worker - INFO - Bot heartbeat. PID=1, version='2026.1', state='RUNNING'
2026-02-01 08:36:51,083 - freqtrade.worker - INFO - Bot heartbeat. PID=1, version='2026.1', state='RUNNING'
2026-02-01 08:37:51,161 - freqtrade.worker - INFO - Bot heartbeat. PID=1, version='2026.1', state='RUNNING'
2026-02-01 08:37:51,484 - freqtrade.freqtradebot - INFO - Exit for SUI/USDT detected. Reason: roi
2026-02-01 08:37:51,503 - freqtrade.wallets - INFO - Wallets synced.
2026-02-01 08:37:51,655 - freqtrade.rpc.rpc_manager - INFO - Sending rpc message: {'type': exit, 'trade_id': 4, 'exchange': 'Binance', 'pair': 'SUI/USDT', 'leverage': 1.0, 'direction': 'Long', 'gain': 'profit', 'limit': 1.1544, 'order_rate': 1.1544, 'order_type': 'limit', 'amount': 291.4, 'open_rate': 1.1406, 'close_rate': 1.1544, 'current_rate': 1.1544, 'profit_amount': 3.352557, 'profit_ratio': 0.01007672, 'buy_tag': '', 'enter_tag': '', 'exit_reason': 'roi', 'open_date': datetime.datetime(2026, 2, 1, 5, 15, 1, 992930, tzinfo=datetime.timezone.utc), 'close_date': datetime.datetime(2026, 2, 1, 8, 37, 51, 654359, tzinfo=datetime.timezone.utc), 'stake_amount': 332.37084, 'stake_currency': 'USDT', 'base_currency': 'SUI', 'quote_currency': 'USDT', 'fiat_currency': 'USD', 'sub_trade': False, 'cumulative_profit': 0.0, 'final_profit_ratio': None, 'is_final_exit': False}
2026-02-01 08:37:51,701 - freqtrade.wallets - INFO - Wallets synced.
2026-02-01 08:37:56,459 - freqtrade.freqtradebot - INFO - Found open order for Trade(id=4, pair=SUI/USDT, amount=291.4, is_short=False, leverage=1, open_rate=1.1406, open_since=2026-02-01 05:15:01)
2026-02-01 08:37:56,490 - freqtrade.freqtradebot - INFO - Fee for Trade Trade(id=4, pair=SUI/USDT, amount=291.4, is_short=False, leverage=1, open_rate=1.1406, open_since=2026-02-01 05:15:01) [sell]: 0.33639216 USDT - rate: 0.001
2026-02-01 08:37:56,493 - freqtrade.persistence.trade_model - INFO - Updating trade (id=4) ...
2026-02-01 08:37:56,495 - freqtrade.persistence.trade_model - INFO - LIMIT_SELL has been fulfilled for Trade(id=4, pair=SUI/USDT, amount=291.4, is_short=False, leverage=1, open_rate=1.1406, open_since=2026-02-01 05:15:01).
2026-02-01 08:37:56,497 - freqtrade.persistence.trade_model - INFO - Marking Trade(id=4, pair=SUI/USDT, amount=291.4, is_short=False, leverage=1, open_rate=1.1406, open_since=closed) as closed as the trade is fulfilled and found no open orders for it.
2026-02-01 08:37:56,511 - freqtrade.wallets - INFO - Wallets synced.
2026-02-01 08:37:56,514 - freqtrade.rpc.rpc_manager - INFO - Sending rpc message: {'type': exit_fill, 'trade_id': 4, 'exchange': 'Binance', 'pair': 'SUI/USDT', 'leverage': 1.0, 'direction': 'Long', 'gain': 'profit', 'limit': 1.1544, 'order_rate': 1.1544, 'order_type': 'limit', 'amount': 291.4, 'open_rate': 1.1406, 'close_rate': 1.1544, 'current_rate': None, 'profit_amount': 3.352557, 'profit_ratio': 0.01007672, 'buy_tag': '', 'enter_tag': '', 'exit_reason': 'roi', 'open_date': datetime.datetime(2026, 2, 1, 5, 15, 1, 992930, tzinfo=datetime.timezone.utc), 'close_date': datetime.datetime(2026, 2, 1, 8, 37, 56, 466000, tzinfo=datetime.timezone.utc), 'stake_amount': 332.37084, 'stake_currency': 'USDT', 'base_currency': 'SUI', 'quote_currency': 'USDT', 'fiat_currency': 'USD', 'sub_trade': False, 'cumulative_profit': 3.352557, 'final_profit_ratio': 0.010076719703232066, 'is_final_exit': True}
2026-02-01 08:38:51,227 - freqtrade.worker - INFO - Bot heartbeat. PID=1, version='2026.1', state='RUNNING'
2026-02-01 08:39:51,445 - freqtrade.worker - INFO - Bot heartbeat. PID=1, version='2026.1', state='RUNNING'
2026-02-01 08:40:56,037 - freqtrade.worker - INFO - Bot heartbeat. PID=1, version='2026.1', state='RUNNING'
2026-02-01 08:41:56,188 - freqtrade.worker - INFO - Bot heartbeat. PID=1, version='2026.1', state='RUNNING'
2026-02-01 08:42:56,251 - freqtrade.worker - INFO - Bot heartbeat. PID=1, version='2026.1', state='RUNNING'
2026-02-01 08:43:56,314 - freqtrade.worker - INFO - Bot heartbeat. PID=1, version='2026.1', state='RUNNING'
2026-02-01 08:44:56,456 - freqtrade.worker - INFO - Bot heartbeat. PID=1, version='2026.1', state='RUNNING'
2026-02-01 08:46:01,064 - freqtrade.worker - INFO - Bot heartbeat. PID=1, version='2026.1', state='RUNNING'
2026-02-01 08:47:01,157 - freqtrade.worker - INFO - Bot heartbeat. PID=1, version='2026.1', state='RUNNING'
2026-02-01 08:48:01,197 - freqtrade.worker - INFO - Bot heartbeat. PID=1, version='2026.1', state='RUNNING'
2026-02-01 08:49:01,231 - freqtrade.worker - INFO - Bot heartbeat. PID=1, version='2026.1', state='RUNNING'
2026-02-01 08:50:03,262 - freqtrade.worker - INFO - Bot heartbeat. PID=1, version='2026.1', state='RUNNING'
2026-02-01 08:50:43,319 - freqtrade.plugins.pairlistmanager - INFO - Whitelist with 20 pairs: ['BTC/USDT', 'ETH/USDT', 'USDC/USDT', 'SOL/USDT', 'XRP/USDT', 'USD1/USDT', 'DOGE/USDT', 'SENT/USDT', 'SUI/USDT', 'FDUSD/USDT', 'ZEC/USDT', 'ADA/USDT', 'PAXG/USDT', 'LINK/USDT', 'AVAX/USDT', 'LTC/USDT', 'TRX/USDT', 'PEPE/USDT', 'ASTER/USDT', 'ENA/USDT']
2026-02-01 08:50:49,164 - VolumePairList - INFO - Pair BNB/USDT in your blacklist. Removing it from whitelist...
2026-02-01 08:51:03,303 - freqtrade.worker - INFO - Bot heartbeat. PID=1, version='2026.1', state='RUNNING'
2026-02-01 08:52:03,343 - freqtrade.worker - INFO - Bot heartbeat. PID=1, version='2026.1', state='RUNNING'
2026-02-01 08:53:03,385 - freqtrade.worker - INFO - Bot heartbeat. PID=1, version='2026.1', state='RUNNING'
2026-02-01 08:54:03,422 - freqtrade.worker - INFO - Bot heartbeat. PID=1, version='2026.1', state='RUNNING'
2026-02-01 08:55:06,004 - freqtrade.worker - INFO - Bot heartbeat. PID=1, version='2026.1', state='RUNNING'
2026-02-01 08:56:06,045 - freqtrade.worker - INFO - Bot heartbeat. PID=1, version='2026.1', state='RUNNING'
2026-02-01 08:57:06,079 - freqtrade.worker - INFO - Bot heartbeat. PID=1, version='2026.1', state='RUNNING'
2026-02-01 08:58:06,121 - freqtrade.worker - INFO - Bot heartbeat. PID=1, version='2026.1', state='RUNNING'
2026-02-01 08:59:06,161 - freqtrade.worker - INFO - Bot heartbeat. PID=1, version='2026.1', state='RUNNING'
2026-02-01 09:00:11,004 - freqtrade.worker - INFO - Bot heartbeat. PID=1, version='2026.1', state='RUNNING'
2026-02-01 09:01:11,041 - freqtrade.worker - INFO - Bot heartbeat. PID=1, version='2026.1', state='RUNNING'
2026-02-01 09:02:11,119 - freqtrade.worker - INFO - Bot heartbeat. PID=1, version='2026.1', state='RUNNING'
2026-02-01 09:03:11,154 - freqtrade.worker - INFO - Bot heartbeat. PID=1, version='2026.1', state='RUNNING'
2026-02-01 09:04:11,204 - freqtrade.worker - INFO - Bot heartbeat. PID=1, version='2026.1', state='RUNNING'
2026-02-01 09:05:16,009 - freqtrade.worker - INFO - Bot heartbeat. PID=1, version='2026.1', state='RUNNING'
2026-02-01 09:06:16,061 - freqtrade.worker - INFO - Bot heartbeat. PID=1, version='2026.1', state='RUNNING'
2026-02-01 09:07:16,097 - freqtrade.worker - INFO - Bot heartbeat. PID=1, version='2026.1', state='RUNNING'
2026-02-01 09:08:16,194 - freqtrade.worker - INFO - Bot heartbeat. PID=1, version='2026.1', state='RUNNING'
2026-02-01 09:09:16,613 - freqtrade.worker - INFO - Bot heartbeat. PID=1, version='2026.1', state='RUNNING'
2026-02-01 09:10:21,014 - freqtrade.worker - INFO - Bot heartbeat. PID=1, version='2026.1', state='RUNNING'
2026-02-01 09:11:21,052 - freqtrade.worker - INFO - Bot heartbeat. PID=1, version='2026.1', state='RUNNING'
2026-02-01 09:12:21,090 - freqtrade.worker - INFO - Bot heartbeat. PID=1, version='2026.1', state='RUNNING'
2026-02-01 09:13:21,124 - freqtrade.worker - INFO - Bot heartbeat. PID=1, version='2026.1', state='RUNNING'
2026-02-01 09:14:21,168 - freqtrade.worker - INFO - Bot heartbeat. PID=1, version='2026.1', state='RUNNING'
2026-02-01 09:15:26,009 - freqtrade.worker - INFO - Bot heartbeat. PID=1, version='2026.1', state='RUNNING'
2026-02-01 09:15:57,948 - uvicorn.error - INFO - connection closed
2026-02-01 09:15:58,053 - uvicorn.error - INFO - connection closed
2026-02-01 09:15:58,181 - freqtrade.rpc.api_server.ws.channel - INFO - Disconnected from channel - WebSocketChannel(3b81a870, ('172.18.0.1', 57358))
2026-02-01 09:15:58,257 - freqtrade.rpc.api_server.ws.channel - INFO - Disconnected from channel - WebSocketChannel(86f5f9da, ('172.18.0.1', 63594))
2026-02-01 09:16:26,684 - uvicorn.error - INFO - 172.18.0.1:60712 - "WebSocket /api/v1/message/ws?token=eyJhbGciOiJIUzI1NiIsInR5cCI6IkpXVCJ9.eyJpZGVudGl0eSI6eyJ1IjoiZnJlcXRyYWRlciJ9LCJleHAiOjE3Njk4OTA3MTksImlhdCI6MTc2OTg4OTgxOSwidHlwZSI6ImFjY2VzcyJ9.BTJD0RXJ1NPtv0Uz6FzwGR3a_UO_TqVYdSyG7v2hRIQ" 403
2026-02-01 09:16:26,828 - uvicorn.error - INFO - connection rejected (403 Forbidden)
2026-02-01 09:16:26,857 - uvicorn.error - INFO - connection closed
2026-02-01 09:16:26,920 - uvicorn.error - INFO - 172.18.0.1:60728 - "WebSocket /api/v1/message/ws?token=eyJhbGciOiJIUzI1NiIsInR5cCI6IkpXVCJ9.eyJpZGVudGl0eSI6eyJ1IjoiZnJlcXRyYWRlciJ9LCJleHAiOjE3Njk5MjQ5NjksImlhdCI6MTc2OTkyNDA2OSwidHlwZSI6ImFjY2VzcyJ9.OC83XfvCTskQ1euIok3_kxn5De2-JNWxHwELlyzzgto" 403
2026-02-01 09:16:26,931 - uvicorn.error - INFO - connection rejected (403 Forbidden)
2026-02-01 09:16:26,945 - uvicorn.error - INFO - connection closed
2026-02-01 09:16:30,813 - freqtrade.worker - INFO - Bot heartbeat. PID=1, version='2026.1', state='RUNNING'
2026-02-01 09:17:34,114 - freqtrade.worker - INFO - Bot heartbeat. PID=1, version='2026.1', state='RUNNING'
2026-02-01 09:17:34,131 - asyncio - ERROR - Task exception was never retrieved
future: <Task finished name='Task-613190' coro=<ClientWebSocketResponse.pong() done, defined at /home/ftuser/.local/lib/python3.13/site-packages/aiohttp/client_ws.py:233> exception=ClientConnectionResetError('Cannot write to closing transport')>
Traceback (most recent call last):
  File "/home/ftuser/.local/lib/python3.13/site-packages/aiohttp/client_ws.py", line 234, in pong
    await self._writer.send_frame(message, WSMsgType.PONG)
  File "/home/ftuser/.local/lib/python3.13/site-packages/aiohttp/_websocket/writer.py", line 83, in send_frame
    self._write_websocket_frame(message, opcode, 0)
    ~~~~~~~~~~~~~~~~~~~~~~~~~~~^^^^^^^^^^^^^^^^^^^^
  File "/home/ftuser/.local/lib/python3.13/site-packages/aiohttp/_websocket/writer.py", line 151, in _write_websocket_frame
    raise ClientConnectionResetError("Cannot write to closing transport")
aiohttp.client_exceptions.ClientConnectionResetError: Cannot write to closing transport
2026-02-01 09:18:34,414 - freqtrade.worker - INFO - Bot heartbeat. PID=1, version='2026.1', state='RUNNING'
2026-02-01 09:19:34,479 - freqtrade.worker - INFO - Bot heartbeat. PID=1, version='2026.1', state='RUNNING'
2026-02-01 09:20:36,128 - freqtrade.worker - INFO - Bot heartbeat. PID=1, version='2026.1', state='RUNNING'
2026-02-01 09:20:57,049 - freqtrade.plugins.pairlistmanager - INFO - Whitelist with 20 pairs: ['BTC/USDT', 'ETH/USDT', 'USDC/USDT', 'SOL/USDT', 'XRP/USDT', 'USD1/USDT', 'DOGE/USDT', 'SENT/USDT', 'SUI/USDT', 'FDUSD/USDT', 'ZEC/USDT', 'ADA/USDT', 'LINK/USDT', 'PAXG/USDT', 'AVAX/USDT', 'LTC/USDT', 'TRX/USDT', 'PEPE/USDT', 'ASTER/USDT', 'BCH/USDT']
2026-02-01 09:21:36,702 - freqtrade.worker - INFO - Bot heartbeat. PID=1, version='2026.1', state='RUNNING'
2026-02-01 09:22:41,654 - freqtrade.worker - INFO - Bot heartbeat. PID=1, version='2026.1', state='RUNNING'
2026-02-01 09:23:41,760 - freqtrade.worker - INFO - Bot heartbeat. PID=1, version='2026.1', state='RUNNING'
2026-02-01 09:24:41,830 - freqtrade.worker - INFO - Bot heartbeat. PID=1, version='2026.1', state='RUNNING'
2026-02-01 09:25:46,113 - freqtrade.worker - INFO - Bot heartbeat. PID=1, version='2026.1', state='RUNNING'
2026-02-01 09:26:46,187 - freqtrade.worker - INFO - Bot heartbeat. PID=1, version='2026.1', state='RUNNING'
2026-02-01 09:27:46,407 - freqtrade.worker - INFO - Bot heartbeat. PID=1, version='2026.1', state='RUNNING'
2026-02-01 09:28:46,612 - freqtrade.worker - INFO - Bot heartbeat. PID=1, version='2026.1', state='RUNNING'
2026-02-01 09:29:46,756 - freqtrade.worker - INFO - Bot heartbeat. PID=1, version='2026.1', state='RUNNING'
2026-02-01 09:30:01,035 - freqtrade.exchange.exchange_ws - INFO - Removing ('ENA/USDT', '5m', <CandleType.SPOT: 'spot'>) from websocket watchlist.
2026-02-01 09:30:01,106 - freqtrade.exchange.exchange_ws - INFO - Removal done: new watch list (20)
2026-02-01 09:30:02,663 - freqtrade.exchange.exchange_ws - INFO - ENA/USDT, 5m, spot - Task finished - done
2026-02-01 09:30:47,609 - freqtrade.worker - INFO - Bot heartbeat. PID=1, version='2026.1', state='RUNNING'
2026-02-01 09:31:47,667 - freqtrade.worker - INFO - Bot heartbeat. PID=1, version='2026.1', state='RUNNING'
2026-02-01 09:32:51,999 - freqtrade.worker - INFO - Bot heartbeat. PID=1, version='2026.1', state='RUNNING'
2026-02-01 09:33:55,067 - freqtrade.worker - INFO - Bot heartbeat. PID=1, version='2026.1', state='RUNNING'
2026-02-01 09:34:58,027 - freqtrade.worker - INFO - Bot heartbeat. PID=1, version='2026.1', state='RUNNING'
2026-02-01 09:35:01,589 - freqtrade.exchange.common - WARNING - ohlcvs() returned exception: "Error deepcopying: deque mutated during iteration". Retrying still for 3 times.
2026-02-01 09:36:01,917 - freqtrade.worker - INFO - Bot heartbeat. PID=1, version='2026.1', state='RUNNING'
2026-02-01 09:37:03,367 - freqtrade.worker - INFO - Bot heartbeat. PID=1, version='2026.1', state='RUNNING'
2026-02-01 09:38:03,761 - freqtrade.worker - INFO - Bot heartbeat. PID=1, version='2026.1', state='RUNNING'
2026-02-01 09:39:06,686 - freqtrade.worker - INFO - Bot heartbeat. PID=1, version='2026.1', state='RUNNING'
2026-02-01 09:40:12,555 - freqtrade.worker - INFO - Bot heartbeat. PID=1, version='2026.1', state='RUNNING'
2026-02-01 09:41:13,028 - freqtrade.worker - INFO - Bot heartbeat. PID=1, version='2026.1', state='RUNNING'
2026-02-01 09:42:13,155 - freqtrade.worker - INFO - Bot heartbeat. PID=1, version='2026.1', state='RUNNING'
2026-02-01 09:43:13,191 - freqtrade.worker - INFO - Bot heartbeat. PID=1, version='2026.1', state='RUNNING'
2026-02-01 09:44:13,250 - freqtrade.worker - INFO - Bot heartbeat. PID=1, version='2026.1', state='RUNNING'
2026-02-01 09:45:16,008 - freqtrade.worker - INFO - Bot heartbeat. PID=1, version='2026.1', state='RUNNING'
2026-02-01 09:46:16,066 - freqtrade.worker - INFO - Bot heartbeat. PID=1, version='2026.1', state='RUNNING'
2026-02-01 09:47:18,941 - freqtrade.worker - INFO - Bot heartbeat. PID=1, version='2026.1', state='RUNNING'
2026-02-01 09:48:19,394 - freqtrade.worker - INFO - Bot heartbeat. PID=1, version='2026.1', state='RUNNING'
2026-02-01 09:49:19,664 - freqtrade.worker - INFO - Bot heartbeat. PID=1, version='2026.1', state='RUNNING'
2026-02-01 09:50:39,532 - freqtrade.worker - INFO - Bot heartbeat. PID=1, version='2026.1', state='RUNNING'
2026-02-01 09:51:02,753 - VolumePairList - INFO - Pair BNB/USDT in your blacklist. Removing it from whitelist...
2026-02-01 09:51:39,646 - freqtrade.worker - INFO - Bot heartbeat. PID=1, version='2026.1', state='RUNNING'
2026-02-01 09:52:39,688 - freqtrade.worker - INFO - Bot heartbeat. PID=1, version='2026.1', state='RUNNING'
2026-02-01 09:53:39,818 - freqtrade.worker - INFO - Bot heartbeat. PID=1, version='2026.1', state='RUNNING'
2026-02-01 09:54:39,859 - freqtrade.worker - INFO - Bot heartbeat. PID=1, version='2026.1', state='RUNNING'
2026-02-01 09:55:39,894 - freqtrade.worker - INFO - Bot heartbeat. PID=1, version='2026.1', state='RUNNING'
2026-02-01 09:56:39,935 - freqtrade.worker - INFO - Bot heartbeat. PID=1, version='2026.1', state='RUNNING'
2026-02-01 09:57:39,981 - freqtrade.worker - INFO - Bot heartbeat. PID=1, version='2026.1', state='RUNNING'
2026-02-01 09:58:40,004 - freqtrade.worker - INFO - Bot heartbeat. PID=1, version='2026.1', state='RUNNING'
2026-02-01 09:59:40,236 - freqtrade.worker - INFO - Bot heartbeat. PID=1, version='2026.1', state='RUNNING'
2026-02-01 10:00:41,164 - freqtrade.worker - INFO - Bot heartbeat. PID=1, version='2026.1', state='RUNNING'
2026-02-01 10:01:42,137 - freqtrade.worker - INFO - Bot heartbeat. PID=1, version='2026.1', state='RUNNING'
2026-02-01 10:02:46,537 - freqtrade.worker - INFO - Bot heartbeat. PID=1, version='2026.1', state='RUNNING'
2026-02-01 10:04:02,253 - freqtrade.worker - INFO - Bot heartbeat. PID=1, version='2026.1', state='RUNNING'
2026-02-01 10:04:34,469 - freqtrade.wallets - INFO - Wallets synced.
2026-02-01 10:04:43,810 - uvicorn.error - INFO - 172.18.0.1:55250 - "WebSocket /api/v1/message/ws?token=eyJhbGciOiJIUzI1NiIsInR5cCI6IkpXVCJ9.eyJpZGVudGl0eSI6eyJ1IjoiZnJlcXRyYWRlciJ9LCJleHAiOjE3Njk5NDA0OTMsImlhdCI6MTc2OTkzOTU5MywidHlwZSI6ImFjY2VzcyJ9.C9uIHYrJfkeWzFtAxT9cGB1-0ZRQnkXtWbJ1GEMJJ_g" [accepted]
2026-02-01 10:04:45,268 - freqtrade.rpc.api_server.ws.channel - INFO - Connected to channel - WebSocketChannel(1ca77ed1, ('172.18.0.1', 55250))
2026-02-01 10:04:45,505 - uvicorn.error - INFO - connection open
2026-02-01 10:07:00,958 - uvicorn.error - INFO - connection closed
2026-02-01 10:07:04,183 - uvicorn.error - INFO - 172.18.0.1:61616 - "WebSocket /api/v1/message/ws?token=eyJhbGciOiJIUzI1NiIsInR5cCI6IkpXVCJ9.eyJpZGVudGl0eSI6eyJ1IjoiZnJlcXRyYWRlciJ9LCJleHAiOjE3Njk5NDA0OTMsImlhdCI6MTc2OTkzOTU5MywidHlwZSI6ImFjY2VzcyJ9.C9uIHYrJfkeWzFtAxT9cGB1-0ZRQnkXtWbJ1GEMJJ_g" [accepted]
2026-02-01 10:07:04,380 - freqtrade.rpc.api_server.ws.channel - INFO - Connected to channel - WebSocketChannel(06c1dffa, ('172.18.0.1', 61616))
2026-02-01 10:07:04,760 - uvicorn.error - ERROR - Exception in ASGI application
Traceback (most recent call last):
  File "/home/ftuser/.local/lib/python3.13/site-packages/uvicorn/protocols/websockets/websockets_impl.py", line 244, in run_asgi
    result = await self.app(self.scope, self.asgi_receive, self.asgi_send)  # type: ignore[func-returns-value]
             ^^^^^^^^^^^^^^^^^^^^^^^^^^^^^^^^^^^^^^^^^^^^^^^^^^^^^^^^^^^^^
  File "/home/ftuser/.local/lib/python3.13/site-packages/uvicorn/middleware/proxy_headers.py", line 60, in __call__
    return await self.app(scope, receive, send)
           ^^^^^^^^^^^^^^^^^^^^^^^^^^^^^^^^^^^^
  File "/home/ftuser/.local/lib/python3.13/site-packages/fastapi/applications.py", line 1135, in __call__
    await super().__call__(scope, receive, send)
  File "/home/ftuser/.local/lib/python3.13/site-packages/starlette/applications.py", line 107, in __call__
    await self.middleware_stack(scope, receive, send)
  File "/home/ftuser/.local/lib/python3.13/site-packages/starlette/middleware/errors.py", line 151, in __call__
    await self.app(scope, receive, send)
  File "/home/ftuser/.local/lib/python3.13/site-packages/starlette/middleware/cors.py", line 77, in __call__
    await self.app(scope, receive, send)
  File "/home/ftuser/.local/lib/python3.13/site-packages/starlette/middleware/exceptions.py", line 63, in __call__
    await wrap_app_handling_exceptions(self.app, conn)(scope, receive, send)
  File "/home/ftuser/.local/lib/python3.13/site-packages/starlette/_exception_handler.py", line 53, in wrapped_app
    raise exc
  File "/home/ftuser/.local/lib/python3.13/site-packages/starlette/_exception_handler.py", line 42, in wrapped_app
    await app(scope, receive, sender)
  File "/home/ftuser/.local/lib/python3.13/site-packages/fastapi/middleware/asyncexitstack.py", line 18, in __call__
    await self.app(scope, receive, send)
  File "/home/ftuser/.local/lib/python3.13/site-packages/starlette/routing.py", line 716, in __call__
    await self.middleware_stack(scope, receive, send)
  File "/home/ftuser/.local/lib/python3.13/site-packages/starlette/routing.py", line 736, in app
    await route.handle(scope, receive, send)
  File "/home/ftuser/.local/lib/python3.13/site-packages/starlette/routing.py", line 364, in handle
    await self.app(scope, receive, send)
  File "/home/ftuser/.local/lib/python3.13/site-packages/fastapi/routing.py", line 141, in app
    await wrap_app_handling_exceptions(app, session)(scope, receive, send)
  File "/home/ftuser/.local/lib/python3.13/site-packages/starlette/_exception_handler.py", line 53, in wrapped_app
    raise exc
  File "/home/ftuser/.local/lib/python3.13/site-packages/starlette/_exception_handler.py", line 42, in wrapped_app
    await app(scope, receive, sender)
  File "/home/ftuser/.local/lib/python3.13/site-packages/fastapi/routing.py", line 138, in app
    await func(session)
  File "/home/ftuser/.local/lib/python3.13/site-packages/fastapi/routing.py", line 438, in app
    await dependant.call(**solved_result.values)
  File "/freqtrade/freqtrade/rpc/api_server/api_ws.py", line 121, in message_endpoint
    async with create_channel(websocket) as channel:
               ~~~~~~~~~~~~~~^^^^^^^^^^^
  File "/usr/local/lib/python3.13/contextlib.py", line 221, in __aexit__
    await anext(self.gen)
  File "/freqtrade/freqtrade/rpc/api_server/ws/channel.py", line 239, in create_channel
    await channel.close()
  File "/freqtrade/freqtrade/rpc/api_server/ws/channel.py", line 145, in close
    await self._websocket.close()
  File "/freqtrade/freqtrade/rpc/api_server/ws/proxy.py", line 64, in close
    return await self._websocket.close(code)
           ^^^^^^^^^^^^^^^^^^^^^^^^^^^^^^^^^
  File "/home/ftuser/.local/lib/python3.13/site-packages/starlette/websockets.py", line 181, in close
    await self.send({"type": "websocket.close", "code": code, "reason": reason or ""})
  File "/home/ftuser/.local/lib/python3.13/site-packages/starlette/websockets.py", line 86, in send
    await self._send(message)
  File "/home/ftuser/.local/lib/python3.13/site-packages/starlette/_exception_handler.py", line 39, in sender
    await send(message)
  File "/home/ftuser/.local/lib/python3.13/site-packages/uvicorn/protocols/websockets/websockets_impl.py", line 335, in asgi_send
    await self.close(code, reason)
  File "/home/ftuser/.local/lib/python3.13/site-packages/websockets/legacy/protocol.py", line 768, in close
    await self.transfer_data_task
          ^^^^^^^^^^^^^^^^^^^^^^^
AttributeError: 'WebSocketProtocol' object has no attribute 'transfer_data_task'. Did you mean: 'transfer_data_exc'?
2026-02-01 10:07:06,264 - freqtrade.worker - INFO - Bot heartbeat. PID=1, version='2026.1', state='RUNNING'
2026-02-01 10:07:07,355 - freqtrade.exchange.exchange_ws - INFO - Removing ('ZEC/USDT', '5m', <CandleType.SPOT: 'spot'>) from websocket watchlist.
2026-02-01 10:07:07,448 - freqtrade.exchange.exchange_ws - INFO - Removing ('ADA/USDT', '5m', <CandleType.SPOT: 'spot'>) from websocket watchlist.
2026-02-01 10:07:07,476 - freqtrade.exchange.exchange_ws - INFO - Removing ('FDUSD/USDT', '5m', <CandleType.SPOT: 'spot'>) from websocket watchlist.
2026-02-01 10:07:07,498 - freqtrade.exchange.exchange_ws - INFO - Removing ('ASTER/USDT', '5m', <CandleType.SPOT: 'spot'>) from websocket watchlist.
2026-02-01 10:07:07,540 - freqtrade.exchange.exchange_ws - INFO - Removing ('PAXG/USDT', '5m', <CandleType.SPOT: 'spot'>) from websocket watchlist.
2026-02-01 10:07:07,565 - freqtrade.exchange.exchange_ws - INFO - Removing ('BCH/USDT', '5m', <CandleType.SPOT: 'spot'>) from websocket watchlist.
2026-02-01 10:07:07,576 - freqtrade.exchange.exchange_ws - INFO - Removing ('LINK/USDT', '5m', <CandleType.SPOT: 'spot'>) from websocket watchlist.
2026-02-01 10:07:07,583 - freqtrade.exchange.exchange_ws - INFO - Removing ('ETH/USDT', '5m', <CandleType.SPOT: 'spot'>) from websocket watchlist.
2026-02-01 10:07:07,609 - freqtrade.exchange.exchange_ws - INFO - Removing ('TRX/USDT', '5m', <CandleType.SPOT: 'spot'>) from websocket watchlist.
2026-02-01 10:07:07,627 - freqtrade.exchange.exchange_ws - INFO - Removing ('SUI/USDT', '5m', <CandleType.SPOT: 'spot'>) from websocket watchlist.
2026-02-01 10:07:07,643 - freqtrade.exchange.exchange_ws - INFO - Removing ('XRP/USDT', '5m', <CandleType.SPOT: 'spot'>) from websocket watchlist.
2026-02-01 10:07:07,660 - freqtrade.exchange.exchange_ws - INFO - Removing ('USD1/USDT', '5m', <CandleType.SPOT: 'spot'>) from websocket watchlist.
2026-02-01 10:07:07,677 - freqtrade.exchange.exchange_ws - INFO - Removing ('DOGE/USDT', '5m', <CandleType.SPOT: 'spot'>) from websocket watchlist.
2026-02-01 10:07:07,692 - freqtrade.exchange.exchange_ws - INFO - Removing ('AVAX/USDT', '5m', <CandleType.SPOT: 'spot'>) from websocket watchlist.
2026-02-01 10:07:07,707 - freqtrade.exchange.exchange_ws - INFO - Removing ('PEPE/USDT', '5m', <CandleType.SPOT: 'spot'>) from websocket watchlist.
2026-02-01 10:07:07,812 - freqtrade.exchange.exchange_ws - INFO - Removing ('USDC/USDT', '5m', <CandleType.SPOT: 'spot'>) from websocket watchlist.
2026-02-01 10:07:07,817 - freqtrade.exchange.exchange_ws - INFO - Removing ('LTC/USDT', '5m', <CandleType.SPOT: 'spot'>) from websocket watchlist.
2026-02-01 10:07:07,876 - freqtrade.exchange.exchange_ws - INFO - Removing ('SOL/USDT', '5m', <CandleType.SPOT: 'spot'>) from websocket watchlist.
2026-02-01 10:07:08,012 - freqtrade.exchange.exchange_ws - INFO - Removing ('SENT/USDT', '5m', <CandleType.SPOT: 'spot'>) from websocket watchlist.
2026-02-01 10:07:08,091 - freqtrade.exchange.exchange_ws - INFO - Removal done: new watch list (1)
2026-02-01 10:07:08,112 - freqtrade.exchange.exchange_ws - INFO - ETH/USDT, 5m, spot - Task finished - done
2026-02-01 10:07:08,150 - freqtrade.exchange.exchange - INFO - Couldn't reuse watch for PAXG/USDT, 5m, falling back to REST api. False, 1769940300000, 0, 2026-02-01T10:05:00, 1970-01-01T00:00:00 
2026-02-01 10:07:08,180 - freqtrade.exchange.exchange - INFO - Couldn't reuse watch for ASTER/USDT, 5m, falling back to REST api. False, 1769940300000, 0, 2026-02-01T10:05:00, 1970-01-01T00:00:00 
2026-02-01 10:07:08,183 - freqtrade.exchange.exchange - INFO - Couldn't reuse watch for FDUSD/USDT, 5m, falling back to REST api. False, 1769940300000, 0, 2026-02-01T10:05:00, 1970-01-01T00:00:00 
2026-02-01 10:07:08,195 - freqtrade.exchange.exchange - INFO - Couldn't reuse watch for ZEC/USDT, 5m, falling back to REST api. False, 1769940300000, 0, 2026-02-01T10:05:00, 1970-01-01T00:00:00 
2026-02-01 10:07:08,200 - freqtrade.exchange.exchange - INFO - Couldn't reuse watch for ADA/USDT, 5m, falling back to REST api. False, 1769940300000, 0, 2026-02-01T10:05:00, 1970-01-01T00:00:00 
2026-02-01 10:07:08,206 - freqtrade.exchange.exchange - INFO - Couldn't reuse watch for BCH/USDT, 5m, falling back to REST api. False, 1769940300000, 0, 2026-02-01T10:05:00, 1970-01-01T00:00:00 
2026-02-01 10:07:08,209 - freqtrade.exchange.exchange - INFO - Couldn't reuse watch for LINK/USDT, 5m, falling back to REST api. False, 1769940300000, 0, 2026-02-01T10:05:00, 1970-01-01T00:00:00 
2026-02-01 10:07:08,215 - freqtrade.exchange.exchange - INFO - Couldn't reuse watch for ETH/USDT, 5m, falling back to REST api. False, 1769940300000, 0, 2026-02-01T10:05:00, 1970-01-01T00:00:00 
2026-02-01 10:07:08,218 - freqtrade.exchange.exchange - INFO - Couldn't reuse watch for TRX/USDT, 5m, falling back to REST api. False, 1769940300000, 0, 2026-02-01T10:05:00, 1970-01-01T00:00:00 
2026-02-01 10:07:08,224 - freqtrade.exchange.exchange - INFO - Couldn't reuse watch for SUI/USDT, 5m, falling back to REST api. False, 1769940300000, 0, 2026-02-01T10:05:00, 1970-01-01T00:00:00 
2026-02-01 10:07:08,229 - freqtrade.exchange.exchange - INFO - Couldn't reuse watch for XRP/USDT, 5m, falling back to REST api. False, 1769940300000, 0, 2026-02-01T10:05:00, 1970-01-01T00:00:00 
2026-02-01 10:07:08,242 - freqtrade.exchange.exchange - INFO - Couldn't reuse watch for USD1/USDT, 5m, falling back to REST api. False, 1769940300000, 0, 2026-02-01T10:05:00, 1970-01-01T00:00:00 
2026-02-01 10:07:08,247 - freqtrade.exchange.exchange - INFO - Couldn't reuse watch for AVAX/USDT, 5m, falling back to REST api. False, 1769940300000, 0, 2026-02-01T10:05:00, 1970-01-01T00:00:00 
2026-02-01 10:07:08,266 - freqtrade.exchange.exchange - INFO - Couldn't reuse watch for DOGE/USDT, 5m, falling back to REST api. False, 1769940300000, 0, 2026-02-01T10:05:00, 1970-01-01T00:00:00 
2026-02-01 10:07:08,281 - freqtrade.exchange.exchange - INFO - Couldn't reuse watch for PEPE/USDT, 5m, falling back to REST api. False, 1769940300000, 0, 2026-02-01T10:05:00, 1970-01-01T00:00:00 
2026-02-01 10:07:08,289 - freqtrade.exchange.exchange - INFO - Couldn't reuse watch for USDC/USDT, 5m, falling back to REST api. False, 1769940300000, 0, 2026-02-01T10:05:00, 1970-01-01T00:00:00 
2026-02-01 10:07:08,309 - freqtrade.exchange.exchange - INFO - Couldn't reuse watch for LTC/USDT, 5m, falling back to REST api. False, 1769940300000, 0, 2026-02-01T10:05:00, 1970-01-01T00:00:00 
2026-02-01 10:07:08,314 - freqtrade.exchange.exchange - INFO - Couldn't reuse watch for SENT/USDT, 5m, falling back to REST api. False, 1769940300000, 0, 2026-02-01T10:05:00, 1970-01-01T00:00:00 
2026-02-01 10:07:08,317 - freqtrade.exchange.exchange - INFO - Couldn't reuse watch for SOL/USDT, 5m, falling back to REST api. False, 1769940300000, 0, 2026-02-01T10:05:00, 1970-01-01T00:00:00 
2026-02-01 10:07:08,732 - freqtrade.exchange.exchange_ws - ERROR - Exception in continuously_async_watch_ohlcv for ETH/USDT, 5m
Traceback (most recent call last):
  File "/freqtrade/freqtrade/exchange/exchange_ws.py", line 176, in _continuously_async_watch_ohlcv
    data = await self._ccxt_object.watch_ohlcv(pair, timeframe)
           ^^^^^^^^^^^^^^^^^^^^^^^^^^^^^^^^^^^^^^^^^^^^^^^^^^^^
  File "/home/ftuser/.local/lib/python3.13/site-packages/ccxt/pro/binance.py", line 1366, in watch_ohlcv
    result = await self.watch_ohlcv_for_symbols([[symbol, timeframe]], since, limit, params)
             ^^^^^^^^^^^^^^^^^^^^^^^^^^^^^^^^^^^^^^^^^^^^^^^^^^^^^^^^^^^^^^^^^^^^^^^^^^^^^^^
  File "/home/ftuser/.local/lib/python3.13/site-packages/ccxt/pro/binance.py", line 1425, in watch_ohlcv_for_symbols
    res = await self.watch_multiple(url, messageHashes, self.extend(request, params), messageHashes, subscribe)
          ^^^^^^^^^^^^^^^^^^^^^^^^^^^^^^^^^^^^^^^^^^^^^^^^^^^^^^^^^^^^^^^^^^^^^^^^^^^^^^^^^^^^^^^^^^^^^^^^^^^^^
ccxt.base.errors.UnsubscribeError: binance ohlcv::ETH/USDT::5m
2026-02-01 10:07:08,839 - freqtrade.exchange.exchange_ws - INFO - ETH/USDT, 5m, spot - Task finished - done
2026-02-01 10:07:19,650 - uvicorn.error - INFO - 172.18.0.1:64874 - "WebSocket /api/v1/message/ws?token=eyJhbGciOiJIUzI1NiIsInR5cCI6IkpXVCJ9.eyJpZGVudGl0eSI6eyJ1IjoiZnJlcXRyYWRlciJ9LCJleHAiOjE3Njk5NDA0OTMsImlhdCI6MTc2OTkzOTU5MywidHlwZSI6ImFjY2VzcyJ9.C9uIHYrJfkeWzFtAxT9cGB1-0ZRQnkXtWbJ1GEMJJ_g" [accepted]
2026-02-01 10:07:21,024 - freqtrade.rpc.api_server.ws.channel - INFO - Connected to channel - WebSocketChannel(40967637, ('172.18.0.1', 64874))
2026-02-01 10:07:21,572 - uvicorn.error - INFO - connection open
2026-02-01 10:08:10,440 - freqtrade.worker - INFO - Bot heartbeat. PID=1, version='2026.1', state='RUNNING'
2026-02-01 10:09:10,683 - freqtrade.worker - INFO - Bot heartbeat. PID=1, version='2026.1', state='RUNNING'
2026-02-01 10:10:01,539 - freqtrade.exchange.exchange - INFO - Couldn't reuse watch for ETH/USDT, 5m, falling back to REST api. False, 1769940600000, 0, 2026-02-01T10:10:00, 1970-01-01T00:00:00 
2026-02-01 10:10:11,022 - freqtrade.worker - INFO - Bot heartbeat. PID=1, version='2026.1', state='RUNNING'
2026-02-01 10:11:11,744 - freqtrade.worker - INFO - Bot heartbeat. PID=1, version='2026.1', state='RUNNING'
2026-02-01 10:12:15,471 - freqtrade.worker - INFO - Bot heartbeat. PID=1, version='2026.1', state='RUNNING'
2026-02-01 10:13:20,885 - freqtrade.worker - INFO - Bot heartbeat. PID=1, version='2026.1', state='RUNNING'
2026-02-01 10:14:22,097 - freqtrade.worker - INFO - Bot heartbeat. PID=1, version='2026.1', state='RUNNING'
2026-02-01 10:15:02,062 - freqtrade.exchange.common - WARNING - ohlcvs() returned exception: "Error deepcopying: deque mutated during iteration". Retrying still for 3 times.
2026-02-01 10:15:44,889 - freqtrade.worker - INFO - Bot heartbeat. PID=1, version='2026.1', state='RUNNING'
2026-02-01 10:16:45,306 - freqtrade.worker - INFO - Bot heartbeat. PID=1, version='2026.1', state='RUNNING'
2026-02-01 10:17:47,743 - freqtrade.worker - INFO - Bot heartbeat. PID=1, version='2026.1', state='RUNNING'
2026-02-01 10:18:48,367 - freqtrade.worker - INFO - Bot heartbeat. PID=1, version='2026.1', state='RUNNING'
2026-02-01 10:19:53,069 - freqtrade.worker - INFO - Bot heartbeat. PID=1, version='2026.1', state='RUNNING'
2026-02-01 10:20:55,283 - freqtrade.worker - INFO - Bot heartbeat. PID=1, version='2026.1', state='RUNNING'
2026-02-01 10:21:00,854 - freqtrade.plugins.pairlistmanager - INFO - Whitelist with 20 pairs: ['BTC/USDT', 'ETH/USDT', 'USDC/USDT', 'SOL/USDT', 'XRP/USDT', 'USD1/USDT', 'DOGE/USDT', 'SENT/USDT', 'SUI/USDT', 'FDUSD/USDT', 'ZEC/USDT', 'ADA/USDT', 'LINK/USDT', 'PAXG/USDT', 'AVAX/USDT', 'LTC/USDT', 'TRX/USDT', 'PEPE/USDT', 'ASTER/USDT', 'BCH/USDT']
2026-02-01 10:24:01,001 - freqtrade.exchange.exchange_ws - ERROR - Exception in continuously_async_watch_ohlcv for FDUSD/USDT, 5m
Traceback (most recent call last):
  File "/freqtrade/freqtrade/exchange/exchange_ws.py", line 176, in _continuously_async_watch_ohlcv
    data = await self._ccxt_object.watch_ohlcv(pair, timeframe)
           ^^^^^^^^^^^^^^^^^^^^^^^^^^^^^^^^^^^^^^^^^^^^^^^^^^^^
  File "/home/ftuser/.local/lib/python3.13/site-packages/ccxt/pro/binance.py", line 1366, in watch_ohlcv
    result = await self.watch_ohlcv_for_symbols([[symbol, timeframe]], since, limit, params)
             ^^^^^^^^^^^^^^^^^^^^^^^^^^^^^^^^^^^^^^^^^^^^^^^^^^^^^^^^^^^^^^^^^^^^^^^^^^^^^^^
  File "/home/ftuser/.local/lib/python3.13/site-packages/ccxt/pro/binance.py", line 1425, in watch_ohlcv_for_symbols
    res = await self.watch_multiple(url, messageHashes, self.extend(request, params), messageHashes, subscribe)
          ^^^^^^^^^^^^^^^^^^^^^^^^^^^^^^^^^^^^^^^^^^^^^^^^^^^^^^^^^^^^^^^^^^^^^^^^^^^^^^^^^^^^^^^^^^^^^^^^^^^^^
ccxt.base.errors.RequestTimeout: Connection timeout
2026-02-01 10:24:06,897 - freqtrade.exchange.exchange_ws - ERROR - Exception in continuously_async_watch_ohlcv for ADA/USDT, 5m
Traceback (most recent call last):
  File "/freqtrade/freqtrade/exchange/exchange_ws.py", line 176, in _continuously_async_watch_ohlcv
    data = await self._ccxt_object.watch_ohlcv(pair, timeframe)
           ^^^^^^^^^^^^^^^^^^^^^^^^^^^^^^^^^^^^^^^^^^^^^^^^^^^^
  File "/home/ftuser/.local/lib/python3.13/site-packages/ccxt/pro/binance.py", line 1366, in watch_ohlcv
    result = await self.watch_ohlcv_for_symbols([[symbol, timeframe]], since, limit, params)
             ^^^^^^^^^^^^^^^^^^^^^^^^^^^^^^^^^^^^^^^^^^^^^^^^^^^^^^^^^^^^^^^^^^^^^^^^^^^^^^^
  File "/home/ftuser/.local/lib/python3.13/site-packages/ccxt/pro/binance.py", line 1425, in watch_ohlcv_for_symbols
    res = await self.watch_multiple(url, messageHashes, self.extend(request, params), messageHashes, subscribe)
          ^^^^^^^^^^^^^^^^^^^^^^^^^^^^^^^^^^^^^^^^^^^^^^^^^^^^^^^^^^^^^^^^^^^^^^^^^^^^^^^^^^^^^^^^^^^^^^^^^^^^^
ccxt.base.errors.RequestTimeout: Connection timeout
2026-02-01 10:24:07,014 - freqtrade.exchange.exchange_ws - ERROR - Exception in continuously_async_watch_ohlcv for USD1/USDT, 5m
Traceback (most recent call last):
  File "/freqtrade/freqtrade/exchange/exchange_ws.py", line 176, in _continuously_async_watch_ohlcv
    data = await self._ccxt_object.watch_ohlcv(pair, timeframe)
           ^^^^^^^^^^^^^^^^^^^^^^^^^^^^^^^^^^^^^^^^^^^^^^^^^^^^
  File "/home/ftuser/.local/lib/python3.13/site-packages/ccxt/pro/binance.py", line 1366, in watch_ohlcv
    result = await self.watch_ohlcv_for_symbols([[symbol, timeframe]], since, limit, params)
             ^^^^^^^^^^^^^^^^^^^^^^^^^^^^^^^^^^^^^^^^^^^^^^^^^^^^^^^^^^^^^^^^^^^^^^^^^^^^^^^
  File "/home/ftuser/.local/lib/python3.13/site-packages/ccxt/pro/binance.py", line 1425, in watch_ohlcv_for_symbols
    res = await self.watch_multiple(url, messageHashes, self.extend(request, params), messageHashes, subscribe)
          ^^^^^^^^^^^^^^^^^^^^^^^^^^^^^^^^^^^^^^^^^^^^^^^^^^^^^^^^^^^^^^^^^^^^^^^^^^^^^^^^^^^^^^^^^^^^^^^^^^^^^
ccxt.base.errors.RequestTimeout: Connection timeout
2026-02-01 10:24:07,234 - freqtrade.exchange.exchange_ws - ERROR - Exception in continuously_async_watch_ohlcv for SENT/USDT, 5m
Traceback (most recent call last):
  File "/freqtrade/freqtrade/exchange/exchange_ws.py", line 176, in _continuously_async_watch_ohlcv
    data = await self._ccxt_object.watch_ohlcv(pair, timeframe)
           ^^^^^^^^^^^^^^^^^^^^^^^^^^^^^^^^^^^^^^^^^^^^^^^^^^^^
  File "/home/ftuser/.local/lib/python3.13/site-packages/ccxt/pro/binance.py", line 1366, in watch_ohlcv
    result = await self.watch_ohlcv_for_symbols([[symbol, timeframe]], since, limit, params)
             ^^^^^^^^^^^^^^^^^^^^^^^^^^^^^^^^^^^^^^^^^^^^^^^^^^^^^^^^^^^^^^^^^^^^^^^^^^^^^^^
  File "/home/ftuser/.local/lib/python3.13/site-packages/ccxt/pro/binance.py", line 1425, in watch_ohlcv_for_symbols
    res = await self.watch_multiple(url, messageHashes, self.extend(request, params), messageHashes, subscribe)
          ^^^^^^^^^^^^^^^^^^^^^^^^^^^^^^^^^^^^^^^^^^^^^^^^^^^^^^^^^^^^^^^^^^^^^^^^^^^^^^^^^^^^^^^^^^^^^^^^^^^^^
ccxt.base.errors.RequestTimeout: Connection timeout
2026-02-01 10:24:07,455 - freqtrade.exchange.exchange_ws - ERROR - Exception in continuously_async_watch_ohlcv for USDC/USDT, 5m
Traceback (most recent call last):
  File "/freqtrade/freqtrade/exchange/exchange_ws.py", line 176, in _continuously_async_watch_ohlcv
    data = await self._ccxt_object.watch_ohlcv(pair, timeframe)
           ^^^^^^^^^^^^^^^^^^^^^^^^^^^^^^^^^^^^^^^^^^^^^^^^^^^^
  File "/home/ftuser/.local/lib/python3.13/site-packages/ccxt/pro/binance.py", line 1366, in watch_ohlcv
    result = await self.watch_ohlcv_for_symbols([[symbol, timeframe]], since, limit, params)
             ^^^^^^^^^^^^^^^^^^^^^^^^^^^^^^^^^^^^^^^^^^^^^^^^^^^^^^^^^^^^^^^^^^^^^^^^^^^^^^^
  File "/home/ftuser/.local/lib/python3.13/site-packages/ccxt/pro/binance.py", line 1425, in watch_ohlcv_for_symbols
    res = await self.watch_multiple(url, messageHashes, self.extend(request, params), messageHashes, subscribe)
          ^^^^^^^^^^^^^^^^^^^^^^^^^^^^^^^^^^^^^^^^^^^^^^^^^^^^^^^^^^^^^^^^^^^^^^^^^^^^^^^^^^^^^^^^^^^^^^^^^^^^^
ccxt.base.errors.RequestTimeout: Connection timeout
2026-02-01 10:24:07,516 - freqtrade.exchange.exchange_ws - ERROR - Exception in continuously_async_watch_ohlcv for BTC/USDT, 5m
Traceback (most recent call last):
  File "/freqtrade/freqtrade/exchange/exchange_ws.py", line 176, in _continuously_async_watch_ohlcv
    data = await self._ccxt_object.watch_ohlcv(pair, timeframe)
           ^^^^^^^^^^^^^^^^^^^^^^^^^^^^^^^^^^^^^^^^^^^^^^^^^^^^
  File "/home/ftuser/.local/lib/python3.13/site-packages/ccxt/pro/binance.py", line 1366, in watch_ohlcv
    result = await self.watch_ohlcv_for_symbols([[symbol, timeframe]], since, limit, params)
             ^^^^^^^^^^^^^^^^^^^^^^^^^^^^^^^^^^^^^^^^^^^^^^^^^^^^^^^^^^^^^^^^^^^^^^^^^^^^^^^
  File "/home/ftuser/.local/lib/python3.13/site-packages/ccxt/pro/binance.py", line 1425, in watch_ohlcv_for_symbols
    res = await self.watch_multiple(url, messageHashes, self.extend(request, params), messageHashes, subscribe)
          ^^^^^^^^^^^^^^^^^^^^^^^^^^^^^^^^^^^^^^^^^^^^^^^^^^^^^^^^^^^^^^^^^^^^^^^^^^^^^^^^^^^^^^^^^^^^^^^^^^^^^
ccxt.base.errors.RequestTimeout: Connection timeout
2026-02-01 10:24:07,647 - freqtrade.exchange.exchange_ws - ERROR - Exception in continuously_async_watch_ohlcv for ETH/USDT, 5m
Traceback (most recent call last):
  File "/freqtrade/freqtrade/exchange/exchange_ws.py", line 176, in _continuously_async_watch_ohlcv
    data = await self._ccxt_object.watch_ohlcv(pair, timeframe)
           ^^^^^^^^^^^^^^^^^^^^^^^^^^^^^^^^^^^^^^^^^^^^^^^^^^^^
  File "/home/ftuser/.local/lib/python3.13/site-packages/ccxt/pro/binance.py", line 1366, in watch_ohlcv
    result = await self.watch_ohlcv_for_symbols([[symbol, timeframe]], since, limit, params)
             ^^^^^^^^^^^^^^^^^^^^^^^^^^^^^^^^^^^^^^^^^^^^^^^^^^^^^^^^^^^^^^^^^^^^^^^^^^^^^^^
  File "/home/ftuser/.local/lib/python3.13/site-packages/ccxt/pro/binance.py", line 1425, in watch_ohlcv_for_symbols
    res = await self.watch_multiple(url, messageHashes, self.extend(request, params), messageHashes, subscribe)
          ^^^^^^^^^^^^^^^^^^^^^^^^^^^^^^^^^^^^^^^^^^^^^^^^^^^^^^^^^^^^^^^^^^^^^^^^^^^^^^^^^^^^^^^^^^^^^^^^^^^^^
ccxt.base.errors.RequestTimeout: Connection timeout
2026-02-01 10:24:07,767 - freqtrade.exchange.exchange_ws - ERROR - Exception in continuously_async_watch_ohlcv for SUI/USDT, 5m
Traceback (most recent call last):
  File "/freqtrade/freqtrade/exchange/exchange_ws.py", line 176, in _continuously_async_watch_ohlcv
    data = await self._ccxt_object.watch_ohlcv(pair, timeframe)
           ^^^^^^^^^^^^^^^^^^^^^^^^^^^^^^^^^^^^^^^^^^^^^^^^^^^^
  File "/home/ftuser/.local/lib/python3.13/site-packages/ccxt/pro/binance.py", line 1366, in watch_ohlcv
    result = await self.watch_ohlcv_for_symbols([[symbol, timeframe]], since, limit, params)
             ^^^^^^^^^^^^^^^^^^^^^^^^^^^^^^^^^^^^^^^^^^^^^^^^^^^^^^^^^^^^^^^^^^^^^^^^^^^^^^^
  File "/home/ftuser/.local/lib/python3.13/site-packages/ccxt/pro/binance.py", line 1425, in watch_ohlcv_for_symbols
    res = await self.watch_multiple(url, messageHashes, self.extend(request, params), messageHashes, subscribe)
          ^^^^^^^^^^^^^^^^^^^^^^^^^^^^^^^^^^^^^^^^^^^^^^^^^^^^^^^^^^^^^^^^^^^^^^^^^^^^^^^^^^^^^^^^^^^^^^^^^^^^^
ccxt.base.errors.RequestTimeout: Connection timeout
2026-02-01 10:24:07,891 - freqtrade.exchange.exchange_ws - ERROR - Exception in continuously_async_watch_ohlcv for XRP/USDT, 5m
Traceback (most recent call last):
  File "/freqtrade/freqtrade/exchange/exchange_ws.py", line 176, in _continuously_async_watch_ohlcv
    data = await self._ccxt_object.watch_ohlcv(pair, timeframe)
           ^^^^^^^^^^^^^^^^^^^^^^^^^^^^^^^^^^^^^^^^^^^^^^^^^^^^
  File "/home/ftuser/.local/lib/python3.13/site-packages/ccxt/pro/binance.py", line 1366, in watch_ohlcv
    result = await self.watch_ohlcv_for_symbols([[symbol, timeframe]], since, limit, params)
             ^^^^^^^^^^^^^^^^^^^^^^^^^^^^^^^^^^^^^^^^^^^^^^^^^^^^^^^^^^^^^^^^^^^^^^^^^^^^^^^
  File "/home/ftuser/.local/lib/python3.13/site-packages/ccxt/pro/binance.py", line 1425, in watch_ohlcv_for_symbols
    res = await self.watch_multiple(url, messageHashes, self.extend(request, params), messageHashes, subscribe)
          ^^^^^^^^^^^^^^^^^^^^^^^^^^^^^^^^^^^^^^^^^^^^^^^^^^^^^^^^^^^^^^^^^^^^^^^^^^^^^^^^^^^^^^^^^^^^^^^^^^^^^
ccxt.base.errors.RequestTimeout: Connection timeout
2026-02-01 10:24:08,046 - freqtrade.exchange.exchange_ws - ERROR - Exception in continuously_async_watch_ohlcv for TRX/USDT, 5m
Traceback (most recent call last):
  File "/freqtrade/freqtrade/exchange/exchange_ws.py", line 176, in _continuously_async_watch_ohlcv
    data = await self._ccxt_object.watch_ohlcv(pair, timeframe)
           ^^^^^^^^^^^^^^^^^^^^^^^^^^^^^^^^^^^^^^^^^^^^^^^^^^^^
  File "/home/ftuser/.local/lib/python3.13/site-packages/ccxt/pro/binance.py", line 1366, in watch_ohlcv
    result = await self.watch_ohlcv_for_symbols([[symbol, timeframe]], since, limit, params)
             ^^^^^^^^^^^^^^^^^^^^^^^^^^^^^^^^^^^^^^^^^^^^^^^^^^^^^^^^^^^^^^^^^^^^^^^^^^^^^^^
  File "/home/ftuser/.local/lib/python3.13/site-packages/ccxt/pro/binance.py", line 1425, in watch_ohlcv_for_symbols
    res = await self.watch_multiple(url, messageHashes, self.extend(request, params), messageHashes, subscribe)
          ^^^^^^^^^^^^^^^^^^^^^^^^^^^^^^^^^^^^^^^^^^^^^^^^^^^^^^^^^^^^^^^^^^^^^^^^^^^^^^^^^^^^^^^^^^^^^^^^^^^^^
ccxt.base.errors.RequestTimeout: Connection timeout
2026-02-01 10:24:08,145 - freqtrade.exchange.exchange_ws - ERROR - Exception in continuously_async_watch_ohlcv for ZEC/USDT, 5m
Traceback (most recent call last):
  File "/freqtrade/freqtrade/exchange/exchange_ws.py", line 176, in _continuously_async_watch_ohlcv
    data = await self._ccxt_object.watch_ohlcv(pair, timeframe)
           ^^^^^^^^^^^^^^^^^^^^^^^^^^^^^^^^^^^^^^^^^^^^^^^^^^^^
  File "/home/ftuser/.local/lib/python3.13/site-packages/ccxt/pro/binance.py", line 1366, in watch_ohlcv
    result = await self.watch_ohlcv_for_symbols([[symbol, timeframe]], since, limit, params)
             ^^^^^^^^^^^^^^^^^^^^^^^^^^^^^^^^^^^^^^^^^^^^^^^^^^^^^^^^^^^^^^^^^^^^^^^^^^^^^^^
  File "/home/ftuser/.local/lib/python3.13/site-packages/ccxt/pro/binance.py", line 1425, in watch_ohlcv_for_symbols
    res = await self.watch_multiple(url, messageHashes, self.extend(request, params), messageHashes, subscribe)
          ^^^^^^^^^^^^^^^^^^^^^^^^^^^^^^^^^^^^^^^^^^^^^^^^^^^^^^^^^^^^^^^^^^^^^^^^^^^^^^^^^^^^^^^^^^^^^^^^^^^^^
ccxt.base.errors.RequestTimeout: Connection timeout
2026-02-01 10:24:08,206 - freqtrade.exchange.exchange_ws - ERROR - Exception in continuously_async_watch_ohlcv for DOGE/USDT, 5m
Traceback (most recent call last):
  File "/freqtrade/freqtrade/exchange/exchange_ws.py", line 176, in _continuously_async_watch_ohlcv
    data = await self._ccxt_object.watch_ohlcv(pair, timeframe)
           ^^^^^^^^^^^^^^^^^^^^^^^^^^^^^^^^^^^^^^^^^^^^^^^^^^^^
  File "/home/ftuser/.local/lib/python3.13/site-packages/ccxt/pro/binance.py", line 1366, in watch_ohlcv
    result = await self.watch_ohlcv_for_symbols([[symbol, timeframe]], since, limit, params)
             ^^^^^^^^^^^^^^^^^^^^^^^^^^^^^^^^^^^^^^^^^^^^^^^^^^^^^^^^^^^^^^^^^^^^^^^^^^^^^^^
  File "/home/ftuser/.local/lib/python3.13/site-packages/ccxt/pro/binance.py", line 1425, in watch_ohlcv_for_symbols
    res = await self.watch_multiple(url, messageHashes, self.extend(request, params), messageHashes, subscribe)
          ^^^^^^^^^^^^^^^^^^^^^^^^^^^^^^^^^^^^^^^^^^^^^^^^^^^^^^^^^^^^^^^^^^^^^^^^^^^^^^^^^^^^^^^^^^^^^^^^^^^^^
ccxt.base.errors.RequestTimeout: Connection timeout
2026-02-01 10:24:08,453 - freqtrade.exchange.exchange_ws - INFO - FDUSD/USDT, 5m, spot - Task finished - done
2026-02-01 10:24:08,600 - freqtrade.exchange.exchange_ws - INFO - ADA/USDT, 5m, spot - Task finished - done
2026-02-01 10:24:08,707 - freqtrade.exchange.exchange_ws - INFO - USD1/USDT, 5m, spot - Task finished - done
2026-02-01 10:24:08,845 - freqtrade.exchange.exchange_ws - INFO - SENT/USDT, 5m, spot - Task finished - done
2026-02-01 10:24:10,343 - freqtrade.exchange.exchange_ws - INFO - USDC/USDT, 5m, spot - Task finished - done
2026-02-01 10:24:10,505 - freqtrade.exchange.exchange_ws - INFO - BTC/USDT, 5m, spot - Task finished - done
2026-02-01 10:24:11,177 - freqtrade.exchange.exchange_ws - INFO - ETH/USDT, 5m, spot - Task finished - done
2026-02-01 10:24:11,299 - freqtrade.exchange.exchange_ws - INFO - SUI/USDT, 5m, spot - Task finished - done
2026-02-01 10:24:11,411 - freqtrade.exchange.exchange_ws - INFO - XRP/USDT, 5m, spot - Task finished - done
2026-02-01 10:24:11,479 - freqtrade.exchange.exchange_ws - INFO - TRX/USDT, 5m, spot - Task finished - done
2026-02-01 10:24:11,632 - freqtrade.exchange.exchange_ws - INFO - ZEC/USDT, 5m, spot - Task finished - done
2026-02-01 10:24:12,033 - freqtrade.exchange.exchange_ws - INFO - DOGE/USDT, 5m, spot - Task finished - done
2026-02-01 10:24:16,815 - freqtrade.exchange.exchange_ws - ERROR - Exception in continuously_async_watch_ohlcv for SOL/USDT, 5m
Traceback (most recent call last):
  File "/freqtrade/freqtrade/exchange/exchange_ws.py", line 176, in _continuously_async_watch_ohlcv
    data = await self._ccxt_object.watch_ohlcv(pair, timeframe)
           ^^^^^^^^^^^^^^^^^^^^^^^^^^^^^^^^^^^^^^^^^^^^^^^^^^^^
  File "/home/ftuser/.local/lib/python3.13/site-packages/ccxt/pro/binance.py", line 1366, in watch_ohlcv
    result = await self.watch_ohlcv_for_symbols([[symbol, timeframe]], since, limit, params)
             ^^^^^^^^^^^^^^^^^^^^^^^^^^^^^^^^^^^^^^^^^^^^^^^^^^^^^^^^^^^^^^^^^^^^^^^^^^^^^^^
  File "/home/ftuser/.local/lib/python3.13/site-packages/ccxt/pro/binance.py", line 1425, in watch_ohlcv_for_symbols
    res = await self.watch_multiple(url, messageHashes, self.extend(request, params), messageHashes, subscribe)
          ^^^^^^^^^^^^^^^^^^^^^^^^^^^^^^^^^^^^^^^^^^^^^^^^^^^^^^^^^^^^^^^^^^^^^^^^^^^^^^^^^^^^^^^^^^^^^^^^^^^^^
ccxt.base.errors.RequestTimeout: Connection timeout
2026-02-01 10:24:17,289 - freqtrade.exchange.exchange_ws - ERROR - Exception in continuously_async_watch_ohlcv for LTC/USDT, 5m
Traceback (most recent call last):
  File "/freqtrade/freqtrade/exchange/exchange_ws.py", line 176, in _continuously_async_watch_ohlcv
    data = await self._ccxt_object.watch_ohlcv(pair, timeframe)
           ^^^^^^^^^^^^^^^^^^^^^^^^^^^^^^^^^^^^^^^^^^^^^^^^^^^^
  File "/home/ftuser/.local/lib/python3.13/site-packages/ccxt/pro/binance.py", line 1366, in watch_ohlcv
    result = await self.watch_ohlcv_for_symbols([[symbol, timeframe]], since, limit, params)
             ^^^^^^^^^^^^^^^^^^^^^^^^^^^^^^^^^^^^^^^^^^^^^^^^^^^^^^^^^^^^^^^^^^^^^^^^^^^^^^^
  File "/home/ftuser/.local/lib/python3.13/site-packages/ccxt/pro/binance.py", line 1425, in watch_ohlcv_for_symbols
    res = await self.watch_multiple(url, messageHashes, self.extend(request, params), messageHashes, subscribe)
          ^^^^^^^^^^^^^^^^^^^^^^^^^^^^^^^^^^^^^^^^^^^^^^^^^^^^^^^^^^^^^^^^^^^^^^^^^^^^^^^^^^^^^^^^^^^^^^^^^^^^^
ccxt.base.errors.RequestTimeout: Connection timeout
2026-02-01 10:24:17,380 - freqtrade.exchange.exchange_ws - ERROR - Exception in continuously_async_watch_ohlcv for PEPE/USDT, 5m
Traceback (most recent call last):
  File "/freqtrade/freqtrade/exchange/exchange_ws.py", line 176, in _continuously_async_watch_ohlcv
    data = await self._ccxt_object.watch_ohlcv(pair, timeframe)
           ^^^^^^^^^^^^^^^^^^^^^^^^^^^^^^^^^^^^^^^^^^^^^^^^^^^^
  File "/home/ftuser/.local/lib/python3.13/site-packages/ccxt/pro/binance.py", line 1366, in watch_ohlcv
    result = await self.watch_ohlcv_for_symbols([[symbol, timeframe]], since, limit, params)
             ^^^^^^^^^^^^^^^^^^^^^^^^^^^^^^^^^^^^^^^^^^^^^^^^^^^^^^^^^^^^^^^^^^^^^^^^^^^^^^^
  File "/home/ftuser/.local/lib/python3.13/site-packages/ccxt/pro/binance.py", line 1425, in watch_ohlcv_for_symbols
    res = await self.watch_multiple(url, messageHashes, self.extend(request, params), messageHashes, subscribe)
          ^^^^^^^^^^^^^^^^^^^^^^^^^^^^^^^^^^^^^^^^^^^^^^^^^^^^^^^^^^^^^^^^^^^^^^^^^^^^^^^^^^^^^^^^^^^^^^^^^^^^^
ccxt.base.errors.RequestTimeout: Connection timeout
2026-02-01 10:24:17,580 - freqtrade.exchange.exchange_ws - ERROR - Exception in continuously_async_watch_ohlcv for AVAX/USDT, 5m
Traceback (most recent call last):
  File "/freqtrade/freqtrade/exchange/exchange_ws.py", line 176, in _continuously_async_watch_ohlcv
    data = await self._ccxt_object.watch_ohlcv(pair, timeframe)
           ^^^^^^^^^^^^^^^^^^^^^^^^^^^^^^^^^^^^^^^^^^^^^^^^^^^^
  File "/home/ftuser/.local/lib/python3.13/site-packages/ccxt/pro/binance.py", line 1366, in watch_ohlcv
    result = await self.watch_ohlcv_for_symbols([[symbol, timeframe]], since, limit, params)
             ^^^^^^^^^^^^^^^^^^^^^^^^^^^^^^^^^^^^^^^^^^^^^^^^^^^^^^^^^^^^^^^^^^^^^^^^^^^^^^^
  File "/home/ftuser/.local/lib/python3.13/site-packages/ccxt/pro/binance.py", line 1425, in watch_ohlcv_for_symbols
    res = await self.watch_multiple(url, messageHashes, self.extend(request, params), messageHashes, subscribe)
          ^^^^^^^^^^^^^^^^^^^^^^^^^^^^^^^^^^^^^^^^^^^^^^^^^^^^^^^^^^^^^^^^^^^^^^^^^^^^^^^^^^^^^^^^^^^^^^^^^^^^^
ccxt.base.errors.RequestTimeout: Connection timeout
2026-02-01 10:24:21,085 - freqtrade.exchange.exchange_ws - ERROR - Exception in continuously_async_watch_ohlcv for LINK/USDT, 5m
Traceback (most recent call last):
  File "/freqtrade/freqtrade/exchange/exchange_ws.py", line 176, in _continuously_async_watch_ohlcv
    data = await self._ccxt_object.watch_ohlcv(pair, timeframe)
           ^^^^^^^^^^^^^^^^^^^^^^^^^^^^^^^^^^^^^^^^^^^^^^^^^^^^
  File "/home/ftuser/.local/lib/python3.13/site-packages/ccxt/pro/binance.py", line 1366, in watch_ohlcv
    result = await self.watch_ohlcv_for_symbols([[symbol, timeframe]], since, limit, params)
             ^^^^^^^^^^^^^^^^^^^^^^^^^^^^^^^^^^^^^^^^^^^^^^^^^^^^^^^^^^^^^^^^^^^^^^^^^^^^^^^
  File "/home/ftuser/.local/lib/python3.13/site-packages/ccxt/pro/binance.py", line 1425, in watch_ohlcv_for_symbols
    res = await self.watch_multiple(url, messageHashes, self.extend(request, params), messageHashes, subscribe)
          ^^^^^^^^^^^^^^^^^^^^^^^^^^^^^^^^^^^^^^^^^^^^^^^^^^^^^^^^^^^^^^^^^^^^^^^^^^^^^^^^^^^^^^^^^^^^^^^^^^^^^
ccxt.base.errors.RequestTimeout: Connection timeout
2026-02-01 10:24:27,027 - freqtrade.exchange.exchange_ws - ERROR - Exception in continuously_async_watch_ohlcv for PAXG/USDT, 5m
Traceback (most recent call last):
  File "/freqtrade/freqtrade/exchange/exchange_ws.py", line 176, in _continuously_async_watch_ohlcv
    data = await self._ccxt_object.watch_ohlcv(pair, timeframe)
           ^^^^^^^^^^^^^^^^^^^^^^^^^^^^^^^^^^^^^^^^^^^^^^^^^^^^
  File "/home/ftuser/.local/lib/python3.13/site-packages/ccxt/pro/binance.py", line 1366, in watch_ohlcv
    result = await self.watch_ohlcv_for_symbols([[symbol, timeframe]], since, limit, params)
             ^^^^^^^^^^^^^^^^^^^^^^^^^^^^^^^^^^^^^^^^^^^^^^^^^^^^^^^^^^^^^^^^^^^^^^^^^^^^^^^
  File "/home/ftuser/.local/lib/python3.13/site-packages/ccxt/pro/binance.py", line 1425, in watch_ohlcv_for_symbols
    res = await self.watch_multiple(url, messageHashes, self.extend(request, params), messageHashes, subscribe)
          ^^^^^^^^^^^^^^^^^^^^^^^^^^^^^^^^^^^^^^^^^^^^^^^^^^^^^^^^^^^^^^^^^^^^^^^^^^^^^^^^^^^^^^^^^^^^^^^^^^^^^
ccxt.base.errors.RequestTimeout: Connection timeout
2026-02-01 10:24:29,563 - freqtrade.exchange.exchange_ws - ERROR - Exception in continuously_async_watch_ohlcv for ASTER/USDT, 5m
Traceback (most recent call last):
  File "/freqtrade/freqtrade/exchange/exchange_ws.py", line 176, in _continuously_async_watch_ohlcv
    data = await self._ccxt_object.watch_ohlcv(pair, timeframe)
           ^^^^^^^^^^^^^^^^^^^^^^^^^^^^^^^^^^^^^^^^^^^^^^^^^^^^
  File "/home/ftuser/.local/lib/python3.13/site-packages/ccxt/pro/binance.py", line 1366, in watch_ohlcv
    result = await self.watch_ohlcv_for_symbols([[symbol, timeframe]], since, limit, params)
             ^^^^^^^^^^^^^^^^^^^^^^^^^^^^^^^^^^^^^^^^^^^^^^^^^^^^^^^^^^^^^^^^^^^^^^^^^^^^^^^
  File "/home/ftuser/.local/lib/python3.13/site-packages/ccxt/pro/binance.py", line 1425, in watch_ohlcv_for_symbols
    res = await self.watch_multiple(url, messageHashes, self.extend(request, params), messageHashes, subscribe)
          ^^^^^^^^^^^^^^^^^^^^^^^^^^^^^^^^^^^^^^^^^^^^^^^^^^^^^^^^^^^^^^^^^^^^^^^^^^^^^^^^^^^^^^^^^^^^^^^^^^^^^
ccxt.base.errors.RequestTimeout: Connection timeout
2026-02-01 10:24:31,242 - freqtrade.exchange.exchange_ws - ERROR - Exception in _unwatch_ohlcv
Traceback (most recent call last):
  File "/freqtrade/freqtrade/exchange/exchange_ws.py", line 144, in _unwatch_ohlcv
    await self._ccxt_object.un_watch_ohlcv_for_symbols([[pair, timeframe]])
  File "/home/ftuser/.local/lib/python3.13/site-packages/ccxt/pro/binance.py", line 1494, in un_watch_ohlcv_for_symbols
    return await self.watch_multiple(url, messageHashes, self.extend(request, params), messageHashes, subscribe)
           ^^^^^^^^^^^^^^^^^^^^^^^^^^^^^^^^^^^^^^^^^^^^^^^^^^^^^^^^^^^^^^^^^^^^^^^^^^^^^^^^^^^^^^^^^^^^^^^^^^^^^
ccxt.base.errors.RequestTimeout: Connection timeout
2026-02-01 10:24:33,581 - freqtrade.exchange.exchange_ws - ERROR - Exception in _unwatch_ohlcv
Traceback (most recent call last):
  File "/freqtrade/freqtrade/exchange/exchange_ws.py", line 144, in _unwatch_ohlcv
    await self._ccxt_object.un_watch_ohlcv_for_symbols([[pair, timeframe]])
  File "/home/ftuser/.local/lib/python3.13/site-packages/ccxt/pro/binance.py", line 1494, in un_watch_ohlcv_for_symbols
    return await self.watch_multiple(url, messageHashes, self.extend(request, params), messageHashes, subscribe)
           ^^^^^^^^^^^^^^^^^^^^^^^^^^^^^^^^^^^^^^^^^^^^^^^^^^^^^^^^^^^^^^^^^^^^^^^^^^^^^^^^^^^^^^^^^^^^^^^^^^^^^
ccxt.base.errors.RequestTimeout: Connection timeout
2026-02-01 10:24:38,475 - freqtrade.exchange.exchange_ws - ERROR - Exception in _unwatch_ohlcv
Traceback (most recent call last):
  File "/freqtrade/freqtrade/exchange/exchange_ws.py", line 144, in _unwatch_ohlcv
    await self._ccxt_object.un_watch_ohlcv_for_symbols([[pair, timeframe]])
  File "/home/ftuser/.local/lib/python3.13/site-packages/ccxt/pro/binance.py", line 1494, in un_watch_ohlcv_for_symbols
    return await self.watch_multiple(url, messageHashes, self.extend(request, params), messageHashes, subscribe)
           ^^^^^^^^^^^^^^^^^^^^^^^^^^^^^^^^^^^^^^^^^^^^^^^^^^^^^^^^^^^^^^^^^^^^^^^^^^^^^^^^^^^^^^^^^^^^^^^^^^^^^
ccxt.base.errors.RequestTimeout: Connection timeout
2026-02-01 10:24:39,719 - freqtrade.exchange.exchange_ws - ERROR - Exception in _unwatch_ohlcv
Traceback (most recent call last):
  File "/freqtrade/freqtrade/exchange/exchange_ws.py", line 144, in _unwatch_ohlcv
    await self._ccxt_object.un_watch_ohlcv_for_symbols([[pair, timeframe]])
  File "/home/ftuser/.local/lib/python3.13/site-packages/ccxt/pro/binance.py", line 1494, in un_watch_ohlcv_for_symbols
    return await self.watch_multiple(url, messageHashes, self.extend(request, params), messageHashes, subscribe)
           ^^^^^^^^^^^^^^^^^^^^^^^^^^^^^^^^^^^^^^^^^^^^^^^^^^^^^^^^^^^^^^^^^^^^^^^^^^^^^^^^^^^^^^^^^^^^^^^^^^^^^
ccxt.base.errors.RequestTimeout: Connection timeout
2026-02-01 10:24:40,207 - freqtrade.exchange.exchange_ws - ERROR - Exception in _unwatch_ohlcv
Traceback (most recent call last):
  File "/freqtrade/freqtrade/exchange/exchange_ws.py", line 144, in _unwatch_ohlcv
    await self._ccxt_object.un_watch_ohlcv_for_symbols([[pair, timeframe]])
  File "/home/ftuser/.local/lib/python3.13/site-packages/ccxt/pro/binance.py", line 1494, in un_watch_ohlcv_for_symbols
    return await self.watch_multiple(url, messageHashes, self.extend(request, params), messageHashes, subscribe)
           ^^^^^^^^^^^^^^^^^^^^^^^^^^^^^^^^^^^^^^^^^^^^^^^^^^^^^^^^^^^^^^^^^^^^^^^^^^^^^^^^^^^^^^^^^^^^^^^^^^^^^
ccxt.base.errors.RequestTimeout: Connection timeout
2026-02-01 10:24:40,607 - freqtrade.exchange.exchange_ws - ERROR - Exception in _unwatch_ohlcv
Traceback (most recent call last):
  File "/freqtrade/freqtrade/exchange/exchange_ws.py", line 144, in _unwatch_ohlcv
    await self._ccxt_object.un_watch_ohlcv_for_symbols([[pair, timeframe]])
  File "/home/ftuser/.local/lib/python3.13/site-packages/ccxt/pro/binance.py", line 1494, in un_watch_ohlcv_for_symbols
    return await self.watch_multiple(url, messageHashes, self.extend(request, params), messageHashes, subscribe)
           ^^^^^^^^^^^^^^^^^^^^^^^^^^^^^^^^^^^^^^^^^^^^^^^^^^^^^^^^^^^^^^^^^^^^^^^^^^^^^^^^^^^^^^^^^^^^^^^^^^^^^
ccxt.base.errors.RequestTimeout: Connection timeout
2026-02-01 10:24:41,021 - freqtrade.exchange.exchange_ws - ERROR - Exception in _unwatch_ohlcv
Traceback (most recent call last):
  File "/freqtrade/freqtrade/exchange/exchange_ws.py", line 144, in _unwatch_ohlcv
    await self._ccxt_object.un_watch_ohlcv_for_symbols([[pair, timeframe]])
  File "/home/ftuser/.local/lib/python3.13/site-packages/ccxt/pro/binance.py", line 1494, in un_watch_ohlcv_for_symbols
    return await self.watch_multiple(url, messageHashes, self.extend(request, params), messageHashes, subscribe)
           ^^^^^^^^^^^^^^^^^^^^^^^^^^^^^^^^^^^^^^^^^^^^^^^^^^^^^^^^^^^^^^^^^^^^^^^^^^^^^^^^^^^^^^^^^^^^^^^^^^^^^
ccxt.base.errors.RequestTimeout: Connection timeout
2026-02-01 10:24:41,856 - freqtrade.exchange.exchange_ws - ERROR - Exception in _unwatch_ohlcv
Traceback (most recent call last):
  File "/freqtrade/freqtrade/exchange/exchange_ws.py", line 144, in _unwatch_ohlcv
    await self._ccxt_object.un_watch_ohlcv_for_symbols([[pair, timeframe]])
  File "/home/ftuser/.local/lib/python3.13/site-packages/ccxt/pro/binance.py", line 1494, in un_watch_ohlcv_for_symbols
    return await self.watch_multiple(url, messageHashes, self.extend(request, params), messageHashes, subscribe)
           ^^^^^^^^^^^^^^^^^^^^^^^^^^^^^^^^^^^^^^^^^^^^^^^^^^^^^^^^^^^^^^^^^^^^^^^^^^^^^^^^^^^^^^^^^^^^^^^^^^^^^
ccxt.base.errors.RequestTimeout: Connection timeout
2026-02-01 10:24:42,658 - freqtrade.exchange.exchange_ws - ERROR - Exception in _unwatch_ohlcv
Traceback (most recent call last):
  File "/freqtrade/freqtrade/exchange/exchange_ws.py", line 144, in _unwatch_ohlcv
    await self._ccxt_object.un_watch_ohlcv_for_symbols([[pair, timeframe]])
  File "/home/ftuser/.local/lib/python3.13/site-packages/ccxt/pro/binance.py", line 1494, in un_watch_ohlcv_for_symbols
    return await self.watch_multiple(url, messageHashes, self.extend(request, params), messageHashes, subscribe)
           ^^^^^^^^^^^^^^^^^^^^^^^^^^^^^^^^^^^^^^^^^^^^^^^^^^^^^^^^^^^^^^^^^^^^^^^^^^^^^^^^^^^^^^^^^^^^^^^^^^^^^
ccxt.base.errors.RequestTimeout: Connection timeout
2026-02-01 10:24:42,732 - freqtrade.exchange.exchange_ws - ERROR - Exception in _unwatch_ohlcv
Traceback (most recent call last):
  File "/freqtrade/freqtrade/exchange/exchange_ws.py", line 144, in _unwatch_ohlcv
    await self._ccxt_object.un_watch_ohlcv_for_symbols([[pair, timeframe]])
  File "/home/ftuser/.local/lib/python3.13/site-packages/ccxt/pro/binance.py", line 1494, in un_watch_ohlcv_for_symbols
    return await self.watch_multiple(url, messageHashes, self.extend(request, params), messageHashes, subscribe)
           ^^^^^^^^^^^^^^^^^^^^^^^^^^^^^^^^^^^^^^^^^^^^^^^^^^^^^^^^^^^^^^^^^^^^^^^^^^^^^^^^^^^^^^^^^^^^^^^^^^^^^
ccxt.base.errors.RequestTimeout: Connection timeout
2026-02-01 10:24:42,823 - freqtrade.exchange.exchange_ws - ERROR - Exception in _unwatch_ohlcv
Traceback (most recent call last):
  File "/freqtrade/freqtrade/exchange/exchange_ws.py", line 144, in _unwatch_ohlcv
    await self._ccxt_object.un_watch_ohlcv_for_symbols([[pair, timeframe]])
  File "/home/ftuser/.local/lib/python3.13/site-packages/ccxt/pro/binance.py", line 1494, in un_watch_ohlcv_for_symbols
    return await self.watch_multiple(url, messageHashes, self.extend(request, params), messageHashes, subscribe)
           ^^^^^^^^^^^^^^^^^^^^^^^^^^^^^^^^^^^^^^^^^^^^^^^^^^^^^^^^^^^^^^^^^^^^^^^^^^^^^^^^^^^^^^^^^^^^^^^^^^^^^
ccxt.base.errors.RequestTimeout: Connection timeout
2026-02-01 10:24:42,965 - freqtrade.exchange.exchange_ws - ERROR - Exception in _unwatch_ohlcv
Traceback (most recent call last):
  File "/freqtrade/freqtrade/exchange/exchange_ws.py", line 144, in _unwatch_ohlcv
    await self._ccxt_object.un_watch_ohlcv_for_symbols([[pair, timeframe]])
  File "/home/ftuser/.local/lib/python3.13/site-packages/ccxt/pro/binance.py", line 1494, in un_watch_ohlcv_for_symbols
    return await self.watch_multiple(url, messageHashes, self.extend(request, params), messageHashes, subscribe)
           ^^^^^^^^^^^^^^^^^^^^^^^^^^^^^^^^^^^^^^^^^^^^^^^^^^^^^^^^^^^^^^^^^^^^^^^^^^^^^^^^^^^^^^^^^^^^^^^^^^^^^
ccxt.base.errors.RequestTimeout: Connection timeout
2026-02-01 10:24:43,168 - freqtrade.exchange.exchange_ws - INFO - SOL/USDT, 5m, spot - Task finished - done
2026-02-01 10:24:43,549 - freqtrade.exchange.exchange_ws - INFO - LTC/USDT, 5m, spot - Task finished - done
2026-02-01 10:24:43,684 - freqtrade.exchange.exchange_ws - INFO - PEPE/USDT, 5m, spot - Task finished - done
2026-02-01 10:24:43,901 - freqtrade.exchange.exchange_ws - INFO - AVAX/USDT, 5m, spot - Task finished - done
2026-02-01 10:24:43,933 - freqtrade.exchange.exchange_ws - INFO - LINK/USDT, 5m, spot - Task finished - done
2026-02-01 10:24:44,324 - freqtrade.exchange.exchange_ws - INFO - PAXG/USDT, 5m, spot - Task finished - done
2026-02-01 10:24:44,449 - freqtrade.exchange.exchange_ws - INFO - ASTER/USDT, 5m, spot - Task finished - done
2026-02-01 10:24:46,117 - freqtrade.exchange.exchange_ws - ERROR - Exception in continuously_async_watch_ohlcv for BCH/USDT, 5m
Traceback (most recent call last):
  File "/freqtrade/freqtrade/exchange/exchange_ws.py", line 176, in _continuously_async_watch_ohlcv
    data = await self._ccxt_object.watch_ohlcv(pair, timeframe)
           ^^^^^^^^^^^^^^^^^^^^^^^^^^^^^^^^^^^^^^^^^^^^^^^^^^^^
  File "/home/ftuser/.local/lib/python3.13/site-packages/ccxt/pro/binance.py", line 1366, in watch_ohlcv
    result = await self.watch_ohlcv_for_symbols([[symbol, timeframe]], since, limit, params)
             ^^^^^^^^^^^^^^^^^^^^^^^^^^^^^^^^^^^^^^^^^^^^^^^^^^^^^^^^^^^^^^^^^^^^^^^^^^^^^^^
  File "/home/ftuser/.local/lib/python3.13/site-packages/ccxt/pro/binance.py", line 1425, in watch_ohlcv_for_symbols
    res = await self.watch_multiple(url, messageHashes, self.extend(request, params), messageHashes, subscribe)
          ^^^^^^^^^^^^^^^^^^^^^^^^^^^^^^^^^^^^^^^^^^^^^^^^^^^^^^^^^^^^^^^^^^^^^^^^^^^^^^^^^^^^^^^^^^^^^^^^^^^^^
ccxt.base.errors.RequestTimeout: Connection timeout
2026-02-01 10:24:46,201 - freqtrade.exchange.exchange_ws - INFO - BCH/USDT, 5m, spot - Task finished - done
2026-02-01 10:24:46,841 - freqtrade.worker - INFO - Bot heartbeat. PID=1, version='2026.1', state='RUNNING'
2026-02-01 10:25:01,157 - freqtrade.exchange.exchange - INFO - Couldn't reuse watch for BTC/USDT, 5m, falling back to REST api. False, 1769941500000, 0, 2026-02-01T10:25:00, 1970-01-01T00:00:00 
2026-02-01 10:25:01,300 - freqtrade.exchange.exchange - INFO - Couldn't reuse watch for PAXG/USDT, 5m, falling back to REST api. False, 1769941500000, 0, 2026-02-01T10:25:00, 1970-01-01T00:00:00 
2026-02-01 10:25:01,300 - freqtrade.exchange.exchange - INFO - Couldn't reuse watch for ASTER/USDT, 5m, falling back to REST api. False, 1769941500000, 0, 2026-02-01T10:25:00, 1970-01-01T00:00:00 
2026-02-01 10:25:01,301 - freqtrade.exchange.exchange - INFO - Couldn't reuse watch for FDUSD/USDT, 5m, falling back to REST api. False, 1769941500000, 0, 2026-02-01T10:25:00, 1970-01-01T00:00:00 
2026-02-01 10:25:01,309 - freqtrade.exchange.exchange - INFO - Couldn't reuse watch for ZEC/USDT, 5m, falling back to REST api. False, 1769941500000, 0, 2026-02-01T10:25:00, 1970-01-01T00:00:00 
2026-02-01 10:25:01,312 - freqtrade.exchange.exchange - INFO - Couldn't reuse watch for ADA/USDT, 5m, falling back to REST api. False, 1769941500000, 0, 2026-02-01T10:25:00, 1970-01-01T00:00:00 
2026-02-01 10:25:01,318 - freqtrade.exchange.exchange - INFO - Couldn't reuse watch for BCH/USDT, 5m, falling back to REST api. False, 1769941500000, 0, 2026-02-01T10:25:00, 1970-01-01T00:00:00 
2026-02-01 10:25:01,323 - freqtrade.exchange.exchange - INFO - Couldn't reuse watch for LINK/USDT, 5m, falling back to REST api. False, 1769941500000, 0, 2026-02-01T10:25:00, 1970-01-01T00:00:00 
2026-02-01 10:25:01,389 - freqtrade.exchange.exchange - INFO - Couldn't reuse watch for ETH/USDT, 5m, falling back to REST api. False, 1769941500000, 0, 2026-02-01T10:25:00, 1970-01-01T00:00:00 
2026-02-01 10:25:01,399 - freqtrade.exchange.exchange - INFO - Couldn't reuse watch for TRX/USDT, 5m, falling back to REST api. False, 1769941500000, 0, 2026-02-01T10:25:00, 1970-01-01T00:00:00 
2026-02-01 10:25:01,415 - freqtrade.exchange.exchange - INFO - Couldn't reuse watch for SUI/USDT, 5m, falling back to REST api. False, 1769941500000, 0, 2026-02-01T10:25:00, 1970-01-01T00:00:00 
2026-02-01 10:25:01,430 - freqtrade.exchange.exchange - INFO - Couldn't reuse watch for XRP/USDT, 5m, falling back to REST api. False, 1769941500000, 0, 2026-02-01T10:25:00, 1970-01-01T00:00:00 
2026-02-01 10:25:01,439 - freqtrade.exchange.exchange - INFO - Couldn't reuse watch for USD1/USDT, 5m, falling back to REST api. False, 1769941500000, 0, 2026-02-01T10:25:00, 1970-01-01T00:00:00 
2026-02-01 10:25:01,445 - freqtrade.exchange.exchange - INFO - Couldn't reuse watch for AVAX/USDT, 5m, falling back to REST api. False, 1769941500000, 0, 2026-02-01T10:25:00, 1970-01-01T00:00:00 
2026-02-01 10:25:01,446 - freqtrade.exchange.exchange - INFO - Couldn't reuse watch for DOGE/USDT, 5m, falling back to REST api. False, 1769941500000, 0, 2026-02-01T10:25:00, 1970-01-01T00:00:00 
2026-02-01 10:25:01,449 - freqtrade.exchange.exchange - INFO - Couldn't reuse watch for PEPE/USDT, 5m, falling back to REST api. False, 1769941500000, 0, 2026-02-01T10:25:00, 1970-01-01T00:00:00 
2026-02-01 10:25:01,462 - freqtrade.exchange.exchange - INFO - Couldn't reuse watch for USDC/USDT, 5m, falling back to REST api. False, 1769941500000, 0, 2026-02-01T10:25:00, 1970-01-01T00:00:00 
2026-02-01 10:25:01,466 - freqtrade.exchange.exchange - INFO - Couldn't reuse watch for LTC/USDT, 5m, falling back to REST api. False, 1769941500000, 0, 2026-02-01T10:25:00, 1970-01-01T00:00:00 
2026-02-01 10:25:01,489 - freqtrade.exchange.exchange - INFO - Couldn't reuse watch for SENT/USDT, 5m, falling back to REST api. False, 1769941500000, 0, 2026-02-01T10:25:00, 1970-01-01T00:00:00 
2026-02-01 10:25:01,499 - freqtrade.exchange.exchange - INFO - Couldn't reuse watch for SOL/USDT, 5m, falling back to REST api. False, 1769941500000, 0, 2026-02-01T10:25:00, 1970-01-01T00:00:00 
2026-02-01 10:25:41,678 - uvicorn.error - INFO - connection closed
2026-02-01 10:25:42,571 - uvicorn.error - INFO - connection closed
2026-02-01 10:25:42,802 - freqtrade.rpc.api_server.ws.channel - INFO - Disconnected from channel - WebSocketChannel(40967637, ('172.18.0.1', 64874))
2026-02-01 10:25:43,067 - freqtrade.rpc.api_server.ws.channel - INFO - Disconnected from channel - WebSocketChannel(1ca77ed1, ('172.18.0.1', 55250))
2026-02-01 10:25:50,424 - freqtrade.worker - INFO - Bot heartbeat. PID=1, version='2026.1', state='RUNNING'
2026-02-01 10:26:54,293 - freqtrade.worker - INFO - Bot heartbeat. PID=1, version='2026.1', state='RUNNING'
2026-02-01 10:27:54,689 - freqtrade.worker - INFO - Bot heartbeat. PID=1, version='2026.1', state='RUNNING'
2026-02-01 10:28:55,133 - freqtrade.worker - INFO - Bot heartbeat. PID=1, version='2026.1', state='RUNNING'
2026-02-01 10:29:55,616 - freqtrade.worker - INFO - Bot heartbeat. PID=1, version='2026.1', state='RUNNING'
2026-02-01 10:30:58,892 - freqtrade.worker - INFO - Bot heartbeat. PID=1, version='2026.1', state='RUNNING'
2026-02-01 10:31:59,523 - freqtrade.worker - INFO - Bot heartbeat. PID=1, version='2026.1', state='RUNNING'
2026-02-01 10:33:00,622 - freqtrade.worker - INFO - Bot heartbeat. PID=1, version='2026.1', state='RUNNING'
2026-02-01 10:34:03,371 - freqtrade.worker - INFO - Bot heartbeat. PID=1, version='2026.1', state='RUNNING'
2026-02-01 10:35:06,011 - freqtrade.worker - INFO - Bot heartbeat. PID=1, version='2026.1', state='RUNNING'
2026-02-01 10:36:06,193 - freqtrade.worker - INFO - Bot heartbeat. PID=1, version='2026.1', state='RUNNING'
2026-02-01 10:37:06,853 - freqtrade.worker - INFO - Bot heartbeat. PID=1, version='2026.1', state='RUNNING'
2026-02-01 10:38:10,797 - freqtrade.worker - INFO - Bot heartbeat. PID=1, version='2026.1', state='RUNNING'
2026-02-01 10:39:11,222 - freqtrade.worker - INFO - Bot heartbeat. PID=1, version='2026.1', state='RUNNING'
2026-02-01 10:40:16,007 - freqtrade.worker - INFO - Bot heartbeat. PID=1, version='2026.1', state='RUNNING'
2026-02-01 10:41:16,046 - freqtrade.worker - INFO - Bot heartbeat. PID=1, version='2026.1', state='RUNNING'
2026-02-01 10:42:16,084 - freqtrade.worker - INFO - Bot heartbeat. PID=1, version='2026.1', state='RUNNING'
2026-02-01 10:43:16,131 - freqtrade.worker - INFO - Bot heartbeat. PID=1, version='2026.1', state='RUNNING'
2026-02-01 10:44:16,167 - freqtrade.worker - INFO - Bot heartbeat. PID=1, version='2026.1', state='RUNNING'
2026-02-01 10:45:21,008 - freqtrade.worker - INFO - Bot heartbeat. PID=1, version='2026.1', state='RUNNING'
2026-02-01 10:46:21,066 - freqtrade.worker - INFO - Bot heartbeat. PID=1, version='2026.1', state='RUNNING'
2026-02-01 10:47:21,098 - freqtrade.worker - INFO - Bot heartbeat. PID=1, version='2026.1', state='RUNNING'
2026-02-01 10:48:21,134 - freqtrade.worker - INFO - Bot heartbeat. PID=1, version='2026.1', state='RUNNING'
2026-02-01 10:49:21,186 - freqtrade.worker - INFO - Bot heartbeat. PID=1, version='2026.1', state='RUNNING'
2026-02-01 10:50:26,012 - freqtrade.worker - INFO - Bot heartbeat. PID=1, version='2026.1', state='RUNNING'
2026-02-01 10:51:26,018 - freqtrade.worker - INFO - Bot heartbeat. PID=1, version='2026.1', state='RUNNING'
2026-02-01 10:52:26,068 - freqtrade.worker - INFO - Bot heartbeat. PID=1, version='2026.1', state='RUNNING'
2026-02-01 10:53:26,126 - freqtrade.worker - INFO - Bot heartbeat. PID=1, version='2026.1', state='RUNNING'
2026-02-01 10:54:26,188 - freqtrade.worker - INFO - Bot heartbeat. PID=1, version='2026.1', state='RUNNING'
2026-02-01 10:54:54,872 - VolumePairList - INFO - Pair BNB/USDT in your blacklist. Removing it from whitelist...
2026-02-01 10:55:29,980 - freqtrade.worker - INFO - Bot heartbeat. PID=1, version='2026.1', state='RUNNING'
2026-02-01 10:56:30,003 - freqtrade.worker - INFO - Bot heartbeat. PID=1, version='2026.1', state='RUNNING'
2026-02-01 10:57:30,099 - freqtrade.worker - INFO - Bot heartbeat. PID=1, version='2026.1', state='RUNNING'
2026-02-01 10:58:30,153 - freqtrade.worker - INFO - Bot heartbeat. PID=1, version='2026.1', state='RUNNING'
2026-02-01 10:59:30,186 - freqtrade.worker - INFO - Bot heartbeat. PID=1, version='2026.1', state='RUNNING'
2026-02-01 11:00:31,011 - freqtrade.worker - INFO - Bot heartbeat. PID=1, version='2026.1', state='RUNNING'
2026-02-01 11:01:31,037 - freqtrade.worker - INFO - Bot heartbeat. PID=1, version='2026.1', state='RUNNING'
2026-02-01 11:02:31,076 - freqtrade.worker - INFO - Bot heartbeat. PID=1, version='2026.1', state='RUNNING'
2026-02-01 11:03:31,093 - freqtrade.worker - INFO - Bot heartbeat. PID=1, version='2026.1', state='RUNNING'
2026-02-01 11:04:31,125 - freqtrade.worker - INFO - Bot heartbeat. PID=1, version='2026.1', state='RUNNING'
2026-02-01 11:05:01,487 - freqtrade.wallets - INFO - Wallets synced.
2026-02-01 11:05:02,477 - freqtrade.freqtradebot - INFO - Long signal found: about create a new trade for ADA/USDT with stake_amount: 335.7339068424 and price: 0.2932 ...
2026-02-01 11:05:02,794 - freqtrade.freqtradebot - INFO - Order dry_run_buy_ADA/USDT_1769943902.522234 was created for ADA/USDT and status is open.
2026-02-01 11:05:02,942 - freqtrade.wallets - INFO - Wallets synced.
2026-02-01 11:05:02,946 - freqtrade.rpc.rpc_manager - INFO - Sending rpc message: {'trade_id': 5, 'type': entry, 'buy_tag': '', 'enter_tag': '', 'exchange': 'Binance', 'pair': 'ADA/USDT', 'leverage': 1.0, 'direction': 'Long', 'limit': 0.2932, 'order_rate': 0.2932, 'open_rate': 0.2932, 'order_type': 'limit', 'stake_amount': 335.7339068424, 'stake_currency': 'USDT', 'base_currency': 'ADA', 'quote_currency': 'USDT', 'fiat_currency': 'USD', 'amount': 1145.0, 'open_date': datetime.datetime(2026, 2, 1, 11, 5, 2, 803186, tzinfo=datetime.timezone.utc), 'current_rate': 0.2932, 'sub_trade': False}
2026-02-01 11:05:02,974 - freqtrade.wallets - INFO - Wallets synced.
2026-02-01 11:05:03,141 - freqtrade.freqtradebot - INFO - Long signal found: about create a new trade for AVAX/USDT with stake_amount: 335.7339068424 and price: 10.05 ...
2026-02-01 11:05:03,303 - freqtrade.freqtradebot - INFO - Order dry_run_buy_AVAX/USDT_1769943903.143938 was created for AVAX/USDT and status is open.
2026-02-01 11:05:03,314 - freqtrade.wallets - INFO - Wallets synced.
2026-02-01 11:05:03,314 - freqtrade.rpc.rpc_manager - INFO - Sending rpc message: {'trade_id': 6, 'type': entry, 'buy_tag': '', 'enter_tag': '', 'exchange': 'Binance', 'pair': 'AVAX/USDT', 'leverage': 1.0, 'direction': 'Long', 'limit': 10.05, 'order_rate': 10.05, 'open_rate': 10.05, 'order_type': 'limit', 'stake_amount': 335.7339068424, 'stake_currency': 'USDT', 'base_currency': 'AVAX', 'quote_currency': 'USDT', 'fiat_currency': 'USD', 'amount': 33.4, 'open_date': datetime.datetime(2026, 2, 1, 11, 5, 3, 304946, tzinfo=datetime.timezone.utc), 'current_rate': 10.05, 'sub_trade': False}
2026-02-01 11:05:03,321 - freqtrade.wallets - INFO - Wallets synced.
2026-02-01 11:05:03,473 - freqtrade.freqtradebot - INFO - Long signal found: about create a new trade for LTC/USDT with stake_amount: 335.73390684239996 and price: 58.9 ...
2026-02-01 11:05:03,671 - freqtrade.freqtradebot - INFO - Order dry_run_buy_LTC/USDT_1769943903.476723 was created for LTC/USDT and status is open.
2026-02-01 11:05:03,717 - freqtrade.wallets - INFO - Wallets synced.
2026-02-01 11:05:03,724 - freqtrade.rpc.rpc_manager - INFO - Sending rpc message: {'trade_id': 7, 'type': entry, 'buy_tag': '', 'enter_tag': '', 'exchange': 'Binance', 'pair': 'LTC/USDT', 'leverage': 1.0, 'direction': 'Long', 'limit': 58.9, 'order_rate': 58.9, 'open_rate': 58.9, 'order_type': 'limit', 'stake_amount': 335.73390684239996, 'stake_currency': 'USDT', 'base_currency': 'LTC', 'quote_currency': 'USDT', 'fiat_currency': 'USD', 'amount': 5.7, 'open_date': datetime.datetime(2026, 2, 1, 11, 5, 3, 676599, tzinfo=datetime.timezone.utc), 'current_rate': 58.9, 'sub_trade': False}
2026-02-01 11:05:06,891 - freqtrade.freqtradebot - INFO - Found open order for Trade(id=5, pair=ADA/USDT, amount=0, is_short=False, leverage=1, open_rate=0.2932, open_since=2026-02-01 11:05:02)
2026-02-01 11:05:07,137 - freqtrade.freqtradebot - INFO - Found open order for Trade(id=6, pair=AVAX/USDT, amount=0, is_short=False, leverage=1, open_rate=10.05, open_since=2026-02-01 11:05:03)
2026-02-01 11:05:07,335 - freqtrade.freqtradebot - INFO - Found open order for Trade(id=7, pair=LTC/USDT, amount=0, is_short=False, leverage=1, open_rate=58.9, open_since=2026-02-01 11:05:03)
2026-02-01 11:05:11,230 - freqtrade.freqtradebot - INFO - Found open order for Trade(id=5, pair=ADA/USDT, amount=0, is_short=False, leverage=1, open_rate=0.2932, open_since=2026-02-01 11:05:02)
2026-02-01 11:05:11,378 - freqtrade.freqtradebot - INFO - Found open order for Trade(id=6, pair=AVAX/USDT, amount=0, is_short=False, leverage=1, open_rate=10.05, open_since=2026-02-01 11:05:03)
2026-02-01 11:05:11,528 - freqtrade.freqtradebot - INFO - Found open order for Trade(id=7, pair=LTC/USDT, amount=0, is_short=False, leverage=1, open_rate=58.9, open_since=2026-02-01 11:05:03)
2026-02-01 11:05:16,248 - freqtrade.freqtradebot - INFO - Found open order for Trade(id=5, pair=ADA/USDT, amount=0, is_short=False, leverage=1, open_rate=0.2932, open_since=2026-02-01 11:05:02)
2026-02-01 11:05:16,270 - freqtrade.freqtradebot - INFO - Fee for Trade Trade(id=5, pair=ADA/USDT, amount=0, is_short=False, leverage=1, open_rate=0.2932, open_since=2026-02-01 11:05:02) [buy]: 0.335714 USDT - rate: 0.001
2026-02-01 11:05:16,272 - freqtrade.persistence.trade_model - INFO - Updating trade (id=5) ...
2026-02-01 11:05:16,274 - freqtrade.persistence.trade_model - INFO - LIMIT_BUY has been fulfilled for Trade(id=5, pair=ADA/USDT, amount=1145, is_short=False, leverage=1, open_rate=0.2932, open_since=2026-02-01 11:05:02).
2026-02-01 11:05:16,289 - freqtrade.wallets - INFO - Wallets synced.
2026-02-01 11:05:16,294 - freqtrade.rpc.rpc_manager - INFO - Sending rpc message: {'trade_id': 5, 'type': entry_fill, 'buy_tag': '', 'enter_tag': '', 'exchange': 'Binance', 'pair': 'ADA/USDT', 'leverage': 1.0, 'direction': 'Long', 'limit': 0.2932, 'order_rate': 0.2932, 'open_rate': 0.2932, 'order_type': 'limit', 'stake_amount': 335.714, 'stake_currency': 'USDT', 'base_currency': 'ADA', 'quote_currency': 'USDT', 'fiat_currency': 'USD', 'amount': 1145.0, 'open_date': datetime.datetime(2026, 2, 1, 11, 5, 2, 803186, tzinfo=datetime.timezone.utc), 'current_rate': 0.2932, 'sub_trade': False}
2026-02-01 11:05:16,428 - freqtrade.freqtradebot - INFO - Found open order for Trade(id=6, pair=AVAX/USDT, amount=0, is_short=False, leverage=1, open_rate=10.05, open_since=2026-02-01 11:05:03)
2026-02-01 11:05:16,568 - freqtrade.freqtradebot - INFO - Found open order for Trade(id=7, pair=LTC/USDT, amount=0, is_short=False, leverage=1, open_rate=58.9, open_since=2026-02-01 11:05:03)
2026-02-01 11:05:16,572 - freqtrade.freqtradebot - INFO - Fee for Trade Trade(id=7, pair=LTC/USDT, amount=0, is_short=False, leverage=1, open_rate=58.9, open_since=2026-02-01 11:05:03) [buy]: 0.33573 USDT - rate: 0.001
2026-02-01 11:05:16,574 - freqtrade.persistence.trade_model - INFO - Updating trade (id=7) ...
2026-02-01 11:05:16,576 - freqtrade.persistence.trade_model - INFO - LIMIT_BUY has been fulfilled for Trade(id=7, pair=LTC/USDT, amount=5.7, is_short=False, leverage=1, open_rate=58.9, open_since=2026-02-01 11:05:03).
2026-02-01 11:05:16,579 - freqtrade.wallets - INFO - Wallets synced.
2026-02-01 11:05:16,581 - freqtrade.rpc.rpc_manager - INFO - Sending rpc message: {'trade_id': 7, 'type': entry_fill, 'buy_tag': '', 'enter_tag': '', 'exchange': 'Binance', 'pair': 'LTC/USDT', 'leverage': 1.0, 'direction': 'Long', 'limit': 58.9, 'order_rate': 58.9, 'open_rate': 58.9, 'order_type': 'limit', 'stake_amount': 335.73, 'stake_currency': 'USDT', 'base_currency': 'LTC', 'quote_currency': 'USDT', 'fiat_currency': 'USD', 'amount': 5.7, 'open_date': datetime.datetime(2026, 2, 1, 11, 5, 3, 676599, tzinfo=datetime.timezone.utc), 'current_rate': 58.9, 'sub_trade': False}
2026-02-01 11:05:21,241 - freqtrade.freqtradebot - INFO - Found open order for Trade(id=6, pair=AVAX/USDT, amount=0, is_short=False, leverage=1, open_rate=10.05, open_since=2026-02-01 11:05:03)
2026-02-01 11:05:26,253 - freqtrade.freqtradebot - INFO - Found open order for Trade(id=6, pair=AVAX/USDT, amount=0, is_short=False, leverage=1, open_rate=10.05, open_since=2026-02-01 11:05:03)
2026-02-01 11:05:31,251 - freqtrade.freqtradebot - INFO - Found open order for Trade(id=6, pair=AVAX/USDT, amount=0, is_short=False, leverage=1, open_rate=10.05, open_since=2026-02-01 11:05:03)
2026-02-01 11:05:36,017 - freqtrade.worker - INFO - Bot heartbeat. PID=1, version='2026.1', state='RUNNING'
2026-02-01 11:05:36,300 - freqtrade.freqtradebot - INFO - Found open order for Trade(id=6, pair=AVAX/USDT, amount=0, is_short=False, leverage=1, open_rate=10.05, open_since=2026-02-01 11:05:03)
2026-02-01 11:05:41,251 - freqtrade.freqtradebot - INFO - Found open order for Trade(id=6, pair=AVAX/USDT, amount=0, is_short=False, leverage=1, open_rate=10.05, open_since=2026-02-01 11:05:03)
2026-02-01 11:05:46,264 - freqtrade.freqtradebot - INFO - Found open order for Trade(id=6, pair=AVAX/USDT, amount=0, is_short=False, leverage=1, open_rate=10.05, open_since=2026-02-01 11:05:03)
2026-02-01 11:05:46,283 - freqtrade.freqtradebot - INFO - Fee for Trade Trade(id=6, pair=AVAX/USDT, amount=0, is_short=False, leverage=1, open_rate=10.05, open_since=2026-02-01 11:05:03) [buy]: 0.33567 USDT - rate: 0.001
2026-02-01 11:05:46,285 - freqtrade.persistence.trade_model - INFO - Updating trade (id=6) ...
2026-02-01 11:05:46,287 - freqtrade.persistence.trade_model - INFO - LIMIT_BUY has been fulfilled for Trade(id=6, pair=AVAX/USDT, amount=33.4, is_short=False, leverage=1, open_rate=10.05, open_since=2026-02-01 11:05:03).
2026-02-01 11:05:46,299 - freqtrade.wallets - INFO - Wallets synced.
2026-02-01 11:05:46,302 - freqtrade.rpc.rpc_manager - INFO - Sending rpc message: {'trade_id': 6, 'type': entry_fill, 'buy_tag': '', 'enter_tag': '', 'exchange': 'Binance', 'pair': 'AVAX/USDT', 'leverage': 1.0, 'direction': 'Long', 'limit': 10.05, 'order_rate': 10.05, 'open_rate': 10.05, 'order_type': 'limit', 'stake_amount': 335.67, 'stake_currency': 'USDT', 'base_currency': 'AVAX', 'quote_currency': 'USDT', 'fiat_currency': 'USD', 'amount': 33.4, 'open_date': datetime.datetime(2026, 2, 1, 11, 5, 3, 304946, tzinfo=datetime.timezone.utc), 'current_rate': 10.05, 'sub_trade': False}
2026-02-01 11:06:36,057 - freqtrade.worker - INFO - Bot heartbeat. PID=1, version='2026.1', state='RUNNING'
2026-02-01 11:07:36,086 - freqtrade.worker - INFO - Bot heartbeat. PID=1, version='2026.1', state='RUNNING'
